<DATE>	<TIME>	<OPEN>	<HIGH>	<LOW>	<CLOSE>	<TICKVOL>	<VOL>	<SPREAD>
2021.05.24	09:00:00	122950	123150	122700	122970	419924	1385726	5
2021.05.24	10:00:00	122970	123810	122805	123785	739026	2906353	5
2021.05.24	11:00:00	123780	123825	123115	123220	468155	1953774	5
2021.05.24	12:00:00	123215	123560	123215	123510	313267	1263939	5
2021.05.24	13:00:00	123515	124075	123450	123935	360247	1493866	5
2021.05.24	14:00:00	123930	124270	123925	124190	303403	1324589	5
2021.05.24	15:00:00	124185	124315	123910	124200	312466	1431372	5
2021.05.24	16:00:00	124200	124425	124105	124250	315316	1405851	5
2021.05.24	17:00:00	124245	124290	124140	124140	134933	544999	5
2021.05.25	09:00:00	124065	124660	124055	124450	515526	1797836	5
2021.05.25	10:00:00	124445	124930	124210	124350	740623	2983314	5
2021.05.25	11:00:00	124350	124470	124005	124100	568741	2390664	5
2021.05.25	12:00:00	124100	124110	123545	123725	472684	2083313	5
2021.05.25	13:00:00	123725	123880	123565	123755	279095	1229356	5
2021.05.25	14:00:00	123760	123850	123260	123420	370313	1650467	5
2021.05.25	15:00:00	123420	123465	123070	123080	343333	1601087	5
2021.05.25	16:00:00	123080	123240	122890	123145	349652	1662964	5
2021.05.25	17:00:00	123145	123395	123135	123315	144504	585649	5
2021.05.26	09:00:00	123520	123860	123505	123580	423181	1522344	5
2021.05.26	10:00:00	123575	124365	123565	124245	838807	3244972	5
2021.05.26	11:00:00	124240	124400	124055	124380	438721	1815030	5
2021.05.26	12:00:00	124385	124510	124090	124275	410291	1704096	5
2021.05.26	13:00:00	124270	124380	124000	124190	295701	1293597	5
2021.05.26	14:00:00	124190	124275	123800	123960	319734	1410526	5
2021.05.26	15:00:00	123965	124115	123785	123985	270075	1218493	5
2021.05.26	16:00:00	123980	124265	123965	124260	265720	1224984	5
2021.05.26	17:00:00	124260	124260	123890	123890	114601	467227	5
2021.05.27	09:00:00	123890	124295	123875	124280	375757	1349943	5
2021.05.27	10:00:00	124275	124740	124205	124475	650400	2770707	5
2021.05.27	11:00:00	124470	124620	123975	124170	599331	2629077	5
2021.05.27	12:00:00	124165	124280	123915	123940	329399	1514562	5
2021.05.27	13:00:00	123940	124080	123625	123945	371634	1738394	5
2021.05.27	14:00:00	123945	124615	123920	124460	390840	1890231	5
2021.05.27	15:00:00	124465	124570	124295	124515	315375	1544403	5
2021.05.27	16:00:00	124510	124620	124325	124340	332874	1634258	5
2021.05.27	17:00:00	124345	124610	124325	124600	162513	666996	5
2021.05.28	09:00:00	124840	124880	124420	124505	390787	1363883	5
2021.05.28	10:00:00	124505	124850	124350	124800	677566	2763088	5
2021.05.28	11:00:00	124800	125145	124625	125030	558369	2327658	5
2021.05.28	12:00:00	125025	125320	124880	125230	315542	1350541	5
2021.05.28	13:00:00	125230	125365	125090	125250	245705	1102840	5
2021.05.28	14:00:00	125250	125710	125190	125555	329616	1559616	5
2021.05.28	15:00:00	125555	125820	125535	125800	267252	1265894	5
2021.05.28	16:00:00	125795	125880	125660	125675	243560	1172468	5
2021.05.28	17:00:00	125675	125800	125475	125515	161866	646674	5
2021.05.31	09:00:00	125515	125720	125390	125585	288271	993685	5
2021.05.31	10:00:00	125585	126015	125560	125985	535352	2180714	5
2021.05.31	11:00:00	125990	126130	125760	125985	433682	1791011	5
2021.05.31	12:00:00	125985	126010	125615	125860	381852	1586010	5
2021.05.31	13:00:00	125865	126060	125655	125925	289340	1226831	5
2021.05.31	14:00:00	125920	126130	125870	126065	272842	1031536	5
2021.05.31	15:00:00	126065	126180	125895	126020	246591	908121	5
2021.05.31	16:00:00	126020	126300	125910	126290	265529	1054555	5
2021.05.31	17:00:00	126295	126340	126105	126140	150074	580687	5
2021.06.01	09:00:00	126600	127390	126345	127350	572638	1986860	5
2021.06.01	10:00:00	127345	128495	127345	127895	798388	3538667	5
2021.06.01	11:00:00	127895	128300	127870	128145	489834	2110394	5
2021.06.01	12:00:00	128145	128480	128075	128265	383742	1844460	5
2021.06.01	13:00:00	128265	128495	128200	128325	274149	1324411	5
2021.06.01	14:00:00	128330	128380	128155	128305	292317	1362912	5
2021.06.01	15:00:00	128310	128420	128250	128325	237879	1230359	5
2021.06.01	16:00:00	128325	128560	128315	128475	238917	1243530	5
2021.06.01	17:00:00	128475	128485	128330	128430	130950	567317	5
2021.06.02	09:00:00	128260	128395	128050	128345	447111	1595911	5
2021.06.02	10:00:00	128340	128865	128240	128745	801241	3366910	5
2021.06.02	11:00:00	128740	128985	128685	128875	483447	2096399	5
2021.06.02	12:00:00	128875	129225	128780	129170	354142	1655689	5
2021.06.02	13:00:00	129175	129415	129120	129180	303387	1408605	5
2021.06.02	14:00:00	129180	129535	129155	129490	313248	1471313	5
2021.06.02	15:00:00	129490	129675	129405	129535	384735	1975186	5
2021.06.02	16:00:00	129540	129595	129265	129585	328413	1683029	5
2021.06.02	17:00:00	129580	129655	129335	129430	163016	646223	5
2021.06.04	09:00:00	129105	129745	129105	129330	594491	2029839	5
2021.06.04	10:00:00	129335	129970	129305	129960	738157	2907356	5
2021.06.04	11:00:00	129955	129990	129260	129350	642366	2657023	5
2021.06.04	12:00:00	129350	129920	129200	129530	478921	1986552	5
2021.06.04	13:00:00	129535	129795	129450	129525	331892	1415291	5
2021.06.04	14:00:00	129530	129935	129390	129935	377561	1635707	5
2021.06.04	15:00:00	129935	130280	129735	130185	385133	1755821	5
2021.06.04	16:00:00	130185	130270	130055	130185	223611	1078883	5
2021.06.04	17:00:00	130180	130220	129975	130080	114506	448627	5
2021.06.07	09:00:00	130175	130185	129735	129800	529740	1796072	5
2021.06.07	10:00:00	129795	130130	129645	129690	855528	3537130	5
2021.06.07	11:00:00	129690	130265	129560	130215	635556	2836558	5
2021.06.07	12:00:00	130215	130650	130055	130600	511526	2322022	5
2021.06.07	13:00:00	130600	131075	130550	130970	439350	2047037	5
2021.06.07	14:00:00	130970	130995	130770	130895	296874	1383740	5
2021.06.07	15:00:00	130895	131360	130885	131280	347360	1737881	5
2021.06.07	16:00:00	131285	131290	130715	130820	336796	1709472	5
2021.06.07	17:00:00	130815	130920	130515	130515	153846	681045	5
2021.06.08	09:00:00	130605	130895	130600	130840	445818	1604720	5
2021.06.08	10:00:00	130845	130860	129960	130085	910265	3942910	5
2021.06.08	11:00:00	130085	130640	130060	130490	573956	2599589	5
2021.06.08	12:00:00	130490	130875	130340	130600	518293	2459956	5
2021.06.08	13:00:00	130600	130625	130030	130295	478188	2312553	5
2021.06.08	14:00:00	130295	130295	129895	130020	322945	1562466	5
2021.06.08	15:00:00	130025	130095	129320	129595	492077	2467097	5
2021.06.08	16:00:00	129595	130045	129590	129975	370860	1870391	5
2021.06.08	17:00:00	129975	130025	129600	130025	212167	885934	5
2021.06.09	09:00:00	130040	130140	129695	129920	462394	1679693	5
2021.06.09	10:00:00	129920	130130	129365	130110	1014551	4387947	5
2021.06.09	11:00:00	130110	130300	129815	130045	708484	3236736	5
2021.06.09	12:00:00	130045	130930	129995	130840	551480	2617044	5
2021.06.09	13:00:00	130840	130960	130440	130595	412985	1873734	5
2021.06.09	14:00:00	130590	130810	130415	130605	392632	1853405	5
2021.06.09	15:00:00	130600	130680	129865	130110	520087	2495058	5
2021.06.09	16:00:00	130105	130310	129805	129925	382291	1887419	5
2021.06.09	17:00:00	129925	130050	129645	129765	157355	676070	5
2021.06.10	09:00:00	129800	130440	129700	130365	646996	2383831	5
2021.06.10	10:00:00	130365	130525	129885	130010	925896	4062985	5
2021.06.10	11:00:00	130010	130440	129525	129750	822203	3658544	5
2021.06.10	12:00:00	129750	130045	129640	130010	447950	1970493	5
2021.06.10	13:00:00	130010	130025	129500	129975	449917	2038349	5
2021.06.10	14:00:00	129975	130660	129970	130325	530962	2505046	5
2021.06.10	15:00:00	130325	130640	130225	130510	414047	1912077	5
2021.06.10	16:00:00	130505	130520	130090	130210	359813	1696052	5
2021.06.10	17:00:00	130215	130270	130005	130100	158193	636882	5
2021.06.11	09:00:00	130385	130425	129865	130175	518497	1768729	5
2021.06.11	10:00:00	130170	130325	129655	129670	686683	2712115	5
2021.06.11	11:00:00	129670	129895	129070	129350	656698	2704317	5
2021.06.11	12:00:00	129355	129490	128905	129070	448684	1897852	5
2021.06.11	13:00:00	129070	129135	128640	128980	353816	1474412	5
2021.06.11	14:00:00	128980	129350	128890	129290	331780	1379401	5
2021.06.11	15:00:00	129285	129305	128930	129290	285627	1293162	5
2021.06.11	16:00:00	129285	129440	129150	129395	238813	1118298	5
2021.06.11	17:00:00	129395	129600	129315	129560	128866	518930	5
2021.06.14	09:00:00	129760	130195	129690	130050	388368	1364853	5
2021.06.14	10:00:00	130050	130760	130020	130710	735520	3068111	5
2021.06.14	11:00:00	130710	131150	130485	131120	551317	2443582	5
2021.06.14	12:00:00	131120	131135	130670	130825	387011	1696317	5
2021.06.14	13:00:00	130820	130840	130230	130350	417164	1945960	5
2021.06.14	14:00:00	130350	130410	129940	130005	398883	1892502	5
2021.06.14	15:00:00	130005	130140	129650	130060	404603	2044339	5
2021.06.14	16:00:00	130055	130200	129835	130195	369663	1850732	5
2021.06.14	17:00:00	130200	130345	130130	130210	163389	691326	5
2021.06.15	09:00:00	130380	130385	129865	130155	644884	2246198	5
2021.06.15	10:00:00	130150	130330	129730	130135	1033850	4167265	5
2021.06.15	11:00:00	130140	130265	129625	130100	717103	3167301	5
2021.06.15	12:00:00	130100	130140	129235	129510	574227	2655803	5
2021.06.15	13:00:00	129510	129970	129440	129960	397017	1867982	5
2021.06.15	14:00:00	129965	130200	129655	130105	481299	2182284	5
2021.06.15	15:00:00	130110	130195	129875	130080	394718	1813044	5
2021.06.15	16:00:00	130080	130140	129935	130115	287071	1437166	5
2021.06.15	17:00:00	130115	130150	130015	130075	102425	442011	5
2021.06.16	09:00:00	130705	131020	130580	130995	413894	1490045	5
2021.06.16	10:00:00	131000	131120	130455	130470	781299	3295985	5
2021.06.16	11:00:00	130465	130675	130255	130640	550230	2473484	5
2021.06.16	12:00:00	130635	130790	130415	130600	418852	1995180	5
2021.06.16	13:00:00	130605	131145	130530	131095	380537	1865148	5
2021.06.16	14:00:00	131095	131165	130260	130855	568528	2798232	5
2021.06.16	15:00:00	130855	130855	129085	129750	905940	3901274	5
2021.06.16	16:00:00	129750	130565	129625	129935	471687	2238928	5
2021.06.16	17:00:00	129935	130090	129855	129945	136482	545170	5
2021.06.17	09:00:00	129850	130000	129415	129560	467501	1656835	5
2021.06.17	10:00:00	129560	130745	129545	130425	885669	3721324	5
2021.06.17	11:00:00	130425	130630	130115	130325	623318	2781952	5
2021.06.17	12:00:00	130325	130405	129175	129205	691017	3147535	5
2021.06.17	13:00:00	129205	129325	128600	129035	606287	2710819	5
2021.06.17	14:00:00	129035	129380	128930	129255	450037	2030705	5
2021.06.17	15:00:00	129250	129375	128325	128380	475232	2190404	5
2021.06.17	16:00:00	128380	128900	128375	128675	374800	1833854	5
2021.06.17	17:00:00	128675	129290	128665	129290	195416	782865	5
2021.06.18	09:00:00	129350	129520	128355	128730	603140	2175408	5
2021.06.18	10:00:00	128730	129095	128390	128520	995554	3974473	5
2021.06.18	11:00:00	128525	129085	128250	128940	758751	3296732	5
2021.06.18	12:00:00	128940	129050	128450	128590	480950	2123951	5
2021.06.18	13:00:00	128590	128725	128275	128565	352312	1638141	5
2021.06.18	14:00:00	128565	129120	128400	129120	426262	1990562	5
2021.06.18	15:00:00	129120	129580	128845	128870	514949	2348251	5
2021.06.18	16:00:00	128865	129190	128725	129050	401983	1876279	5
2021.06.18	17:00:00	129050	129055	128470	128510	187378	767414	5
2021.06.21	09:00:00	128995	129440	128850	129330	476505	1606299	5
2021.06.21	10:00:00	129335	129340	128755	129000	915863	3581947	5
2021.06.21	11:00:00	128995	129850	128875	129695	632073	2596915	5
2021.06.21	12:00:00	129695	129860	129515	129590	380416	1553913	5
2021.06.21	13:00:00	129590	129740	129450	129585	325877	1381593	5
2021.06.21	14:00:00	129590	129760	129510	129705	333001	1398232	5
2021.06.21	15:00:00	129705	130230	129660	129945	447113	1939100	5
2021.06.21	16:00:00	129940	130050	129785	129990	322023	1388275	5
2021.06.21	17:00:00	129990	130040	129875	129900	137218	596000	5
2021.06.22	09:00:00	129915	129930	129225	129400	542275	2050444	5
2021.06.22	10:00:00	129405	129505	128580	128595	788506	3379247	5
2021.06.22	11:00:00	128600	128945	128480	128725	623776	2676271	5
2021.06.22	12:00:00	128730	129265	128710	129005	490736	2174609	5
2021.06.22	13:00:00	129005	129210	128835	129000	391672	1785444	5
2021.06.22	14:00:00	129000	129105	128640	128830	445419	2033909	5
2021.06.22	15:00:00	128830	129000	128675	128890	400973	1850000	5
2021.06.22	16:00:00	128890	129690	128885	129590	449710	2131520	5
2021.06.22	17:00:00	129590	129785	129430	129760	165160	682774	5
2021.06.23	09:00:00	129760	129890	129365	129470	517501	1803250	5
2021.06.23	10:00:00	129470	130600	129425	130595	847713	3493997	5
2021.06.23	11:00:00	130600	130645	130235	130310	430843	1863926	5
2021.06.23	12:00:00	130305	130480	130085	130210	384188	1690624	5
2021.06.23	13:00:00	130210	130230	129130	129155	507080	2284789	5
2021.06.23	14:00:00	129160	129470	129105	129420	366406	1652587	5
2021.06.23	15:00:00	129415	129470	128835	129275	404787	1913530	5
2021.06.23	16:00:00	129275	129430	128870	129100	360728	1773687	5
2021.06.23	17:00:00	129100	129295	129035	129240	160404	705324	5
2021.06.24	09:00:00	129685	130100	129620	130090	434567	1537796	5
2021.06.24	10:00:00	130090	130325	129655	129920	771331	3176630	5
2021.06.24	11:00:00	129920	130090	129525	129860	622324	2695712	5
2021.06.24	12:00:00	129860	130105	129500	130070	454955	1985963	5
2021.06.24	13:00:00	130075	130170	129765	130055	346470	1534678	5
2021.06.24	14:00:00	130050	130285	129955	130190	371342	1722929	5
2021.06.24	15:00:00	130195	130310	129670	129800	383534	1752851	5
2021.06.24	16:00:00	129800	130190	129795	130180	312907	1475578	5
2021.06.24	17:00:00	130175	130275	130105	130125	154224	626791	5
2021.06.25	09:00:00	130285	130410	129880	130160	553197	1965992	5
2021.06.25	10:00:00	130160	130450	129910	129980	741680	2952860	5
2021.06.25	11:00:00	129980	130090	129560	129595	540478	2317430	5
2021.06.25	12:00:00	129595	129640	129130	129450	443212	1991554	5
2021.06.25	13:00:00	129450	129530	129160	129230	301558	1358235	5
2021.06.25	14:00:00	129225	129250	128350	128690	561211	2526396	5
2021.06.25	15:00:00	128685	128780	127465	127565	623719	2891018	5
2021.06.25	16:00:00	127565	128135	127235	127930	502988	2315182	5
2021.06.25	17:00:00	127935	128145	127720	128145	199211	843098	5
2021.06.28	09:00:00	128045	128135	126945	127915	680324	2380958	5
2021.06.28	10:00:00	127915	128765	127835	128150	817965	3459818	5
2021.06.28	11:00:00	128150	128215	127280	127520	705004	2950599	5
2021.06.28	12:00:00	127520	127720	127330	127510	394418	1738819	5
2021.06.28	13:00:00	127515	127980	127270	127935	389434	1704836	5
2021.06.28	14:00:00	127935	128120	127550	128010	510229	2250881	5
2021.06.28	15:00:00	128010	128120	127660	128040	403643	1895342	5
2021.06.28	16:00:00	128035	128160	127680	128160	374805	1764353	5
2021.06.28	17:00:00	128160	128190	127925	128000	153730	628812	5
2021.06.29	09:00:00	127900	127995	127585	127880	498811	1853768	5
2021.06.29	10:00:00	127885	128100	127200	127205	843933	3842362	5
2021.06.29	11:00:00	127210	127360	126765	127320	684457	3018112	5
2021.06.29	12:00:00	127320	127775	127270	127595	514114	2361358	5
2021.06.29	13:00:00	127595	127710	127070	127275	391493	1784090	5
2021.06.29	14:00:00	127270	127610	127210	127520	411988	1876135	5
2021.06.29	15:00:00	127520	127715	127250	127670	347398	1760423	5
2021.06.29	16:00:00	127670	127920	127575	127875	320240	1563032	5
2021.06.29	17:00:00	127875	127985	127745	127775	160629	725451	5
2021.06.30	09:00:00	127400	127620	126930	127280	620561	2403032	5
2021.06.30	10:00:00	127280	127765	127115	127520	717070	3228656	5
2021.06.30	11:00:00	127520	127660	126915	127090	669154	3195728	5
2021.06.30	12:00:00	127085	127485	126750	127465	487875	2322033	5
2021.06.30	13:00:00	127465	127835	127400	127520	377481	1788983	5
2021.06.30	14:00:00	127520	127565	126910	127300	394034	1944881	5
2021.06.30	15:00:00	127305	127710	127110	127400	427621	2115349	5
2021.06.30	16:00:00	127400	127635	127215	127235	348951	1801304	5
2021.06.30	17:00:00	127235	127355	126985	126985	205389	911942	5
2021.07.01	09:00:00	127435	127640	127325	127445	443943	1649644	5
2021.07.01	10:00:00	127445	127735	126635	126760	1012081	4496838	5
2021.07.01	11:00:00	126765	126890	126055	126465	838294	3719776	5
2021.07.01	12:00:00	126460	126565	125720	126105	601665	2694883	5
2021.07.01	13:00:00	126105	126290	125855	126045	397051	1824556	5
2021.07.01	14:00:00	126045	126195	125515	125590	449815	2157054	5
2021.07.01	15:00:00	125590	125965	125485	125570	453525	2316570	5
2021.07.01	16:00:00	125575	126280	125565	126195	368570	1902332	5
2021.07.01	17:00:00	126190	126395	126055	126080	191875	859217	5
2021.07.02	09:00:00	126300	127225	126080	127140	720741	2453009	5
2021.07.02	10:00:00	127140	127385	126790	127265	746855	3106493	5
2021.07.02	11:00:00	127265	127620	126570	127480	780415	3326007	5
2021.07.02	12:00:00	127480	127760	127395	127670	389937	1757002	5
2021.07.02	13:00:00	127665	127790	127455	127615	284089	1376795	5
2021.07.02	14:00:00	127615	128070	127545	127985	337862	1566758	5
2021.07.02	15:00:00	127990	128330	127960	128145	347023	1709601	5
2021.07.02	16:00:00	128140	128310	128015	128300	270022	1385017	5
2021.07.02	17:00:00	128300	128430	128100	128420	145596	590681	5
2021.07.05	09:00:00	128000	128235	127755	128140	433734	1510941	5
2021.07.05	10:00:00	128140	128150	127300	127320	739539	2942154	5
2021.07.05	11:00:00	127320	127430	127015	127400	484948	2025355	5
2021.07.05	12:00:00	127400	127730	127355	127510	404908	1725925	5
2021.07.05	13:00:00	127515	127850	127510	127780	310291	1280110	5
2021.07.05	14:00:00	127780	127915	127350	127490	359226	1347969	5
2021.07.05	15:00:00	127490	127840	127150	127735	404096	1516574	5
2021.07.05	16:00:00	127730	127800	127410	127545	288815	1097747	5
2021.07.05	17:00:00	127545	127755	127365	127700	181771	681939	5
2021.07.06	09:00:00	127525	127625	126815	126890	679963	2518472	5
2021.07.06	10:00:00	126890	126925	126475	126675	828105	3564377	5
2021.07.06	11:00:00	126680	126710	125725	125770	819589	3676051	5
2021.07.06	12:00:00	125770	126275	125740	125955	513398	2235157	5
2021.07.06	13:00:00	125960	126060	125525	125710	460330	2059664	5
2021.07.06	14:00:00	125705	126010	125600	125730	442895	1894811	5
2021.07.06	15:00:00	125730	125730	125325	125600	458255	1994264	5
2021.07.06	16:00:00	125600	125740	125430	125470	324741	1461961	5
2021.07.06	17:00:00	125470	125580	125300	125360	133042	520474	5
2021.07.07	09:00:00	125980	126845	125900	126625	613872	2294708	5
2021.07.07	10:00:00	126625	126940	126270	126485	890756	3735977	5
2021.07.07	11:00:00	126485	126500	125670	126220	716740	3261932	5
2021.07.07	12:00:00	126215	126970	126180	126770	528059	2472736	5
2021.07.07	13:00:00	126770	127265	126590	127180	419312	1958234	5
2021.07.07	14:00:00	127175	127455	127045	127395	351994	1651638	5
2021.07.07	15:00:00	127395	127745	127240	127550	424357	2061620	5
2021.07.07	16:00:00	127545	127685	127385	127635	300167	1446990	5
2021.07.07	17:00:00	127635	127720	127395	127395	137948	602446	5
2021.07.08	09:00:00	125680	125690	124925	125055	694813	2506844	5
2021.07.08	10:00:00	125060	125835	124970	125400	906614	3697829	5
2021.07.08	11:00:00	125400	125410	124725	125305	878392	3442770	5
2021.07.08	12:00:00	125300	126260	125295	126195	603038	2598220	5
2021.07.08	13:00:00	126195	126310	125940	126180	357847	1578435	5
2021.07.08	14:00:00	126180	126440	125610	125800	461847	1972037	5
2021.07.08	15:00:00	125800	125865	125260	125700	467066	2096270	5
2021.07.08	16:00:00	125705	125940	125345	125910	451100	2064362	5
2021.07.08	17:00:00	125915	125925	125675	125700	186013	719881	5
2021.07.12	09:00:00	126550	126825	126160	126585	470003	1661894	5
2021.07.12	10:00:00	126585	127115	126560	126940	787020	3353418	5
2021.07.12	11:00:00	126945	127225	126730	127165	657843	2903916	5
2021.07.12	12:00:00	127165	127690	127035	127630	446591	2188915	5
2021.07.12	13:00:00	127625	127975	127560	127905	322136	1635620	5
2021.07.12	14:00:00	127905	128230	127835	128135	319343	1622898	5
2021.07.12	15:00:00	128130	128320	128070	128165	300556	1603179	5
2021.07.12	16:00:00	128170	128245	128055	128100	292442	1557843	5
2021.07.12	17:00:00	128100	128500	128040	128500	159969	776238	5
2021.07.13	09:00:00	128175	128195	127425	127455	640921	2360507	5
2021.07.13	10:00:00	127455	127890	127240	127320	863589	3636172	5
2021.07.13	11:00:00	127320	127825	126925	126985	701398	3176534	5
2021.07.13	12:00:00	126985	127535	126820	127530	494659	2315431	5
2021.07.13	13:00:00	127530	128175	127345	127935	454088	2073073	5
2021.07.13	14:00:00	127940	128740	127935	128665	572905	2740521	5
2021.07.13	15:00:00	128665	128945	128480	128780	388859	2007541	5
2021.07.13	16:00:00	128780	128925	128525	128645	326682	1744250	5
2021.07.13	17:00:00	128645	128990	128585	128820	134461	616658	5
2021.07.14	09:00:00	128930	129765	128720	129615	731192	2696257	5
2021.07.14	10:00:00	129615	130140	129390	129690	845737	3679007	5
2021.07.14	11:00:00	129690	129860	129115	129125	708343	3079155	5
2021.07.14	12:00:00	129120	129295	128550	128850	540627	2587750	5
2021.07.14	13:00:00	128850	129285	128785	128940	460933	2180131	5
2021.07.14	14:00:00	128940	129050	128530	128700	533811	2550873	5
2021.07.14	15:00:00	128705	129165	128635	129135	444430	2205486	5
2021.07.14	16:00:00	129130	129195	128665	128905	377368	1908574	5
2021.07.14	17:00:00	128900	129090	128755	129000	171568	788026	5
2021.07.15	09:00:00	128570	128990	128375	128610	641209	2329089	5
2021.07.15	10:00:00	128610	129485	128465	128965	1002280	4249491	5
2021.07.15	11:00:00	128965	129380	128675	128840	705584	2998975	5
2021.07.15	12:00:00	128840	128855	128040	128135	532054	2457513	5
2021.07.15	13:00:00	128135	128255	127850	128180	457120	2190204	5
2021.07.15	14:00:00	128180	128195	127430	127435	506893	2427367	5
2021.07.15	15:00:00	127435	127950	127305	127860	441697	2179943	5
2021.07.15	16:00:00	127860	128090	127730	127980	353788	1762517	5
2021.07.15	17:00:00	127985	128060	127820	128045	127275	533933	5
2021.07.16	09:00:00	128145	128480	128090	128415	591835	2000863	5
2021.07.16	10:00:00	128415	128530	127765	127950	757337	2997593	5
2021.07.16	11:00:00	127950	128170	127625	128145	702114	2978052	5
2021.07.16	12:00:00	128145	128150	127575	127675	461319	2025276	5
2021.07.16	13:00:00	127675	127725	127435	127605	348753	1582641	5
2021.07.16	14:00:00	127610	127690	127165	127240	422573	1975070	5
2021.07.16	15:00:00	127240	127250	126885	126960	376710	1802915	5
2021.07.16	16:00:00	126965	126990	126180	126370	456015	2226371	5
2021.07.16	17:00:00	126365	126490	126240	126455	181868	789599	5
2021.07.19	09:00:00	124750	124990	124250	124480	712089	2433713	5
2021.07.19	10:00:00	124475	125080	124395	124735	956264	3670376	5
2021.07.19	11:00:00	124735	124750	123985	124065	886022	3604328	5
2021.07.19	12:00:00	124060	124735	123980	124570	585933	2478116	5
2021.07.19	13:00:00	124570	124570	123800	123935	520006	2208444	5
2021.07.19	14:00:00	123935	124185	123660	123750	572940	2552947	5
2021.07.19	15:00:00	123750	124280	123725	124060	475790	2170729	5
2021.07.19	16:00:00	124055	124745	123990	124730	450147	2109412	5
2021.07.19	17:00:00	124730	125190	124605	125060	219493	991890	5
2021.07.20	09:00:00	125680	125805	124660	124785	646550	2275050	5
2021.07.20	10:00:00	124780	124985	123905	124960	1051072	4517677	5
2021.07.20	11:00:00	124955	125480	124820	125205	802510	3456031	5
2021.07.20	12:00:00	125205	125300	124760	125025	552754	2441132	5
2021.07.20	13:00:00	125020	125440	124710	125385	512457	2320785	5
2021.07.20	14:00:00	125390	125430	124800	125140	451742	2107411	5
2021.07.20	15:00:00	125140	125975	125025	125920	495350	2411338	5
2021.07.20	16:00:00	125925	126060	125585	125615	357743	1732426	5
2021.07.20	17:00:00	125620	125890	125580	125580	168022	698359	5
2021.07.21	09:00:00	125750	126130	125530	125750	641797	2392330	5
2021.07.21	10:00:00	125750	126490	125625	126420	888231	3627774	5
2021.07.21	11:00:00	126415	126480	125550	125855	691488	2941940	5
2021.07.21	12:00:00	125850	126200	125720	126090	567673	2351570	5
2021.07.21	13:00:00	126090	126300	125955	126090	345352	1496298	5
2021.07.21	14:00:00	126090	126340	126000	126095	347332	1512354	5
2021.07.21	15:00:00	126095	126265	125730	126205	377422	1818993	5
2021.07.21	16:00:00	126205	126500	126130	126325	345969	1693767	5
2021.07.21	17:00:00	126325	126510	126260	126425	134688	613460	5
2021.07.22	09:00:00	126450	126690	125950	126255	586713	2179530	5
2021.07.22	10:00:00	126250	126425	125830	125895	821306	3409954	5
2021.07.22	11:00:00	125890	126140	125690	125820	593486	2570668	5
2021.07.22	12:00:00	125820	126085	125735	125890	393956	1832791	5
2021.07.22	13:00:00	125890	126270	125885	126135	339730	1691840	5
2021.07.22	14:00:00	126135	126620	125980	126585	349202	1732421	5
2021.07.22	15:00:00	126585	126820	126530	126650	355483	1790939	5
2021.07.22	16:00:00	126645	126670	126370	126600	283283	1469775	5
2021.07.22	17:00:00	126605	126710	126570	126575	128836	584910	5
2021.07.23	09:00:00	126900	126945	126420	126615	423692	1534629	5
2021.07.23	10:00:00	126610	126620	125840	125885	690187	2956536	5
2021.07.23	11:00:00	125885	126010	125725	125955	467020	2029486	5
2021.07.23	12:00:00	125955	125975	125110	125485	458649	2092192	5
2021.07.23	13:00:00	125485	125610	125010	125045	299840	1411396	5
2021.07.23	14:00:00	125050	125435	124885	125295	378548	1821491	5
2021.07.23	15:00:00	125295	125385	124685	125065	384235	1957214	5
2021.07.23	16:00:00	125060	125340	124970	125290	292333	1500787	5
2021.07.23	17:00:00	125285	125420	124935	124985	169729	724635	5
2021.07.26	09:00:00	125110	125385	125015	125315	429272	1582895	5
2021.07.26	10:00:00	125315	126295	125215	126260	688823	3047328	5
2021.07.26	11:00:00	126255	126440	126125	126430	477367	2257800	5
2021.07.26	12:00:00	126430	126580	126320	126365	298529	1444652	5
2021.07.26	13:00:00	126365	126470	126230	126370	279263	1399029	5
2021.07.26	14:00:00	126370	126390	126080	126215	321942	1612732	5
2021.07.26	15:00:00	126215	126455	126105	126115	307304	1675874	5
2021.07.26	16:00:00	126120	126325	125940	126320	330672	1743649	5
2021.07.26	17:00:00	126320	126320	126080	126215	111087	543673	5
2021.07.27	09:00:00	125865	125955	125440	125605	432945	1645633	5
2021.07.27	10:00:00	125605	125865	125040	125230	825855	3476194	5
2021.07.27	11:00:00	125230	125370	124830	125200	656841	2929589	5
2021.07.27	12:00:00	125200	125350	124430	124575	496059	2378712	5
2021.07.27	13:00:00	124580	124590	124200	124295	390449	1875329	5
2021.07.27	14:00:00	124295	124345	123945	124080	371413	1835791	5
2021.07.27	15:00:00	124080	124590	124030	124535	354025	1823334	5
2021.07.27	16:00:00	124535	125010	124495	124995	306198	1582686	5
2021.07.27	17:00:00	124995	124995	124715	124765	142486	699542	5
2021.07.28	09:00:00	125260	125815	125245	125590	447220	1617745	5
2021.07.28	10:00:00	125590	126295	125570	126195	826397	3575455	5
2021.07.28	11:00:00	126195	126310	125240	125480	646227	2946096	5
2021.07.28	12:00:00	125475	125920	125420	125875	452887	2107722	5
2021.07.28	13:00:00	125875	126270	125785	125930	350740	1642898	5
2021.07.28	14:00:00	125925	126110	125410	125990	431535	1963378	5
2021.07.28	15:00:00	125990	127060	125550	126880	645746	3198147	5
2021.07.28	16:00:00	126880	126935	126405	126565	302955	1550364	5
2021.07.28	17:00:00	126565	126745	126305	126305	145857	703975	5
2021.07.29	09:00:00	126415	127145	126375	126645	514926	1905200	5
2021.07.29	10:00:00	126640	126745	125525	125545	853064	3995606	5
2021.07.29	11:00:00	125550	125810	125140	125400	645561	3034864	5
2021.07.29	12:00:00	125395	125955	125275	125940	459067	2132611	5
2021.07.29	13:00:00	125940	126020	125600	125775	407372	1975735	5
2021.07.29	14:00:00	125770	125920	125555	125830	326410	1552473	5
2021.07.29	15:00:00	125830	126230	125710	125955	442056	2181951	5
2021.07.29	16:00:00	125955	126170	125855	125945	298974	1625809	5
2021.07.29	17:00:00	125945	125985	125490	125490	192549	887059	5
2021.07.30	09:00:00	124840	125125	124360	124770	613008	2203206	5
2021.07.30	10:00:00	124775	125245	124380	124885	782639	3510084	5
2021.07.30	11:00:00	124880	124905	123870	123910	671442	3080643	5
2021.07.30	12:00:00	123910	124095	123715	123885	410351	1848700	5
2021.07.30	13:00:00	123880	124090	123295	123395	383195	1825303	5
2021.07.30	14:00:00	123400	123400	122765	122895	479185	2419851	5
2021.07.30	15:00:00	122900	122940	122175	122590	463670	2448858	5
2021.07.30	16:00:00	122585	122695	121830	121985	405180	2354267	5
2021.07.30	17:00:00	121980	122340	121800	122340	196801	967298	5
2021.08.02	09:00:00	123695	123700	123230	123605	505302	1824976	5
2021.08.02	10:00:00	123605	124660	123535	124655	724653	3104529	5
2021.08.02	11:00:00	124650	124805	124230	124350	658440	2904096	5
2021.08.02	12:00:00	124345	124700	123905	123920	490876	2202476	5
2021.08.02	13:00:00	123920	124685	123650	124305	522297	2368415	5
2021.08.02	14:00:00	124310	124575	123935	124260	487571	2296920	5
2021.08.02	15:00:00	124260	124345	123540	123545	489290	2466069	5
2021.08.02	16:00:00	123540	123835	122815	123050	499453	2498026	5
2021.08.02	17:00:00	123055	123180	121985	123180	326390	1507606	5
2021.08.03	09:00:00	123220	123480	121880	122785	836394	3015559	5
2021.08.03	10:00:00	122780	123150	121235	121375	1153436	4652122	5
2021.08.03	11:00:00	121380	121770	120955	121665	876113	3289714	5
2021.08.03	12:00:00	121660	122925	121640	122685	674462	2513134	5
2021.08.03	13:00:00	122680	123250	122390	123180	524199	1880268	5
2021.08.03	14:00:00	123175	123560	122765	122885	613594	2270663	5
2021.08.03	15:00:00	122890	123600	122860	123370	504666	1984417	5
2021.08.03	16:00:00	123370	124020	123335	123735	447414	1726057	5
2021.08.03	17:00:00	123730	123775	123230	123230	201204	684345	5
2021.08.04	09:00:00	123230	123820	122925	123310	875902	2948102	5
2021.08.04	10:00:00	123310	123415	122500	122725	1254926	4280187	5
2021.08.04	11:00:00	122735	122735	121655	122135	1011791	3486187	5
2021.08.04	12:00:00	122135	122195	121135	121450	592842	2289384	5
2021.08.04	13:00:00	121450	122000	121370	121680	459527	1796759	5
2021.08.04	14:00:00	121675	122490	121675	122450	559126	2215913	5
2021.08.04	15:00:00	122455	122710	122025	122255	499432	2042475	5
2021.08.04	16:00:00	122255	122520	121865	121940	398541	1688904	5
2021.08.04	17:00:00	121940	122115	121655	122020	222874	787531	5
2021.08.05	09:00:00	123250	123800	123215	123440	589198	1836966	5
2021.08.05	10:00:00	123435	123800	123005	123455	1089302	3934096	5
2021.08.05	11:00:00	123450	123800	122935	123315	856246	3176728	5
2021.08.05	12:00:00	123315	123465	122590	122730	601676	2379726	5
2021.08.05	13:00:00	122735	122950	122205	122255	529855	1968635	5
2021.08.05	14:00:00	122260	122325	121665	121990	540743	2101487	5
2021.08.05	15:00:00	121995	122155	121230	121540	551818	2303879	5
2021.08.05	16:00:00	121535	121985	121450	121715	393849	1646609	5
2021.08.05	17:00:00	121715	121860	120835	121100	268534	935299	5
2021.08.06	09:00:00	121520	122100	121100	121865	816253	2342720	5
2021.08.06	10:00:00	121865	122685	121810	122235	967750	3380482	5
2021.08.06	11:00:00	122235	122435	121660	122325	701723	2550868	5
2021.08.06	12:00:00	122325	123225	122145	123085	542322	2166209	5
2021.08.06	13:00:00	123085	123290	122755	123070	441071	1807586	5
2021.08.06	14:00:00	123075	123470	122910	122910	366516	1476398	5
2021.08.06	15:00:00	122915	123180	122850	122930	338358	1423541	5
2021.08.06	16:00:00	122930	123030	122775	122965	281876	1247103	5
2021.08.06	17:00:00	122960	123070	122825	123070	174866	610396	5
2021.08.09	09:00:00	122500	122590	122160	122340	481664	1539604	5
2021.08.09	10:00:00	122340	123565	122280	123500	890223	3435213	5
2021.08.09	11:00:00	123500	123550	122350	122390	827501	3303322	5
2021.08.09	12:00:00	122385	123255	122325	123065	576236	2386197	5
2021.08.09	13:00:00	123065	123230	122835	123050	410091	1690615	5
2021.08.09	14:00:00	123050	123790	122975	123490	552628	2280061	5
2021.08.09	15:00:00	123490	123680	123260	123275	368198	1527397	5
2021.08.09	16:00:00	123270	123435	122950	122985	324432	1396834	5
2021.08.09	17:00:00	122985	123090	122720	123015	203241	781753	5
2021.08.10	09:00:00	123285	123575	123105	123295	564005	1861825	5
2021.08.10	10:00:00	123300	123655	122850	123315	1072706	4036444	5
2021.08.10	11:00:00	123315	123545	122950	123475	740834	2924883	5
2021.08.10	12:00:00	123475	123660	123125	123175	518143	2136628	5
2021.08.10	13:00:00	123180	123340	122730	123175	499827	2064550	5
2021.08.10	14:00:00	123175	123230	122400	122615	496228	2097472	5
2021.08.10	15:00:00	122615	122805	122305	122605	434382	1871746	5
2021.08.10	16:00:00	122610	122680	122175	122265	332620	1510304	5
2021.08.10	17:00:00	122265	122500	122150	122450	213581	794646	5
2021.08.11	09:00:00	122725	122820	121865	122520	785883	2560487	5
2021.08.11	10:00:00	122520	122585	121170	121415	1113808	4201279	5
2021.08.11	11:00:00	121415	121530	120855	121315	718429	2746403	5
2021.08.11	12:00:00	121320	122150	121140	122090	620380	2490198	5
2021.08.11	13:00:00	122090	122635	121970	122610	483710	2021402	5
2021.08.11	14:00:00	122610	122900	122560	122770	447207	1881686	5
2021.08.11	15:00:00	122770	122780	122480	122600	371706	1658837	5
2021.08.11	16:00:00	122600	122680	122105	122225	392004	1763777	5
2021.08.11	17:00:00	122220	122225	121930	122130	190368	759823	5
2021.08.12	09:00:00	122390	122455	121520	121740	621857	2147913	5
2021.08.12	10:00:00	121745	121745	121065	121400	894279	3430469	5
2021.08.12	11:00:00	121405	121520	120530	121015	750465	2951227	5
2021.08.12	12:00:00	121020	121455	120955	121380	472008	1934874	5
2021.08.12	13:00:00	121380	121910	121325	121640	429675	1801156	5
2021.08.12	14:00:00	121645	121740	120950	121070	527430	2181762	5
2021.08.12	15:00:00	121065	121135	120745	121060	446875	1934358	5
2021.08.12	16:00:00	121065	121245	120500	120615	441283	1872567	5
2021.08.12	17:00:00	120615	120800	120370	120700	228637	834280	5
2021.08.13	09:00:00	120890	121300	120725	121245	645937	2225922	5
2021.08.13	10:00:00	121250	121265	120140	120220	1008471	3622473	5
2021.08.13	11:00:00	120220	120715	119940	120425	860165	3140091	5
2021.08.13	12:00:00	120420	120895	120345	120890	555471	2104043	5
2021.08.13	13:00:00	120890	121140	120600	121000	464877	1780111	5
2021.08.13	14:00:00	121005	121240	120545	120605	468246	1799183	5
2021.08.13	15:00:00	120605	120960	120390	120890	530297	2097601	5
2021.08.13	16:00:00	120890	121335	120875	121090	406860	1735614	5
2021.08.13	17:00:00	121090	121295	121005	121195	232371	824062	5
2021.08.16	09:00:00	120550	120600	120015	120545	449949	1605958	5
2021.08.16	10:00:00	120545	120760	119520	119665	891214	3686397	5
2021.08.16	11:00:00	119670	119845	119320	119485	696148	2887241	5
2021.08.16	12:00:00	119480	119630	118820	119065	626011	2652527	5
2021.08.16	13:00:00	119060	119245	118700	119160	512914	2152149	5
2021.08.16	14:00:00	119165	119575	119075	119275	515206	2248883	5
2021.08.16	15:00:00	119275	119460	118870	119190	522796	2309075	5
2021.08.16	16:00:00	119190	119335	118980	119100	456541	2052921	5
2021.08.16	17:00:00	119100	119630	119065	119630	227323	942804	5
2021.08.17	09:00:00	119315	119340	118435	118835	877564	3006706	5
2021.08.17	10:00:00	118835	119125	118060	118210	1144568	4658910	5
2021.08.17	11:00:00	118205	118740	118110	118135	863282	3498704	5
2021.08.17	12:00:00	118140	118465	117610	117695	656317	2826348	5
2021.08.17	13:00:00	117700	117890	116685	116740	661220	2856203	5
2021.08.17	14:00:00	116745	117150	116220	116620	705433	3102945	5
2021.08.17	15:00:00	116620	117220	116465	117145	623172	2731220	5
2021.08.17	16:00:00	117150	117775	117060	117750	468185	2210179	5
2021.08.17	17:00:00	117745	117920	117125	117150	334930	1321431	5
2021.08.18	09:00:00	118890	118965	117965	118340	650214	2056038	5
2021.08.18	10:00:00	118335	118555	117465	118365	984572	3808892	5
2021.08.18	11:00:00	118365	118375	117290	117815	900121	3539711	5
2021.08.18	12:00:00	117815	118165	117485	118000	687539	2756307	5
2021.08.18	13:00:00	117995	118615	117610	118615	523371	2146419	5
2021.08.18	14:00:00	118610	119685	118570	119195	576639	2487281	5
2021.08.18	15:00:00	119195	119490	118275	118345	650373	2708352	5
2021.08.18	16:00:00	118345	118670	117135	117220	563778	2453046	5
2021.08.18	17:00:00	117225	117370	116470	116960	300148	1138909	5
2021.08.19	09:00:00	115200	115850	114825	115435	809439	2619569	5
2021.08.19	10:00:00	115440	116545	115435	116370	1121711	4095107	5
2021.08.19	11:00:00	116370	116750	115670	116280	946544	3723206	5
2021.08.19	12:00:00	116280	117025	115940	116950	742472	3035818	5
2021.08.19	13:00:00	116950	117695	116840	117515	566469	2364269	5
2021.08.19	14:00:00	117515	118415	117130	117610	713374	3067453	5
2021.08.19	15:00:00	117610	118095	117320	117985	627778	2816040	5
2021.08.19	16:00:00	117985	118270	117795	117945	507826	2274045	5
2021.08.19	17:00:00	117945	118245	117810	118040	244203	932057	5
2021.08.20	09:00:00	117280	117470	116670	116700	564807	2046538	5
2021.08.20	10:00:00	116700	117515	116425	117275	1101088	4305823	5
2021.08.20	11:00:00	117275	117795	117055	117715	917280	3344389	5
2021.08.20	12:00:00	117715	118315	117640	118110	582847	2136242	5
2021.08.20	13:00:00	118105	118825	118080	118685	465828	1709582	5
2021.08.20	14:00:00	118680	118715	118275	118690	447854	1774365	5
2021.08.20	15:00:00	118695	119160	118630	118830	442860	1807133	5
2021.08.20	16:00:00	118825	119030	118480	118715	438415	1727415	5
2021.08.20	17:00:00	118715	118960	118550	118935	217181	780998	5
2021.08.23	09:00:00	119300	119595	118910	118945	560680	1866614	5
2021.08.23	10:00:00	118945	119120	118230	118645	1066853	3947551	5
2021.08.23	11:00:00	118640	118735	118230	118675	822172	3123771	5
2021.08.23	12:00:00	118675	118850	117800	117970	725213	2832782	5
2021.08.23	13:00:00	117970	118240	117745	118200	415565	1573525	5
2021.08.23	14:00:00	118200	118635	118090	118280	501028	1981596	5
2021.08.23	15:00:00	118280	118470	118025	118340	446031	1896881	5
2021.08.23	16:00:00	118335	118615	118265	118305	384943	1709944	5
2021.08.23	17:00:00	118305	118385	117785	118060	311836	1257525	5
2021.08.24	09:00:00	118910	119560	118880	119440	520784	1827353	5
2021.08.24	10:00:00	119440	120405	119410	120190	817785	3385967	5
2021.08.24	11:00:00	120190	121090	120040	120915	710707	3017471	5
2021.08.24	12:00:00	120915	121170	120720	120740	453195	1923108	5
2021.08.24	13:00:00	120740	121005	120570	120815	501146	2202993	5
2021.08.24	14:00:00	120815	121135	120725	120820	480785	2124001	5
2021.08.24	15:00:00	120815	121245	120780	121100	397711	1812281	5
2021.08.24	16:00:00	121100	121135	120685	120810	321396	1496340	5
2021.08.24	17:00:00	120815	121275	120715	121275	221323	963863	5
2021.08.25	09:00:00	121145	121215	120320	120410	654752	2435250	5
2021.08.25	10:00:00	120415	120625	119845	120215	880949	3443069	5
2021.08.25	11:00:00	120220	120655	120160	120360	731597	2891923	5
2021.08.25	12:00:00	120360	120680	120215	120445	526006	2171416	5
2021.08.25	13:00:00	120445	120525	120110	120265	386109	1598461	5
2021.08.25	14:00:00	120260	120650	120200	120640	372481	1623987	5
2021.08.25	15:00:00	120635	121325	120590	121205	503577	2301844	5
2021.08.25	16:00:00	121205	121550	121030	121475	377356	1722818	5
2021.08.25	17:00:00	121475	121590	121260	121390	193243	784178	5
2021.08.26	09:00:00	121050	121185	120585	120740	530743	1813878	5
2021.08.26	10:00:00	120740	121480	120595	121455	953480	3782283	5
2021.08.26	11:00:00	121460	121560	120615	120705	870526	3521201	5
2021.08.26	12:00:00	120705	120710	120015	120405	632052	2699413	5
2021.08.26	13:00:00	120405	120690	120215	120350	415085	1742565	5
2021.08.26	14:00:00	120345	120520	119980	120030	443354	1897550	5
2021.08.26	15:00:00	120030	120070	119700	119775	444184	1974670	5
2021.08.26	16:00:00	119770	120040	119345	119470	516861	2361969	5
2021.08.26	17:00:00	119470	119575	119030	119575	263327	1011580	5
2021.08.27	09:00:00	119985	120130	119715	120040	498174	1715538	5
2021.08.27	10:00:00	120035	120465	119660	120285	864510	3326045	5
2021.08.27	11:00:00	120285	120890	120165	120660	680250	2811987	5
2021.08.27	12:00:00	120660	121030	120380	120880	453682	1933908	5
2021.08.27	13:00:00	120880	121125	120725	121040	322511	1378269	5
2021.08.27	14:00:00	121045	121125	120775	121005	330647	1392423	5
2021.08.27	15:00:00	121000	121170	120830	120875	353739	1550622	5
2021.08.27	16:00:00	120875	121390	120855	121370	297185	1402229	5
2021.08.27	17:00:00	121365	121400	120850	120850	173677	691854	5
2021.08.30	09:00:00	121120	121200	120555	120555	423681	1419265	5
2021.08.30	10:00:00	120555	120975	119900	119985	815517	3345784	5
2021.08.30	11:00:00	119985	120685	119970	120675	594841	2534067	5
2021.08.30	12:00:00	120675	120935	120540	120865	461709	2048769	5
2021.08.30	13:00:00	120860	121020	120635	120870	369039	1632119	5
2021.08.30	14:00:00	120865	120895	120160	120200	527420	2268339	5
2021.08.30	15:00:00	120200	120580	120130	120545	351101	1621305	5
2021.08.30	16:00:00	120540	120575	120225	120305	350461	1627865	5
2021.08.30	17:00:00	120300	120685	120205	120630	198101	800758	5
2021.08.31	09:00:00	120190	120420	119805	120215	673149	2218526	5
2021.08.31	10:00:00	120215	120795	119865	120010	992536	3769135	5
2021.08.31	11:00:00	120010	120550	119985	120145	810632	3097926	5
2021.08.31	12:00:00	120140	120395	119480	119510	710312	2806458	5
2021.08.31	13:00:00	119510	119705	118825	118865	586896	2375979	5
2021.08.31	14:00:00	118870	119045	118415	118545	531400	2304692	5
2021.08.31	15:00:00	118545	119015	118455	118755	463829	2006177	5
2021.08.31	16:00:00	118755	119185	118530	118920	428890	1945221	5
2021.08.31	17:00:00	118915	119310	118880	119200	273758	1042929	5
2021.09.01	09:00:00	119400	119665	119005	119635	620217	2067617	5
2021.09.01	10:00:00	119635	119705	118625	119625	1099948	4229527	5
2021.09.01	11:00:00	119620	119980	119440	119875	702151	2730418	5
2021.09.01	12:00:00	119875	120040	119190	119525	630312	2515310	5
2021.09.01	13:00:00	119525	119940	119450	119720	492444	1954122	5
2021.09.01	14:00:00	119715	120560	119660	120400	509391	2162957	5
2021.09.01	15:00:00	120400	120615	120065	120120	399945	1774566	5
2021.09.01	16:00:00	120125	120235	119855	119930	415625	1815002	5
2021.09.01	17:00:00	119925	119940	119080	119180	274492	1088954	5
2021.09.02	09:00:00	119595	119735	119140	119265	671531	2326284	5
2021.09.02	10:00:00	119260	119330	118085	118285	1074600	4150482	5
2021.09.02	11:00:00	118285	119040	118160	118795	836265	3302071	5
2021.09.02	12:00:00	118790	119140	118325	118555	741649	2817817	5
2021.09.02	13:00:00	118555	118645	118025	118240	561589	2257489	5
2021.09.02	14:00:00	118235	118520	117805	117885	642284	2639715	5
2021.09.02	15:00:00	117880	118040	117330	117540	561030	2247613	5
2021.09.02	16:00:00	117535	117585	117040	117325	413910	1707822	5
2021.09.02	17:00:00	117330	117365	116920	117160	248637	947034	5
2021.09.03	09:00:00	117665	118350	117520	118145	796501	2492344	5
2021.09.03	10:00:00	118145	118200	117250	117380	1092830	3846395	5
2021.09.03	11:00:00	117375	117480	116620	116645	765551	2943888	5
2021.09.03	12:00:00	116640	116940	116295	116390	551885	2225629	5
2021.09.03	13:00:00	116385	116730	116115	116200	470704	1904368	5
2021.09.03	14:00:00	116200	116395	116085	116165	408959	1706768	5
2021.09.03	15:00:00	116165	117185	116130	117155	503310	2171623	5
2021.09.03	16:00:00	117155	117220	116855	117035	361856	1529095	5
2021.09.03	17:00:00	117035	117360	116505	116855	284486	1053880	5
2021.09.06	09:00:00	117200	117305	116530	116670	478554	1498974	5
2021.09.06	10:00:00	116675	117575	116620	117555	793409	2910089	5
2021.09.06	11:00:00	117550	118040	117425	117935	538477	2170508	5
2021.09.06	12:00:00	117940	118040	117570	117760	405672	1613716	5
2021.09.06	13:00:00	117760	118310	117690	118095	371445	1446899	5
2021.09.06	14:00:00	118100	118585	118085	118430	297157	1131808	5
2021.09.06	15:00:00	118435	118550	118065	118260	363537	1359064	5
2021.09.06	16:00:00	118260	118510	118070	118250	299833	1151532	5
2021.09.06	17:00:00	118255	118450	118125	118370	200195	723635	5
2021.09.08	09:00:00	117150	117920	117010	117890	625837	2093102	5
2021.09.08	10:00:00	117890	117980	116320	116330	1098449	4255959	5
2021.09.08	11:00:00	116330	116510	115055	115240	875714	3641628	5
2021.09.08	12:00:00	115245	115345	114785	115265	662693	2728398	5
2021.09.08	13:00:00	115270	115550	114670	115140	709874	2816006	5
2021.09.08	14:00:00	115140	115330	114555	115000	625328	2504544	5
2021.09.08	15:00:00	115005	115275	114575	114645	496443	2085989	5
2021.09.08	16:00:00	114645	114680	113570	113805	615351	2710604	5
2021.09.08	17:00:00	113810	114085	113610	113830	275971	1019187	5
2021.09.09	09:00:00	114570	114930	113500	114145	1236816	3897780	5
2021.09.09	10:00:00	114150	114750	113655	114230	1323308	4461258	5
2021.09.09	11:00:00	114230	114485	113840	113970	816691	2903242	5
2021.09.09	12:00:00	113970	114105	113100	113480	761562	2740306	5
2021.09.09	13:00:00	113485	114460	113475	114145	635403	2311623	5
2021.09.09	14:00:00	114145	114235	113005	113160	735320	2766968	5
2021.09.09	15:00:00	113160	113560	112815	113265	640997	2531470	5
2021.09.09	16:00:00	113265	117245	113010	115840	691419	2707064	5
2021.09.09	17:00:00	115845	117080	115455	117080	455402	1288842	5
2021.09.10	09:00:00	117250	118195	117250	117270	780958	2170224	5
2021.09.10	10:00:00	117275	117350	116125	116365	1218567	3819018	5
2021.09.10	11:00:00	116365	116580	115670	115880	919457	2963714	5
2021.09.10	12:00:00	115885	116345	115735	116030	654470	2107926	5
2021.09.10	13:00:00	116030	116505	115920	116250	526929	1721478	5
2021.09.10	14:00:00	116250	116405	114680	115580	899726	3013926	5
2021.09.10	15:00:00	115580	115985	115340	115750	592527	2062564	5
2021.09.10	16:00:00	115745	115865	114630	114785	533747	1909124	5
2021.09.10	17:00:00	114785	114995	114400	114680	328606	959980	5
2021.09.13	09:00:00	115600	116445	115515	116370	652484	1944852	5
2021.09.13	10:00:00	116365	116685	115875	116515	1316261	4157815	5
2021.09.13	11:00:00	116515	117150	116035	116960	1121575	3699927	5
2021.09.13	12:00:00	116960	117455	116630	117240	696164	2191905	5
2021.09.13	13:00:00	117235	117585	116980	117070	574269	1883030	5
2021.09.13	14:00:00	117065	117295	116740	116920	535298	1766640	5
2021.09.13	15:00:00	116920	117370	116530	117240	694083	2395119	5
2021.09.13	16:00:00	117240	117245	116625	116735	505358	1682176	5
2021.09.13	17:00:00	116735	117075	116680	116680	269204	806385	5
2021.09.14	09:00:00	116300	117145	115980	117015	912751	2607753	5
2021.09.14	10:00:00	117015	117735	116725	117015	1132719	3703379	5
2021.09.14	11:00:00	117010	117300	116525	116705	914358	3013151	5
2021.09.14	12:00:00	116700	117620	116675	117595	589287	2025600	5
2021.09.14	13:00:00	117595	117715	117250	117305	450775	1591954	5
2021.09.14	14:00:00	117305	117470	117015	117360	552425	1970067	5
2021.09.14	15:00:00	117360	117435	116825	116940	502431	1853497	5
2021.09.14	16:00:00	116940	116970	116200	116555	622658	2259730	5
2021.09.14	17:00:00	116560	116900	116325	116900	240041	732436	5
2021.09.15	09:00:00	116650	116980	116435	116770	714074	2032315	5
2021.09.15	10:00:00	116770	116770	115585	116040	1165159	3832666	5
2021.09.15	11:00:00	116040	116100	115260	115415	888648	2953050	5
2021.09.15	12:00:00	115415	115630	115105	115495	519211	1775482	5
2021.09.15	13:00:00	115500	115760	115265	115625	522680	1805207	5
2021.09.15	14:00:00	115625	115670	115115	115430	535271	1782548	5
2021.09.15	15:00:00	115425	115670	115320	115525	421580	1508181	5
2021.09.15	16:00:00	115525	115555	115235	115515	354648	1317869	5
2021.09.15	17:00:00	115510	115600	115410	115600	171326	518271	5
2021.09.16	09:00:00	114845	115130	114430	114555	842954	2450544	5
2021.09.16	10:00:00	114560	114850	113710	113875	1229067	3860185	5
2021.09.16	11:00:00	113880	114500	113705	114350	881423	2782657	5
2021.09.16	12:00:00	114355	114655	114025	114295	591747	1962775	5
2021.09.16	13:00:00	114295	114310	113860	114175	430582	1447924	5
2021.09.16	14:00:00	114175	114580	113960	114385	404351	1417920	5
2021.09.16	15:00:00	114390	114675	114050	114185	462630	1689656	5
2021.09.16	16:00:00	114185	114455	113825	114340	441270	1630575	5
2021.09.16	17:00:00	114340	114615	114045	114410	243103	764140	5
2021.09.17	09:00:00	113780	114145	113555	114035	735157	2207863	5
2021.09.17	10:00:00	114035	114115	112415	112535	1071174	3650268	5
2021.09.17	11:00:00	112535	112600	111655	111750	780049	2837651	5
2021.09.17	12:00:00	111745	112060	111575	111865	532825	1901741	5
2021.09.17	13:00:00	111860	111955	111425	111680	494542	1868043	5
2021.09.17	14:00:00	111685	111985	111530	111730	469633	1663168	5
2021.09.17	15:00:00	111725	112210	111690	112060	461820	1784897	5
2021.09.17	16:00:00	112065	112195	111560	111775	549209	2055746	5
2021.09.17	17:00:00	111770	111800	111205	111205	258746	818764	5
2021.09.20	09:00:00	109205	109385	108725	109340	793142	2382744	5
2021.09.20	10:00:00	109335	110165	108920	109185	1358708	4296879	5
2021.09.20	11:00:00	109185	109475	108610	108705	979975	3202223	5
2021.09.20	12:00:00	108710	108895	107925	108155	689932	2470295	5
2021.09.20	13:00:00	108160	108310	107825	107940	611998	2159220	5
2021.09.20	14:00:00	107940	108635	107800	108350	578589	2048823	5
2021.09.20	15:00:00	108345	108425	107875	108020	609710	2234676	5
2021.09.20	16:00:00	108025	109220	107950	109110	649647	2403165	5
2021.09.20	17:00:00	109105	109775	108915	109710	338274	1060888	5
2021.09.21	09:00:00	110600	110875	109745	109855	838979	2489191	5
2021.09.21	10:00:00	109860	110135	109175	110040	1366803	4550861	5
2021.09.21	11:00:00	110040	110320	109330	109635	1100784	3587244	5
2021.09.21	12:00:00	109640	110710	109450	110620	796061	2636945	5
2021.09.21	13:00:00	110625	111160	110605	110755	621541	2233259	5
2021.09.21	14:00:00	110750	111190	110665	110940	600697	2109276	5
2021.09.21	15:00:00	110940	111085	110350	110755	580961	2178886	5
2021.09.21	16:00:00	110755	110965	110365	110385	558130	2047564	5
2021.09.21	17:00:00	110380	110625	109955	110240	347809	1141988	5
2021.09.22	09:00:00	111500	112460	111500	111990	748736	2252112	5
2021.09.22	10:00:00	111995	112695	111910	112525	943956	3079921	5
2021.09.22	11:00:00	112525	112810	112060	112195	742646	2545601	5
2021.09.22	12:00:00	112195	113165	112115	113010	636152	2295649	5
2021.09.22	13:00:00	113010	113135	112785	112940	405935	1416104	5
2021.09.22	14:00:00	112940	113250	112750	113075	469332	1757781	5
2021.09.22	15:00:00	113070	113605	112170	112690	924898	3289300	5
2021.09.22	16:00:00	112685	113280	112485	112560	616449	2259934	5
2021.09.22	17:00:00	112560	112725	112270	112435	270476	912174	5
2021.09.23	09:00:00	112895	113395	112770	112975	629688	1889397	5
2021.09.23	10:00:00	112970	113945	112670	113805	1200258	3898861	5
2021.09.23	11:00:00	113800	114015	113510	113880	767448	2525224	5
2021.09.23	12:00:00	113880	114460	113585	114440	635180	2239010	5
2021.09.23	13:00:00	114435	114575	114225	114265	490588	1751394	5
2021.09.23	14:00:00	114265	114640	114185	114445	454944	1637591	5
2021.09.23	15:00:00	114445	114465	113950	114145	427064	1596750	5
2021.09.23	16:00:00	114140	114255	113925	114240	389213	1436454	5
2021.09.23	17:00:00	114240	114400	114010	114010	258830	816184	5
2021.09.24	09:00:00	113265	113495	112990	113190	690938	2013176	5
2021.09.24	10:00:00	113195	113690	112805	113255	1069216	3371427	5
2021.09.24	11:00:00	113255	113595	112685	112790	898024	2940085	5
2021.09.24	12:00:00	112795	113445	112655	113375	558406	1949567	5
2021.09.24	13:00:00	113375	113820	113110	113130	514412	1939133	5
2021.09.24	14:00:00	113130	113580	113110	113350	489754	1783917	5
2021.09.24	15:00:00	113350	113780	113240	113725	377294	1378173	5
2021.09.24	16:00:00	113720	113740	113315	113520	410584	1527798	5
2021.09.24	17:00:00	113520	113750	113455	113750	179781	558670	5
2021.09.27	09:00:00	114080	114150	113120	113500	628954	2026205	5
2021.09.27	10:00:00	113495	113730	112870	113715	1000909	3597081	5
2021.09.27	11:00:00	113715	114020	113575	113765	699323	2679235	5
2021.09.27	12:00:00	113760	113880	113365	113555	533161	2052317	5
2021.09.27	13:00:00	113555	114115	113480	113830	483231	1928048	5
2021.09.27	14:00:00	113835	113920	113315	113495	449786	1871061	5
2021.09.27	15:00:00	113495	113660	112355	112855	713733	2925464	5
2021.09.27	16:00:00	112855	115115	112805	113715	601391	2423417	5
2021.09.27	17:00:00	113715	113830	113335	113400	234487	870941	5
2021.09.28	09:00:00	112555	112940	112270	112780	723428	2185562	5
2021.09.28	10:00:00	112780	113360	112430	112710	1144490	3887258	5
2021.09.28	11:00:00	112710	112800	111360	111520	1123999	3999219	5
2021.09.28	12:00:00	111520	111625	111050	111330	693502	2496164	5
2021.09.28	13:00:00	111325	111650	110875	110995	534619	1959239	5
2021.09.28	14:00:00	111000	111120	110270	110285	637964	2390777	5
2021.09.28	15:00:00	110285	110680	110105	110575	565724	2241308	5
2021.09.28	16:00:00	110570	110795	110205	110305	607990	2376482	5
2021.09.28	17:00:00	110310	110395	109980	110020	245231	892208	5
2021.09.29	09:00:00	110700	111355	110630	111145	804020	2468754	5
2021.09.29	10:00:00	111145	111440	110490	111295	1265371	4218896	5
2021.09.29	11:00:00	111295	111975	111240	111880	760532	2656880	5
2021.09.29	12:00:00	111875	112195	111590	111960	635445	2495857	5
2021.09.29	13:00:00	111965	112120	111460	111820	530358	2007587	5
2021.09.29	14:00:00	111825	111885	110845	111150	657492	2585122	5
2021.09.29	15:00:00	111150	111585	111005	111005	569938	2162921	5
2021.09.29	16:00:00	111010	111535	110880	111020	517069	2059858	5
2021.09.29	17:00:00	111020	111465	111005	111140	267996	903892	5
2021.09.30	09:00:00	111650	112365	111525	112120	669472	2141211	5
2021.09.30	10:00:00	112120	112475	111555	112220	1129410	3943864	5
2021.09.30	11:00:00	112225	112455	111710	111860	942769	3364816	5
2021.09.30	12:00:00	111860	112515	111530	111950	769312	2885097	5
2021.09.30	13:00:00	111950	112075	111010	111575	730611	2678674	5
2021.09.30	14:00:00	111570	111825	111215	111530	591890	2153734	5
2021.09.30	15:00:00	111530	111925	111280	111415	627255	2385443	5
2021.09.30	16:00:00	111415	111685	110640	110655	561918	2187156	5
2021.09.30	17:00:00	110655	110940	110460	110690	239558	820042	5
2021.10.01	09:00:00	111050	111345	110930	111290	693394	2210057	5
2021.10.01	10:00:00	111295	111980	111205	111795	948915	3383863	5
2021.10.01	11:00:00	111790	112140	111410	111790	991888	3672549	5
2021.10.01	12:00:00	111790	112425	111650	112215	725094	2658837	5
2021.10.01	13:00:00	112210	112400	112055	112290	400999	1531863	5
2021.10.01	14:00:00	112290	113065	112220	112950	493873	1990587	5
2021.10.01	15:00:00	112955	113150	112760	112845	410528	1692910	5
2021.10.01	16:00:00	112840	112995	112670	112760	382769	1586405	5
2021.10.01	17:00:00	112760	113120	112715	113120	235648	785872	5
2021.10.04	09:00:00	112300	112420	112000	112280	551647	1720335	5
2021.10.04	10:00:00	112280	112300	111235	111550	1044588	3644902	5
2021.10.04	11:00:00	111550	111620	110515	110690	956142	3614454	5
2021.10.04	12:00:00	110690	110820	109900	110370	725389	2813340	5
2021.10.04	13:00:00	110370	110450	110105	110250	502749	1974903	5
2021.10.04	14:00:00	110255	110435	110100	110235	506594	2024679	5
2021.10.04	15:00:00	110235	110570	110210	110380	541367	2106638	5
2021.10.04	16:00:00	110380	110640	110110	110420	626115	2395534	5
2021.10.04	17:00:00	110425	110475	110185	110400	252877	901205	5
2021.10.05	09:00:00	111070	111265	110655	110910	845352	2552726	5
2021.10.05	10:00:00	110915	111060	110060	110555	1288130	4283863	5
2021.10.05	11:00:00	110555	111020	110460	110800	901661	3325608	5
2021.10.05	12:00:00	110800	111645	110745	111570	706637	2834559	5
2021.10.05	13:00:00	111570	111815	111485	111550	456252	1752680	5
2021.10.05	14:00:00	111545	111630	111040	111095	518728	1978518	5
2021.10.05	15:00:00	111090	111260	110635	110935	564849	2208479	5
2021.10.05	16:00:00	110930	111170	110200	110305	535186	2113058	5
2021.10.05	17:00:00	110305	110570	110155	110300	243824	837378	5
2021.10.06	09:00:00	109290	109320	108210	108805	906286	2836548	5
2021.10.06	10:00:00	108805	109695	108715	108805	1355911	4645812	5
2021.10.06	11:00:00	108810	109265	108120	109230	1143491	4303921	5
2021.10.06	12:00:00	109225	109425	108660	109270	691933	2477951	5
2021.10.06	13:00:00	109275	109380	108515	109020	619951	2369838	5
2021.10.06	14:00:00	109025	109750	108725	109735	688983	2738284	5
2021.10.06	15:00:00	109735	110485	109585	110255	677553	2791092	5
2021.10.06	16:00:00	110255	110665	110215	110535	390482	1607168	5
2021.10.06	17:00:00	110540	110790	110445	110695	187587	719553	5
2021.10.07	09:00:00	111765	111765	110880	110935	721747	2281833	5
2021.10.07	10:00:00	110930	111135	110530	110895	1133180	3855612	5
2021.10.07	11:00:00	110895	111280	110575	111010	909322	3241573	5
2021.10.07	12:00:00	111005	111265	110635	111230	664336	2483911	5
2021.10.07	13:00:00	111230	111485	110955	111140	563371	2086649	5
2021.10.07	14:00:00	111140	111290	110735	110965	575781	2202485	5
2021.10.07	15:00:00	110970	111480	110850	110955	594904	2245414	5
2021.10.07	16:00:00	110955	111235	110680	110745	440284	1676579	5
2021.10.07	17:00:00	110745	110980	110475	110980	244330	891584	5
2021.10.08	09:00:00	111345	112140	111245	111820	844985	2596082	5
2021.10.08	10:00:00	111820	112855	111815	112730	1007735	3514536	5
2021.10.08	11:00:00	112725	113490	112720	113320	760511	3115957	5
2021.10.08	12:00:00	113320	114485	113265	113935	739459	2948983	5
2021.10.08	13:00:00	113935	114000	113570	113710	447969	1834383	5
2021.10.08	14:00:00	113705	113855	113395	113620	465208	1947453	5
2021.10.08	15:00:00	113615	113755	113220	113245	433022	1865296	5
2021.10.08	16:00:00	113245	113360	112900	113070	407102	1790568	5
2021.10.08	17:00:00	113075	113085	112800	113000	186463	741189	5
2021.10.11	09:00:00	113200	113615	113030	113150	639941	2005972	5
2021.10.11	10:00:00	113150	113960	112670	113555	1118058	3872421	5
2021.10.11	11:00:00	113555	113595	113100	113200	882707	3167197	5
2021.10.11	12:00:00	113195	113805	113120	113620	623587	2145725	5
2021.10.11	13:00:00	113620	113650	113075	113260	518709	1904487	5
2021.10.11	14:00:00	113255	113280	112405	112480	508620	1835968	5
2021.10.11	15:00:00	112475	112765	112310	112485	504330	2029402	5
2021.10.11	16:00:00	112485	112500	112060	112110	323156	1367986	5
2021.10.11	17:00:00	112105	112290	112000	112100	155395	623388	5
2021.10.13	09:00:00	113370	113735	113170	113395	601822	1808388	5
2021.10.13	10:00:00	113390	114290	113145	113710	960963	3477375	5
2021.10.13	11:00:00	113710	114145	113350	114040	763178	2844135	5
2021.10.13	12:00:00	114040	115090	114010	114960	545485	2179451	5
2021.10.13	13:00:00	114960	115295	114720	115225	467791	2003655	5
2021.10.13	14:00:00	115225	115260	114735	114905	499485	2227335	5
2021.10.13	15:00:00	114900	115440	114670	114860	577794	2460848	5
2021.10.13	16:00:00	114860	114950	114500	114620	327312	1520204	5
2021.10.13	17:00:00	114620	114640	114335	114345	159153	669025	5
2021.10.14	09:00:00	115295	115530	114790	114925	596858	1931938	5
2021.10.14	10:00:00	114930	114950	114250	114515	984036	3537165	5
2021.10.14	11:00:00	114515	114855	114260	114785	709462	2633477	5
2021.10.14	12:00:00	114785	114850	113955	114125	660263	2432952	5
2021.10.14	13:00:00	114125	114265	113905	114225	396452	1533993	5
2021.10.14	14:00:00	114220	114400	114130	114280	351976	1360119	5
2021.10.14	15:00:00	114280	114365	114035	114090	375942	1454573	5
2021.10.14	16:00:00	114090	114575	113750	114370	475671	1941360	5
2021.10.14	17:00:00	114370	114685	114235	114655	175584	643797	5
2021.10.15	09:00:00	114870	114880	114480	114600	479380	1564299	5
2021.10.15	10:00:00	114595	115250	114110	115240	961615	3726667	5
2021.10.15	11:00:00	115235	115680	115080	115430	707535	3039024	5
2021.10.15	12:00:00	115435	115780	115390	115630	391243	1575090	5
2021.10.15	13:00:00	115625	115730	115450	115700	300779	1299270	5
2021.10.15	14:00:00	115695	115770	115470	115620	316285	1363614	5
2021.10.15	15:00:00	115620	115940	115450	115775	387762	1674956	5
2021.10.15	16:00:00	115775	115840	115580	115685	330628	1460637	5
2021.10.15	17:00:00	115680	115690	115455	115560	164266	661656	5
2021.10.18	09:00:00	115060	115190	114225	114390	635270	2052243	5
2021.10.18	10:00:00	114390	114480	113750	114130	942805	3384571	5
2021.10.18	11:00:00	114125	114670	114020	114275	856554	3200460	5
2021.10.18	12:00:00	114270	115415	114170	115390	661827	2557242	5
2021.10.18	13:00:00	115390	115885	115330	115755	468608	1980677	5
2021.10.18	14:00:00	115755	116060	115715	115785	380084	1538746	5
2021.10.18	15:00:00	115785	115930	115570	115900	373783	1507713	5
2021.10.18	16:00:00	115905	115940	115430	115545	387344	1634076	5
2021.10.18	17:00:00	115540	115550	115190	115290	230730	910382	5
2021.10.19	09:00:00	114890	114900	113655	113815	827679	2569774	5
2021.10.19	10:00:00	113815	114210	112955	113320	1119400	3899652	5
2021.10.19	11:00:00	113320	113555	112820	113085	756364	2776871	5
2021.10.19	12:00:00	113085	113115	112335	112830	671644	2692695	5
2021.10.19	13:00:00	112830	112835	112365	112730	511194	1953463	5
2021.10.19	14:00:00	112730	113180	112620	112650	537950	2108994	5
2021.10.19	15:00:00	112650	112750	111320	111375	823405	3157057	5
2021.10.19	16:00:00	111375	112895	110880	111520	849879	3052449	5
2021.10.19	17:00:00	111520	112655	111425	112150	356693	1046256	5
2021.10.20	09:00:00	112390	112725	111520	112585	918880	2923120	5
2021.10.20	10:00:00	112580	112775	111460	111715	1318863	4491143	5
2021.10.20	11:00:00	111715	112595	111575	112160	1021056	3651533	5
2021.10.20	12:00:00	112165	112750	111955	112085	659802	2279915	5
2021.10.20	13:00:00	112085	112405	112015	112270	478172	1718689	5
2021.10.20	14:00:00	112270	112445	111115	112150	734250	2767825	5
2021.10.20	15:00:00	112155	113135	111905	112365	671069	2603089	5
2021.10.20	16:00:00	112365	112480	111755	111760	445707	1703744	5
2021.10.20	17:00:00	111760	111825	109835	110070	417870	1528523	5
2021.10.21	09:00:00	108580	109800	108500	109100	809524	2395662	5
2021.10.21	10:00:00	109095	110460	109015	109910	1175161	3926960	5
2021.10.21	11:00:00	109910	110280	109580	109755	999113	3464044	5
2021.10.21	12:00:00	109755	109765	108965	109095	753897	2677007	5
2021.10.21	13:00:00	109095	109555	108650	109295	739928	2680808	5
2021.10.21	14:00:00	109295	109345	106730	107005	972259	3690742	5
2021.10.21	15:00:00	107005	108735	106595	108045	894720	3211731	5
2021.10.21	16:00:00	108045	108880	107965	108375	620012	2239629	5
2021.10.21	17:00:00	108380	108940	108220	108660	371447	1186699	5
2021.10.22	09:00:00	107850	108375	107185	107380	971068	2800093	5
2021.10.22	10:00:00	107385	107880	106105	106535	1250119	4408721	5
2021.10.22	11:00:00	106540	106605	103985	104310	1258749	4872050	5
2021.10.22	12:00:00	104305	105645	103660	105165	1042967	3431896	5
2021.10.22	13:00:00	105165	106620	104410	105455	887592	2795538	5
2021.10.22	14:00:00	105450	107365	105235	106765	966328	2814858	5
2021.10.22	15:00:00	106770	108865	106015	107805	968002	2819497	5
2021.10.22	16:00:00	107800	108400	106750	107075	617419	1836229	5
2021.10.22	17:00:00	107080	107640	106760	107000	272144	665718	5
2021.10.25	09:00:00	107905	108300	107255	108000	908560	2669198	5
2021.10.25	10:00:00	108000	109130	107790	109110	1287002	3939236	5
2021.10.25	11:00:00	109105	109595	109000	109320	810455	2644158	5
2021.10.25	12:00:00	109320	109550	108685	108935	668676	2272757	5
2021.10.25	13:00:00	108930	109475	108725	109285	605675	2118636	5
2021.10.25	14:00:00	109290	109490	108950	109215	631480	2320664	5
2021.10.25	15:00:00	109215	110310	109050	110175	720859	2632327	5
2021.10.25	16:00:00	110175	110340	109720	109840	523455	1858007	5
2021.10.25	17:00:00	109840	109860	109405	109590	276797	924373	5
2021.10.26	09:00:00	109295	109305	108070	108270	906134	2739037	5
2021.10.26	10:00:00	108275	108635	107625	107810	1181058	3882575	5
2021.10.26	11:00:00	107810	108580	107560	107695	1045612	3673444	5
2021.10.26	12:00:00	107690	108160	107430	107445	775287	2723270	5
2021.10.26	13:00:00	107445	107745	107160	107630	637276	2265224	5
2021.10.26	14:00:00	107620	108065	107475	107580	697458	2539874	5
2021.10.26	15:00:00	107580	108165	107570	107840	614509	2260875	5
2021.10.26	16:00:00	107835	108010	107055	107155	509982	1920559	5
2021.10.26	17:00:00	107155	107500	107035	107500	264629	903357	5
2021.10.27	09:00:00	107400	107950	107210	107935	813819	2409376	5
2021.10.27	10:00:00	107935	108785	107725	108650	939885	3173723	5
2021.10.27	11:00:00	108645	109150	108585	108685	849538	3014236	5
2021.10.27	12:00:00	108685	109175	108295	108355	690958	2462998	5
2021.10.27	13:00:00	108360	108860	108345	108385	545653	1882208	5
2021.10.27	14:00:00	108390	108685	108110	108600	566033	1991630	5
2021.10.27	15:00:00	108600	108740	107930	107980	537370	1963305	5
2021.10.27	16:00:00	107980	108095	106885	107315	691288	2632964	5
2021.10.27	17:00:00	107315	108130	107265	107945	221630	731690	5
2021.10.28	09:00:00	107475	107550	106430	106785	920775	2720578	5
2021.10.28	10:00:00	106780	107925	106510	107705	1130644	3737906	5
2021.10.28	11:00:00	107705	107850	106660	106810	898045	3061437	5
2021.10.28	12:00:00	106815	106925	106055	106665	827044	2747506	5
2021.10.28	13:00:00	106665	107225	106525	106605	714267	2322853	5
2021.10.28	14:00:00	106610	108190	106435	107510	781829	2624100	5
2021.10.28	15:00:00	107510	107695	106425	106570	632022	2110551	5
2021.10.28	16:00:00	106570	106985	106165	106700	532064	1803747	5
2021.10.28	17:00:00	106705	106810	104825	105470	442165	1375942	5
2021.10.29	09:00:00	105855	107040	105780	106895	974380	2762394	5
2021.10.29	10:00:00	106895	107100	105005	105040	1337943	4148090	5
2021.10.29	11:00:00	105035	106390	104985	106340	1000018	3193858	5
2021.10.29	12:00:00	106335	106475	105570	105730	828838	2588034	5
2021.10.29	13:00:00	105730	105920	105300	105765	583479	1744327	5
2021.10.29	14:00:00	105765	106245	105625	105735	641780	2004991	5
2021.10.29	15:00:00	105730	105910	104465	105285	875235	2945488	5
2021.10.29	16:00:00	105285	105500	104205	104305	571757	1921909	5
2021.10.29	17:00:00	104305	104850	104110	104750	314131	956474	5
2021.11.01	09:00:00	105330	105865	105070	105815	648710	1889353	5
2021.11.01	10:00:00	105820	105920	105170	105560	1134830	3495234	5
2021.11.01	11:00:00	105565	106280	105470	105695	948256	3187907	5
2021.11.01	12:00:00	105695	106265	105450	106260	746826	2450885	5
2021.11.01	13:00:00	106260	106785	106135	106755	615359	2144356	5
2021.11.01	14:00:00	106755	106930	106465	106665	593624	2106504	5
2021.11.01	15:00:00	106665	106775	106235	106445	592140	2087283	5
2021.11.01	16:00:00	106445	106850	106420	106515	436099	1551723	5
2021.11.01	17:00:00	106515	106545	106000	106000	326025	1044629	5
2021.11.03	09:00:00	105365	105680	105010	105375	776305	2268869	5
2021.11.03	10:00:00	105375	105915	104830	105325	1195328	3734520	5
2021.11.03	11:00:00	105325	106590	105245	106185	1070168	3541930	5
2021.11.03	12:00:00	106180	107635	105875	107575	1007698	3396858	5
2021.11.03	13:00:00	107575	107590	106320	106320	670217	2212204	5
2021.11.03	14:00:00	106320	106650	105600	105840	656577	2136197	5
2021.11.03	15:00:00	105840	107545	105560	107030	1061815	3170821	5
2021.11.03	16:00:00	107030	107295	106605	106605	575641	1965492	5
2021.11.03	17:00:00	106610	107440	106460	107330	350260	1019525	5
2021.11.04	09:00:00	107500	107525	106215	106570	719276	2189591	5
2021.11.04	10:00:00	106565	106570	105360	105660	1167086	3828580	5
2021.11.04	11:00:00	105660	105970	105210	105270	997801	3385773	5
2021.11.04	12:00:00	105265	105395	104860	105305	701043	2366065	5
2021.11.04	13:00:00	105305	105375	104275	104395	723604	2442711	5
2021.11.04	14:00:00	104395	104730	103840	103995	696999	2286281	5
2021.11.04	15:00:00	103990	104445	103520	104065	772665	2549795	5
2021.11.04	16:00:00	104065	104570	103870	104130	591453	1942455	5
2021.11.04	17:00:00	104130	104445	103965	104030	298149	908811	5
2021.11.05	09:00:00	104600	105325	104000	105195	823381	2148249	5
2021.11.05	10:00:00	105195	106335	105065	106220	1026306	3291247	5
2021.11.05	11:00:00	106220	106385	105135	105560	855456	2920531	5
2021.11.05	12:00:00	105555	105855	105330	105545	607911	1993773	5
2021.11.05	13:00:00	105540	106080	105525	105875	566736	1850316	5
2021.11.05	14:00:00	105870	106125	105070	105625	706722	2383391	5
2021.11.05	15:00:00	105625	105935	105475	105485	484229	1593268	5
2021.11.05	16:00:00	105485	105820	105310	105650	450954	1545434	5
2021.11.05	17:00:00	105655	105685	105150	105260	264096	773621	5
2021.11.08	09:00:00	104850	104965	104340	104510	830034	2254269	5
2021.11.08	10:00:00	104510	105545	104465	105465	1019086	3097200	5
2021.11.08	11:00:00	105465	106475	105435	106225	945797	3029730	5
2021.11.08	12:00:00	106230	106260	105575	105605	685327	2287955	5
2021.11.08	13:00:00	105610	105995	105325	105875	601115	2035451	5
2021.11.08	14:00:00	105880	106185	105655	105810	667251	2268307	5
2021.11.08	15:00:00	105810	105935	105165	105320	536297	1793323	5
2021.11.08	16:00:00	105320	105730	105265	105640	479710	1651304	5
2021.11.08	17:00:00	105640	105780	105370	105475	375484	1280363	5
2021.11.08	18:00:00	105470	105595	105340	105595	63053	201202	5
2021.11.09	09:00:00	105840	106140	105455	105795	755558	2061458	5
2021.11.09	10:00:00	105795	107145	105480	107095	1067843	3371471	5
2021.11.09	11:00:00	107090	107410	106530	106620	968563	3104483	5
2021.11.09	12:00:00	106620	107035	106480	106635	760532	2416290	5
2021.11.09	13:00:00	106635	106885	106255	106720	672958	2134500	5
2021.11.09	14:00:00	106720	107170	106380	106915	672821	2093284	5
2021.11.09	15:00:00	106915	107170	106530	106610	553721	1730149	5
2021.11.09	16:00:00	106615	106700	105735	106265	638510	2187553	5
2021.11.09	17:00:00	106265	106595	105870	106200	485393	1541837	5
2021.11.09	18:00:00	106205	106275	105980	106030	55623	164198	5
2021.11.10	09:00:00	105740	106145	105260	106070	808653	2246718	5
2021.11.10	10:00:00	106065	106635	105645	106540	1248092	3751703	5
2021.11.10	11:00:00	106540	107575	106510	107520	906855	3063136	5
2021.11.10	12:00:00	107520	107730	107225	107460	652957	2169420	5
2021.11.10	13:00:00	107465	108070	107220	107895	618281	2005701	5
2021.11.10	14:00:00	107900	107970	107530	107670	436887	1442981	5
2021.11.10	15:00:00	107675	107705	106785	106895	808938	2738598	5
2021.11.10	16:00:00	106895	107140	106180	106320	633492	2135632	5
2021.11.10	17:00:00	106325	106945	106300	106615	465670	1431338	5
2021.11.10	18:00:00	106615	106955	106480	106940	77960	214512	5
2021.11.11	09:00:00	107550	108390	107460	108360	726799	2043961	5
2021.11.11	10:00:00	108355	108830	108040	108775	937282	2828176	5
2021.11.11	11:00:00	108775	109070	108475	108775	836598	2726027	5
2021.11.11	12:00:00	108775	109285	108735	109210	655784	2175011	5
2021.11.11	13:00:00	109215	109325	108720	108985	557152	1824571	5
2021.11.11	14:00:00	108990	109245	108660	108690	572599	1863985	5
2021.11.11	15:00:00	108695	108805	108335	108745	657019	2176723	5
2021.11.11	16:00:00	108740	108740	108135	108160	502834	1667165	5
2021.11.11	17:00:00	108160	108440	108085	108285	335530	1085637	5
2021.11.11	18:00:00	108285	108800	108190	108800	65904	212536	5
2021.11.12	09:00:00	108500	108675	107655	107675	828552	2333843	5
2021.11.12	10:00:00	107675	108600	107650	108025	1294718	3815163	5
2021.11.12	11:00:00	108020	108185	106555	106895	993500	3231286	5
2021.11.12	12:00:00	106895	107030	106420	106830	619488	2048081	5
2021.11.12	13:00:00	106830	107180	106540	107110	558717	1851335	5
2021.11.12	14:00:00	107110	107270	106300	106720	643430	2087187	5
2021.11.12	15:00:00	106720	107180	106675	107075	438869	1418817	5
2021.11.12	16:00:00	107080	107265	106700	106850	416824	1385247	5
2021.11.12	17:00:00	106850	107100	106770	106945	285375	950165	5
2021.11.12	18:00:00	106945	106975	106740	106940	93858	250868	5
2021.11.16	09:00:00	107210	107630	106915	107570	797924	2184556	5
2021.11.16	10:00:00	107565	107630	106335	106490	1162014	3582857	5
2021.11.16	11:00:00	106485	106540	105150	105200	918032	3145336	5
2021.11.16	12:00:00	105195	105260	104610	104710	639941	2290763	5
2021.11.16	13:00:00	104715	105245	104635	105115	487501	1736422	5
2021.11.16	14:00:00	105120	105685	104950	105650	523105	1881683	5
2021.11.16	15:00:00	105650	105795	105285	105310	496772	1806757	5
2021.11.16	16:00:00	105310	105515	105015	105025	449148	1675791	5
2021.11.16	17:00:00	105030	105290	104820	104860	422720	1481704	5
2021.11.16	18:00:00	104865	105055	104815	105000	88949	274999	5
2021.11.17	09:00:00	104800	105980	104765	105900	792101	2282537	5
2021.11.17	10:00:00	105900	106165	104765	105080	1227660	3807385	5
2021.11.17	11:00:00	105080	105365	104240	104285	1133084	3557292	5
2021.11.17	12:00:00	104290	104785	103985	104670	753884	2388759	5
2021.11.17	13:00:00	104665	104825	103900	104265	588255	1895253	5
2021.11.17	14:00:00	104260	104475	103530	103550	677684	2298643	5
2021.11.17	15:00:00	103550	103590	102915	103235	693460	2303024	5
2021.11.17	16:00:00	103235	103940	103190	103650	513905	1700843	5
2021.11.17	17:00:00	103655	103790	103270	103650	410060	1289515	5
2021.11.17	18:00:00	103650	103700	103370	103700	94415	275399	5
2021.11.18	09:00:00	103800	104225	103410	104075	946087	2637994	5
2021.11.18	10:00:00	104075	104315	103110	103715	1213971	3749780	5
2021.11.18	11:00:00	103715	104170	103250	103260	1048280	3291741	5
2021.11.18	12:00:00	103260	103315	102515	102845	775479	2583571	5
2021.11.18	13:00:00	102845	103180	102610	102790	572220	1910824	5
2021.11.18	14:00:00	102795	103260	102685	102755	573311	1960154	5
2021.11.18	15:00:00	102755	103270	102560	102830	524200	1778928	5
2021.11.18	16:00:00	102835	103070	102650	103055	413611	1436899	5
2021.11.18	17:00:00	103060	103175	102785	102915	374251	1331731	5
2021.11.18	18:00:00	102915	103450	102840	103450	73364	241350	5
2021.11.19	09:00:00	103025	103495	102650	103175	837486	2395125	5
2021.11.19	10:00:00	103180	103950	102700	103690	1160368	3627288	5
2021.11.19	11:00:00	103695	104495	103465	104300	887813	2850380	5
2021.11.19	12:00:00	104295	104430	103850	103965	684256	2148847	5
2021.11.19	13:00:00	103965	104425	103710	104130	535246	1761167	5
2021.11.19	14:00:00	104130	104345	103870	104130	523998	1803926	5
2021.11.19	15:00:00	104130	104215	103430	103430	495733	1650413	5
2021.11.19	16:00:00	103430	103845	103420	103770	373949	1196944	5
2021.11.19	17:00:00	103765	103810	103485	103550	242970	786495	5
2021.11.19	18:00:00	103550	103670	103505	103600	49602	146525	5
2021.11.22	09:00:00	104310	104325	103670	103865	712078	1937206	5
2021.11.22	10:00:00	103870	104760	103455	104750	1091428	3382206	5
2021.11.22	11:00:00	104750	104935	104250	104345	828968	2812959	5
2021.11.22	12:00:00	104340	105115	104175	104995	615382	2104039	5
2021.11.22	13:00:00	105000	105125	104280	104395	501747	1667407	5
2021.11.22	14:00:00	104390	104560	103850	103860	553635	1878388	5
2021.11.22	15:00:00	103860	103960	102560	102745	689557	2624050	5
2021.11.22	16:00:00	102740	103230	102600	103105	454579	1674514	5
2021.11.22	17:00:00	103105	103280	102520	102620	388413	1419074	5
2021.11.22	18:00:00	102620	102730	102400	102400	80016	249982	5
2021.11.23	09:00:00	102700	103490	102580	103435	751185	2176051	5
2021.11.23	10:00:00	103435	103645	102800	103390	1220011	3871847	5
2021.11.23	11:00:00	103395	104115	103180	103905	961488	3154321	5
2021.11.23	12:00:00	103910	103960	102275	102310	938438	3085087	5
2021.11.23	13:00:00	102310	102975	102140	102865	711645	2327823	5
2021.11.23	14:00:00	102870	103320	102635	102750	673081	2299416	5
2021.11.23	15:00:00	102750	104205	102720	103895	760328	2586242	5
2021.11.23	16:00:00	103890	103950	103415	103605	575310	2019039	5
2021.11.23	17:00:00	103605	104360	103215	103770	542208	1818024	5
2021.11.23	18:00:00	103775	104560	103760	104500	148137	407848	5
2021.11.24	09:00:00	104000	104240	103325	103355	827129	2368681	5
2021.11.24	10:00:00	103355	103910	102805	103000	1168613	3709885	5
2021.11.24	11:00:00	103005	104280	102935	104255	1122364	3621260	5
2021.11.24	12:00:00	104255	105145	104145	105030	764536	2559769	5
2021.11.24	13:00:00	105030	105540	104875	104955	493670	1728982	5
2021.11.24	14:00:00	104950	105165	104695	105055	545269	1918863	5
2021.11.24	15:00:00	105055	105095	104515	104600	476431	1659926	5
2021.11.24	16:00:00	104600	105005	104305	104910	545204	1974368	5
2021.11.24	17:00:00	104905	105215	104785	104965	331423	1119254	5
2021.11.24	18:00:00	104960	105060	104815	104900	67094	197411	5
2021.11.25	09:00:00	104750	105620	104575	105150	800924	2384699	5
2021.11.25	10:00:00	105150	105845	105080	105785	1012595	3373842	5
2021.11.25	11:00:00	105790	106360	105560	106285	718747	2479942	5
2021.11.25	12:00:00	106285	106875	106175	106600	554043	2004818	5
2021.11.25	13:00:00	106605	106815	106415	106495	439646	1498923	5
2021.11.25	14:00:00	106495	106735	106370	106485	388636	1342231	5
2021.11.25	15:00:00	106485	106605	106185	106200	446096	1368299	5
2021.11.25	16:00:00	106205	106340	106045	106260	376945	1160817	5
2021.11.25	17:00:00	106255	106385	106120	106225	241162	721681	5
2021.11.25	18:00:00	106230	106500	106165	106435	54283	193503	5
2021.11.26	09:00:00	103100	104000	103100	103570	727613	2031334	5
2021.11.26	10:00:00	103575	103595	102700	103350	1158934	3671114	5
2021.11.26	11:00:00	103350	103410	102180	102395	1030824	3312542	5
2021.11.26	12:00:00	102395	102450	101770	102135	732207	2395508	5
2021.11.26	13:00:00	102135	102275	101925	102080	521617	1738748	5
2021.11.26	14:00:00	102085	102960	102070	102665	684977	2387290	5
2021.11.26	15:00:00	102670	102865	102445	102515	411342	1267533	5
2021.11.26	16:00:00	102510	102570	102235	102395	346925	1086560	5
2021.11.26	17:00:00	102395	102800	102310	102540	246180	738524	5
2021.11.26	18:00:00	102540	102645	102360	102360	68268	187870	5
2021.11.29	09:00:00	103615	104310	103530	104070	710116	2011336	5
2021.11.29	10:00:00	104070	104460	103555	104250	1135570	3703037	5
2021.11.29	11:00:00	104250	104515	103185	103240	1044181	3768833	5
2021.11.29	12:00:00	103240	103445	102880	103410	794798	2692832	5
2021.11.29	13:00:00	103410	103530	103100	103120	564607	1995124	5
2021.11.29	14:00:00	103120	104025	103025	103880	597321	2251465	5
2021.11.29	15:00:00	103885	104150	103565	104130	475746	1903421	5
2021.11.29	16:00:00	104130	104155	103570	103715	470042	1843336	5
2021.11.29	17:00:00	103715	103955	103055	103095	425191	1641870	5
2021.11.29	18:00:00	103090	103320	103015	103320	101409	332110	5
2021.11.30	09:00:00	102350	102970	102250	102550	741688	2246505	5
2021.11.30	10:00:00	102550	103285	102275	103265	1193708	4000547	5
2021.11.30	11:00:00	103260	103390	102545	102555	1048127	3508128	5
2021.11.30	12:00:00	102565	103025	101045	101055	1064869	3718448	5
2021.11.30	13:00:00	101050	101565	100660	100960	822716	2936911	5
2021.11.30	14:00:00	100960	100985	100390	100770	647150	2314972	5
2021.11.30	15:00:00	100770	101080	100455	101040	519545	1972380	5
2021.11.30	16:00:00	101040	101470	100855	101455	530999	2117942	5
2021.11.30	17:00:00	101455	102380	101385	102100	569330	2184654	5
2021.11.30	18:00:00	102100	102580	102085	102560	112975	347258	5
2021.12.01	09:00:00	103215	103735	103150	103650	639030	1933874	5
2021.12.01	10:00:00	103650	104110	103310	103895	1090098	3598575	5
2021.12.01	11:00:00	103895	104190	103505	104120	937961	3148288	5
2021.12.01	12:00:00	104120	104435	103800	104045	738788	2574966	5
2021.12.01	13:00:00	104050	104095	102780	102975	710901	2593324	5
2021.12.01	14:00:00	102975	103360	102425	102480	745661	2705183	5
2021.12.01	15:00:00	102480	102715	101180	101395	903327	3305711	5
2021.12.01	16:00:00	101395	101890	101050	101490	670589	2490409	5
2021.12.01	17:00:00	101490	101735	100890	101065	602287	2082627	5
2021.12.01	18:00:00	101065	101140	100800	100800	145846	408623	5
2021.12.02	09:00:00	101580	102370	101505	102290	793808	2336331	5
2021.12.02	10:00:00	102295	103170	102250	103020	1005010	3361835	5
2021.12.02	11:00:00	103025	103980	102565	103950	994862	3492118	5
2021.12.02	12:00:00	103950	104175	103525	103985	794834	2848132	5
2021.12.02	13:00:00	103980	104280	103770	104190	666294	2400777	5
2021.12.02	14:00:00	104190	104540	103805	104130	640398	2353640	5
2021.12.02	15:00:00	104135	104220	103420	103760	650807	2395394	5
2021.12.02	16:00:00	103760	104090	103570	103695	498998	1901409	5
2021.12.02	17:00:00	103700	104520	103610	104495	419497	1561672	5
2021.12.02	18:00:00	104490	104755	104430	104750	106997	346264	5
2021.12.03	09:00:00	104385	104645	103955	104495	822476	2460529	5
2021.12.03	10:00:00	104495	106820	104405	106620	1230269	3907638	5
2021.12.03	11:00:00	106620	107130	106115	106255	983842	3264679	5
2021.12.03	12:00:00	106255	106395	105175	105575	931273	3191839	5
2021.12.03	13:00:00	105575	106030	105020	105070	827909	2658683	5
2021.12.03	14:00:00	105075	105845	104905	105405	710213	2327351	5
2021.12.03	15:00:00	105405	105820	105300	105585	600060	1994651	5
2021.12.03	16:00:00	105580	105630	104595	104675	656405	2210350	5
2021.12.03	17:00:00	104680	105340	104290	105095	553560	1925935	5
2021.12.03	18:00:00	105095	105765	105060	105650	135613	374816	5
2021.12.06	09:00:00	106160	106395	105790	106175	863330	2548581	5
2021.12.06	10:00:00	106175	106855	105835	106840	1337364	4175933	5
2021.12.06	11:00:00	106835	107350	106080	107280	1206491	4020769	5
2021.12.06	12:00:00	107280	107685	107005	107565	775156	2636441	5
2021.12.06	13:00:00	107570	107645	107235	107490	522242	1736453	5
2021.12.06	14:00:00	107485	107860	107240	107715	547539	1941420	5
2021.12.06	15:00:00	107715	107730	107100	107270	536530	1896171	5
2021.12.06	16:00:00	107270	107330	106930	107135	493850	1796128	5
2021.12.06	17:00:00	107135	107400	107065	107230	371379	1308565	5
2021.12.06	18:00:00	107230	107390	107085	107220	98484	314053	5
2021.12.07	09:00:00	108535	108985	108300	108845	716436	2001774	5
2021.12.07	10:00:00	108845	108905	108060	108100	1067183	3324123	5
2021.12.07	11:00:00	108105	108300	107755	108015	878243	2898647	5
2021.12.07	12:00:00	108015	108635	107885	108565	735303	2504912	5
2021.12.07	13:00:00	108565	108580	107905	108035	566072	1907284	5
2021.12.07	14:00:00	108035	108380	107835	108045	642193	2162664	5
2021.12.07	15:00:00	108045	108125	107520	107835	618225	2175223	5
2021.12.07	16:00:00	107835	108000	107665	107920	441934	1542775	5
2021.12.07	17:00:00	107920	108135	107305	107720	486640	1663556	5
2021.12.07	18:00:00	107720	108000	107690	108000	90680	278297	5
2021.12.08	09:00:00	108470	108645	107815	108190	763227	2192929	5
2021.12.08	10:00:00	108195	108275	107480	108120	993660	3242734	5
2021.12.08	11:00:00	108120	108780	107600	108600	884922	3109344	5
2021.12.08	12:00:00	108600	108625	107655	107795	735146	2514885	5
2021.12.08	13:00:00	107790	108220	107690	108045	524773	1783031	5
2021.12.08	14:00:00	108040	108210	107815	107945	449725	1568754	5
2021.12.08	15:00:00	107945	108345	107805	108245	457310	1695226	5
2021.12.08	16:00:00	108250	108290	108005	108275	332622	1208205	5
2021.12.08	17:00:00	108270	108455	108135	108315	280720	1087103	5
2021.12.08	18:00:00	108315	108470	108275	108400	70989	268450	5
2021.12.09	09:00:00	107450	107630	107235	107500	585900	1791332	5
2021.12.09	10:00:00	107500	107680	106770	106875	940612	3178689	5
2021.12.09	11:00:00	106880	107080	106305	106415	822808	2873077	5
2021.12.09	12:00:00	106420	106785	106250	106785	530614	1912783	5
2021.12.09	13:00:00	106780	106875	106525	106690	449894	1672147	5
2021.12.09	14:00:00	106690	106740	106285	106625	476764	1788305	5
2021.12.09	15:00:00	106620	106890	106595	106690	459490	1738950	5
2021.12.09	16:00:00	106690	106800	106200	106385	456720	1756833	5
2021.12.09	17:00:00	106380	106465	105955	106200	388937	1447135	5
2021.12.09	18:00:00	106200	106410	106080	106410	79076	278134	5
2021.12.10	09:00:00	106850	107735	106850	107705	546732	1696763	5
2021.12.10	10:00:00	107710	108455	107680	108195	833125	2930287	5
2021.12.10	11:00:00	108195	108290	107540	107580	802534	2915998	5
2021.12.10	12:00:00	107580	107830	107425	107650	597232	2222981	5
2021.12.10	13:00:00	107650	107960	107455	107840	453442	1662820	5
2021.12.10	14:00:00	107840	107885	107415	107740	395370	1492409	5
2021.12.10	15:00:00	107740	107880	107570	107700	384448	1447309	5
2021.12.10	16:00:00	107695	107860	107575	107800	292181	1166377	5
2021.12.10	17:00:00	107800	107910	107750	107835	187382	784587	5
2021.12.10	18:00:00	107835	108070	107810	108010	73775	258709	5
2021.12.13	09:00:00	108550	108560	108070	108115	394046	1250608	5
2021.12.13	10:00:00	108115	109625	107940	109575	872856	3226498	5
2021.12.13	11:00:00	109570	109605	109110	109165	584752	2105069	5
2021.12.13	12:00:00	109170	109185	108085	108205	610201	2268232	5
2021.12.13	13:00:00	108205	108330	107555	107750	632749	2443148	5
2021.12.13	14:00:00	107745	108085	107565	107985	399459	1524546	5
2021.12.13	15:00:00	107985	108230	107805	108065	446447	1737504	5
2021.12.13	16:00:00	108065	108410	107940	108355	435958	1681308	5
2021.12.13	17:00:00	108355	108425	107590	107635	328416	1262670	5
2021.12.13	18:00:00	107635	107850	107320	107820	125331	478132	5
2021.12.14	09:00:00	107340	108635	107335	108595	665272	2060591	5
2021.12.14	10:00:00	108595	109255	107925	108320	1059466	3821663	5
2021.12.14	11:00:00	108320	108665	107610	108290	1017231	3649122	5
2021.12.14	12:00:00	108290	108395	107750	107945	723592	2579980	5
2021.12.14	13:00:00	107945	108120	106915	106980	682926	2413499	5
2021.12.14	14:00:00	106980	107190	106775	106825	495899	1798987	5
2021.12.14	15:00:00	106825	107245	106570	106740	542014	2043901	5
2021.12.14	16:00:00	106740	106875	106440	106875	432992	1684108	5
2021.12.14	17:00:00	106875	107115	106625	106780	355882	1347072	5
2021.12.14	18:00:00	106780	106800	106510	106520	65757	197790	5
2021.12.15	09:00:00	108400	108780	108235	108750	521209	1575683	5
2021.12.15	10:00:00	108750	108880	107675	107935	1138604	3612568	5
2021.12.15	11:00:00	107940	108490	107280	107355	907584	3039941	5
2021.12.15	12:00:00	107350	107985	107175	107680	543793	1824929	5
2021.12.15	13:00:00	107675	108350	107645	107910	491250	1714521	5
2021.12.15	14:00:00	107910	108485	107700	108310	445993	1662339	5
2021.12.15	15:00:00	108305	108520	108065	108420	449142	1614728	5
2021.12.15	16:00:00	108425	109145	107720	108055	776113	2531097	5
2021.12.15	17:00:00	108055	108990	107990	108925	413853	1471286	5
2021.12.15	18:00:00	108925	109075	108725	109075	60313	211983	5
2021.12.16	09:00:00	109830	110500	109725	109980	754850	2189898	5
2021.12.16	10:00:00	109980	110535	109860	109940	818473	2738050	5
2021.12.16	11:00:00	109935	110265	109360	109565	1030116	3526096	5
2021.12.16	12:00:00	109560	109900	109200	109660	662034	2291210	5
2021.12.16	13:00:00	109665	110205	109425	109715	493720	1734068	5
2021.12.16	14:00:00	109715	109955	109445	109460	405464	1439905	5
2021.12.16	15:00:00	109465	109975	109440	109875	358159	1286025	5
2021.12.16	16:00:00	109875	109965	109180	109440	464179	1703414	5
2021.12.16	17:00:00	109445	110120	109140	109840	429981	1546729	5
2021.12.16	18:00:00	109840	109980	109755	109965	65284	214759	5
2021.12.17	09:00:00	109470	109500	108715	108865	616468	1823828	5
2021.12.17	10:00:00	108870	108945	108510	108755	729162	2414022	5
2021.12.17	11:00:00	108755	108990	108080	108280	900332	3153534	5
2021.12.17	12:00:00	108285	108985	107910	108870	722584	2501035	5
2021.12.17	13:00:00	108870	109150	108635	108870	576418	1985118	5
2021.12.17	14:00:00	108865	109335	108560	109145	577586	2028488	5
2021.12.17	15:00:00	109140	109275	108900	109250	476124	1663470	5
2021.12.17	16:00:00	109250	109265	108735	108855	409315	1465642	5
2021.12.17	17:00:00	108855	108975	108410	108725	405773	1499680	5
2021.12.17	18:00:00	108725	108775	108395	108495	85897	282806	5
2021.12.20	09:00:00	107200	107420	106915	107260	619854	1810042	5
2021.12.20	10:00:00	107260	107360	106430	106560	1027931	3294642	5
2021.12.20	11:00:00	106565	106705	106095	106490	908955	2948417	5
2021.12.20	12:00:00	106485	106820	105685	105855	755668	2455619	5
2021.12.20	13:00:00	105850	106220	105740	106215	492033	1623373	5
2021.12.20	14:00:00	106215	106310	105950	105965	466498	1616776	5
2021.12.20	15:00:00	105970	106460	105895	106230	487905	1774203	5
2021.12.20	16:00:00	106225	106445	106115	106170	420626	1496018	5
2021.12.20	17:00:00	106165	106415	106075	106275	326618	1189828	5
2021.12.20	18:00:00	106280	106605	106245	106550	82565	288414	5
2021.12.21	09:00:00	107405	107580	107115	107235	485184	1487330	5
2021.12.21	10:00:00	107235	107240	106670	106700	797490	2671374	5
2021.12.21	11:00:00	106695	106810	106335	106485	856182	2945475	5
2021.12.21	12:00:00	106485	106925	106475	106520	598723	2019348	5
2021.12.21	13:00:00	106520	106955	106470	106815	440769	1532019	5
2021.12.21	14:00:00	106815	106890	106560	106750	422496	1548702	5
2021.12.21	15:00:00	106750	107135	106665	106860	434160	1713299	5
2021.12.21	16:00:00	106855	106950	106695	106865	329070	1365729	5
2021.12.21	17:00:00	106860	107005	106700	106710	242532	1055038	5
2021.12.21	18:00:00	106715	106855	106640	106640	60697	250852	5
2021.12.22	09:00:00	106550	106890	106550	106670	508660	1559799	5
2021.12.22	10:00:00	106675	107070	106085	106240	887014	2988446	5
2021.12.22	11:00:00	106235	106295	105645	105755	755894	2646361	5
2021.12.22	12:00:00	105760	106200	105725	106020	542701	1930195	5
2021.12.22	13:00:00	106015	106510	105955	106360	408089	1460733	5
2021.12.22	14:00:00	106365	106630	106300	106590	379212	1391792	5
2021.12.22	15:00:00	106590	106625	106415	106520	292177	1149183	5
2021.12.22	16:00:00	106520	106680	106355	106445	323272	1244699	5
2021.12.22	17:00:00	106445	106575	106380	106550	196582	806667	5
2021.12.22	18:00:00	106555	106835	106490	106835	53465	209685	5
2021.12.23	09:00:00	107080	107245	106850	106875	430224	1299285	5
2021.12.23	10:00:00	106875	106950	106115	106135	647615	2297144	5
2021.12.23	11:00:00	106135	106240	105945	106155	604107	2437105	5
2021.12.23	12:00:00	106155	106340	105935	106185	460564	1907451	5
2021.12.23	13:00:00	106180	106230	105830	106065	365543	1512701	5
2021.12.23	14:00:00	106065	106175	105940	106170	270239	1096035	5
2021.12.23	15:00:00	106170	106270	106130	106170	222820	962057	5
2021.12.23	16:00:00	106170	106300	106065	106075	204443	884825	5
2021.12.23	17:00:00	106070	106220	106010	106090	196187	907229	5
2021.12.23	18:00:00	106090	106100	105600	105600	84113	270218	5
2021.12.27	09:00:00	106100	106210	105935	106125	370636	1175073	5
2021.12.27	10:00:00	106130	106865	106100	106735	666469	2293812	5
2021.12.27	11:00:00	106735	106815	106045	106335	623778	2365195	5
2021.12.27	12:00:00	106335	106960	106175	106900	471290	1767360	5
2021.12.27	13:00:00	106900	106930	106615	106640	334220	1264213	5
2021.12.27	14:00:00	106635	106885	106615	106765	274995	1064510	5
2021.12.27	15:00:00	106765	106865	106670	106795	257110	1083929	5
2021.12.27	16:00:00	106790	106935	106705	106715	222416	1010182	5
2021.12.27	17:00:00	106715	106765	106600	106665	223500	947934	5
2021.12.27	18:00:00	106665	106900	106560	106900	59392	243593	5
2021.12.28	09:00:00	107100	107165	106825	106875	469589	1433213	5
2021.12.28	10:00:00	106875	107070	106085	106100	716225	2537119	5
2021.12.28	11:00:00	106100	106115	105635	106015	637456	2429176	5
2021.12.28	12:00:00	106020	106120	105625	105815	463729	1682702	5
2021.12.28	13:00:00	105815	106015	105755	105895	303511	1156092	5
2021.12.28	14:00:00	105895	105945	105670	105910	303798	1188202	5
2021.12.28	15:00:00	105910	106010	105765	105840	264626	1053545	5
2021.12.28	16:00:00	105840	106025	105780	105905	250859	1001368	5
2021.12.28	17:00:00	105910	106130	105875	105995	196376	817610	5
2021.12.28	18:00:00	105995	106075	105875	105960	61670	235125	5
2021.12.29	09:00:00	106100	106270	105870	106220	462435	1394469	5
2021.12.29	10:00:00	106215	106255	105440	105920	860022	2707205	5
2021.12.29	11:00:00	105920	106445	105730	105735	790984	2603141	5
2021.12.29	12:00:00	105735	105750	105010	105610	637062	2149869	5
2021.12.29	13:00:00	105605	105695	105325	105355	329530	1083155	5
2021.12.29	14:00:00	105355	105360	104905	105080	337818	1137267	5
2021.12.29	15:00:00	105080	105300	105050	105270	246331	862334	5
2021.12.29	16:00:00	105275	105440	105210	105255	214425	788526	5
2021.12.29	17:00:00	105255	105375	105110	105115	192482	705094	5
2021.12.29	18:00:00	105115	105265	104995	104995	63962	203492	5
2021.12.30	09:00:00	105200	105820	105180	105820	505983	1443090	5
2021.12.30	10:00:00	105815	106040	105485	105760	908793	2736261	5
2021.12.30	11:00:00	105760	106260	105260	106040	842430	2555246	5
2021.12.30	12:00:00	106035	106170	105770	105955	486031	1473335	5
2021.12.30	13:00:00	105950	106250	105735	106225	339951	1075067	5
2021.12.30	14:00:00	106225	106490	106165	106320	332292	1132712	5
2021.12.30	15:00:00	106320	106410	106205	106305	216460	758703	5
2021.12.30	16:00:00	106310	106325	106180	106200	159411	582058	5
2021.12.30	17:00:00	106205	106245	105790	105875	242840	891049	5
2021.12.30	18:00:00	105875	105965	105720	105865	66899	201521	5
2022.01.03	09:00:00	106395	106650	106230	106430	593273	1731757	5
2022.01.03	10:00:00	106430	107245	106225	106690	973700	3138280	5
2022.01.03	11:00:00	106690	106695	104360	104780	1074136	3806456	5
2022.01.03	12:00:00	104780	105325	104685	105235	527266	1803403	5
2022.01.03	13:00:00	105230	105470	104955	105360	435912	1521065	5
2022.01.03	14:00:00	105360	105440	105185	105310	343763	1210172	5
2022.01.03	15:00:00	105315	105410	105160	105325	263808	954009	5
2022.01.03	16:00:00	105325	105445	105220	105270	273872	1025839	5
2022.01.03	17:00:00	105270	105295	104875	104965	309099	1118881	5
2022.01.03	18:00:00	104965	105015	104705	104760	81181	248990	5
2022.01.04	09:00:00	105440	105785	105235	105695	730333	2243144	5
2022.01.04	10:00:00	105695	105715	104390	104740	1153303	3724874	5
2022.01.04	11:00:00	104745	104885	104040	104455	862329	2866173	5
2022.01.04	12:00:00	104450	105310	104380	104950	620217	2083497	5
2022.01.04	13:00:00	104955	104975	104545	104880	506875	1677334	5
2022.01.04	14:00:00	104885	104965	104660	104760	411173	1444765	5
2022.01.04	15:00:00	104760	104890	104295	104480	427479	1491810	5
2022.01.04	16:00:00	104485	104710	104200	104365	321947	1219062	5
2022.01.04	17:00:00	104365	104535	104255	104440	202595	757300	5
2022.01.04	18:00:00	104440	104475	104260	104435	62818	203211	5
2022.01.05	09:00:00	104570	104695	103790	104060	697526	2169467	5
2022.01.05	10:00:00	104055	104175	103360	103700	1052887	3482851	5
2022.01.05	11:00:00	103695	104285	103330	104260	909539	3186400	5
2022.01.05	12:00:00	104260	104465	103725	104150	668290	2377197	5
2022.01.05	13:00:00	104155	104225	103520	103715	497935	1802157	5
2022.01.05	14:00:00	103715	103840	102975	102990	516098	1909248	5
2022.01.05	15:00:00	102990	103075	102735	102805	374317	1356603	5
2022.01.05	16:00:00	102810	102995	102065	102215	612679	2323102	5
2022.01.05	17:00:00	102210	102240	101725	101895	456211	1726262	5
2022.01.05	18:00:00	101895	101920	101580	101580	87143	346519	5
2022.01.06	09:00:00	101975	102400	101645	102370	775531	2284995	5
2022.01.06	10:00:00	102375	102575	101900	102395	1104226	3535555	5
2022.01.06	11:00:00	102400	102970	102160	102525	971187	3218191	5
2022.01.06	12:00:00	102530	103180	102215	102935	838126	2758895	5
2022.01.06	13:00:00	102935	103130	102540	102780	585144	1946490	5
2022.01.06	14:00:00	102775	103015	102655	102740	491799	1654524	5
2022.01.06	15:00:00	102735	102760	102315	102605	478101	1628529	5
2022.01.06	16:00:00	102605	102700	102185	102260	389564	1375799	5
2022.01.06	17:00:00	102260	102375	102115	102240	312477	1146610	5
2022.01.06	18:00:00	102240	102600	102225	102600	73493	267188	5
2022.01.07	09:00:00	102385	102720	102315	102595	590440	1778609	5
2022.01.07	10:00:00	102595	102675	101855	102590	1197095	3944895	5
2022.01.07	11:00:00	102585	103265	102510	103220	905724	3204759	5
2022.01.07	12:00:00	103215	103230	102335	102455	653952	2402296	5
2022.01.07	13:00:00	102450	103010	102255	102925	537559	1980688	5
2022.01.07	14:00:00	102925	103100	102780	102995	419291	1518506	5
2022.01.07	15:00:00	102995	103385	102930	103150	391972	1513965	5
2022.01.07	16:00:00	103155	103350	103070	103275	294799	1155902	5
2022.01.07	17:00:00	103270	103350	103155	103265	228199	931954	5
2022.01.07	18:00:00	103265	103720	103225	103410	89787	296693	5
2022.01.10	09:00:00	102900	103320	102570	102585	546458	1666941	5
2022.01.10	10:00:00	102585	103100	102455	102995	990532	3448444	5
2022.01.10	11:00:00	102995	103405	102225	102240	1017372	3678055	5
2022.01.10	12:00:00	102240	102245	101750	102125	673602	2540679	5
2022.01.10	13:00:00	102125	102500	102075	102415	530843	1948710	5
2022.01.10	14:00:00	102415	102450	102065	102210	456711	1798691	5
2022.01.10	15:00:00	102205	102535	102180	102470	481303	2032527	5
2022.01.10	16:00:00	102465	102780	102415	102510	449820	1723707	5
2022.01.10	17:00:00	102510	102710	102160	102680	411384	1580026	5
2022.01.10	18:00:00	102680	103315	102645	103315	99800	399597	5
2022.01.11	09:00:00	103400	103620	102655	102685	482818	1506824	5
2022.01.11	10:00:00	102685	103355	102565	103265	1058152	3863617	5
2022.01.11	11:00:00	103265	103450	102880	103400	938824	3477713	5
2022.01.11	12:00:00	103405	103930	103400	103755	727420	2739952	5
2022.01.11	13:00:00	103755	104350	103745	104240	497117	1987566	5
2022.01.11	14:00:00	104235	104290	104100	104245	287983	1155749	5
2022.01.11	15:00:00	104250	104425	104060	104310	375423	1600558	5
2022.01.11	16:00:00	104310	104450	104195	104375	304419	1386934	5
2022.01.11	17:00:00	104370	104650	104250	104590	229248	1094705	5
2022.01.11	18:00:00	104590	104875	104545	104775	78368	341126	5
2022.01.12	09:00:00	104800	104915	104375	104465	643560	2037758	5
2022.01.12	10:00:00	104470	105690	104410	105635	1053266	3727830	5
2022.01.12	11:00:00	105635	106305	105565	106290	822310	2998736	5
2022.01.12	12:00:00	106290	106345	105785	105940	559797	2072970	5
2022.01.12	13:00:00	105940	106210	105695	106125	541986	2093758	5
2022.01.12	14:00:00	106125	106345	105915	106250	411082	1728358	5
2022.01.12	15:00:00	106250	106300	106010	106160	354981	1518396	5
2022.01.12	16:00:00	106165	106525	106065	106475	327487	1605059	5
2022.01.12	17:00:00	106475	106655	106400	106530	270960	1273400	5
2022.01.12	18:00:00	106530	106740	106335	106740	78707	331106	5
2022.01.13	09:00:00	106300	106360	105865	105895	582454	1807058	5
2022.01.13	10:00:00	105895	106275	105650	106040	1060182	3747428	5
2022.01.13	11:00:00	106040	107015	105905	106900	828463	3066551	5
2022.01.13	12:00:00	106900	106905	105940	106255	807044	2875170	5
2022.01.13	13:00:00	106255	106820	106150	106490	559971	2045731	5
2022.01.13	14:00:00	106485	106570	106065	106435	615443	2254421	5
2022.01.13	15:00:00	106435	106885	106255	106800	514774	1965769	5
2022.01.13	16:00:00	106805	106995	106560	106770	373212	1423835	5
2022.01.13	17:00:00	106770	106775	106185	106275	424689	1777234	5
2022.01.13	18:00:00	106270	106305	106115	106300	63350	227108	5
2022.01.14	09:00:00	106135	106460	105930	105945	717905	2244025	5
2022.01.14	10:00:00	105945	106440	105700	105935	1164120	3841225	5
2022.01.14	11:00:00	105930	106840	105800	106755	996005	3465728	5
2022.01.14	12:00:00	106750	107340	106575	107195	747443	2688954	5
2022.01.14	13:00:00	107190	107285	106875	107060	503717	1788885	5
2022.01.14	14:00:00	107065	107165	106760	106870	363731	1382018	5
2022.01.14	15:00:00	106865	107315	106780	107250	399385	1689742	5
2022.01.14	16:00:00	107255	107595	107135	107555	390946	1673716	5
2022.01.14	17:00:00	107555	107785	107515	107670	316240	1387913	5
2022.01.14	18:00:00	107670	107985	107605	107985	75420	322900	5
2022.01.17	09:00:00	107660	107855	107170	107180	508225	1628420	5
2022.01.17	10:00:00	107185	107470	106905	106965	835337	2984372	5
2022.01.17	11:00:00	106960	107125	106715	107120	580145	2197439	5
2022.01.17	12:00:00	107125	107355	107045	107280	379307	1447626	5
2022.01.17	13:00:00	107275	107420	106980	107115	356595	1375422	5
2022.01.17	14:00:00	107110	107475	107040	107465	325469	1277254	5
2022.01.17	15:00:00	107465	107545	107285	107305	314447	1167226	5
2022.01.17	16:00:00	107300	107330	107050	107095	244673	916094	5
2022.01.17	17:00:00	107095	107390	107055	107235	210620	796157	5
2022.01.17	18:00:00	107235	107250	107000	107000	88508	317950	5
2022.01.18	09:00:00	106300	106725	106155	106705	463018	1459212	5
2022.01.18	10:00:00	106700	107125	106490	107025	904971	3249267	5
2022.01.18	11:00:00	107025	107190	106565	106980	1065561	3958229	5
2022.01.18	12:00:00	106980	107515	106905	107200	711911	2734041	5
2022.01.18	13:00:00	107205	107745	106990	107620	587366	2407913	5
2022.01.18	14:00:00	107620	107655	106405	106625	687287	2798416	5
2022.01.18	15:00:00	106620	107280	106385	107270	521903	2166129	5
2022.01.18	16:00:00	107265	107670	107240	107530	386647	1708805	5
2022.01.18	17:00:00	107525	107560	107060	107325	378818	1790920	5
2022.01.18	18:00:00	107320	107540	107235	107530	70103	266078	5
2022.01.19	09:00:00	107530	108335	107510	108175	580001	1919693	5
2022.01.19	10:00:00	108175	109060	108155	108925	893006	3260485	5
2022.01.19	11:00:00	108925	109245	108760	109110	929338	3407866	5
2022.01.19	12:00:00	109105	109315	108805	109090	738029	2752295	5
2022.01.19	13:00:00	109090	109130	108770	109130	525665	1887359	5
2022.01.19	14:00:00	109125	109215	108910	109055	412861	1578280	5
2022.01.19	15:00:00	109055	109135	108860	109030	397180	1617824	5
2022.01.19	16:00:00	109025	109070	108690	108815	450289	1814686	5
2022.01.19	17:00:00	108815	109020	108650	108700	334968	1347718	5
2022.01.19	18:00:00	108695	108865	108650	108850	94189	343617	5
2022.01.20	09:00:00	109400	109425	108810	108865	548877	1706369	5
2022.01.20	10:00:00	108865	109765	108800	109600	1039863	3650152	5
2022.01.20	11:00:00	109595	110080	109575	110065	799299	2818247	5
2022.01.20	12:00:00	110065	110150	109805	110075	543238	1936135	5
2022.01.20	13:00:00	110070	110175	109910	110060	352601	1222420	5
2022.01.20	14:00:00	110065	110465	110040	110410	388572	1547117	5
2022.01.20	15:00:00	110410	110440	110190	110395	377423	1612065	5
2022.01.20	16:00:00	110390	110515	110085	110165	417375	1812082	5
2022.01.20	17:00:00	110165	110195	109610	109735	440769	1848903	5
2022.01.20	18:00:00	109735	109850	109595	109850	92254	357246	5
2022.01.21	09:00:00	109500	109580	108890	109235	688690	2154382	5
2022.01.21	10:00:00	109235	109840	108900	109820	966563	3406855	5
2022.01.21	11:00:00	109815	110430	109535	109970	1054100	3833908	5
2022.01.21	12:00:00	109965	110135	109470	109900	1005845	3388307	5
2022.01.21	13:00:00	109900	110160	109740	109865	682800	2277314	5
2022.01.21	14:00:00	109860	109965	109585	109735	682192	2339827	5
2022.01.21	15:00:00	109730	109790	109250	109545	656643	2261846	5
2022.01.21	16:00:00	109545	109915	109495	109515	488243	1773509	5
2022.01.21	17:00:00	109510	109645	109170	109385	532846	1858564	5
2022.01.21	18:00:00	109390	109605	109325	109550	99072	281926	5
2022.01.24	09:00:00	108955	109315	108745	109200	633606	1873647	5
2022.01.24	10:00:00	109195	109350	108130	108175	1200466	4124756	5
2022.01.24	11:00:00	108175	108620	107655	107755	1169335	4145681	5
2022.01.24	12:00:00	107755	108245	107610	107880	1052739	3487680	5
2022.01.24	13:00:00	107875	107950	107285	107685	886898	2862809	5
2022.01.24	14:00:00	107685	107710	107135	107625	907275	2930713	5
2022.01.24	15:00:00	107625	108015	107575	107755	814313	2603611	5
2022.01.24	16:00:00	107755	108085	107415	108055	819521	2744151	5
2022.01.24	17:00:00	108050	108500	108025	108370	583794	1999818	5
2022.01.24	18:00:00	108370	109025	108345	109015	126216	414119	5
2022.01.25	09:00:00	108475	108490	107720	107785	573069	1793506	5
2022.01.25	10:00:00	107785	108840	107625	108765	1096236	3832780	5
2022.01.25	11:00:00	108765	109315	108520	108690	1044337	3723787	5
2022.01.25	12:00:00	108690	109240	108155	108825	1047024	3514318	5
2022.01.25	13:00:00	108825	109415	108610	108935	802948	2744047	5
2022.01.25	14:00:00	108940	109695	108845	109555	709434	2497437	5
2022.01.25	15:00:00	109555	110380	109425	110355	616475	2214097	5
2022.01.25	16:00:00	110355	110645	110265	110560	456158	1790635	5
2022.01.25	17:00:00	110555	111340	110265	110925	585745	2208059	5
2022.01.25	18:00:00	110920	111070	110700	110805	98008	351546	5
2022.01.26	09:00:00	111570	112230	111445	111895	758697	2379263	5
2022.01.26	10:00:00	111895	112790	111850	112405	1028966	3571343	5
2022.01.26	11:00:00	112405	112915	112125	112725	1039386	3517188	5
2022.01.26	12:00:00	112725	112915	112285	112800	831831	2782284	5
2022.01.26	13:00:00	112800	112985	112475	112735	539938	1851497	5
2022.01.26	14:00:00	112735	112865	112645	112765	396104	1421543	5
2022.01.26	15:00:00	112770	112940	112475	112790	469212	1715644	5
2022.01.26	16:00:00	112795	113270	112045	112640	1347996	4587785	5
2022.01.26	17:00:00	112640	112645	111425	112030	1045765	3220859	5
2022.01.26	18:00:00	112035	112080	111770	112080	74304	230818	5
2022.01.27	09:00:00	112110	112925	112100	112860	760750	2345410	5
2022.01.27	10:00:00	112865	113320	112790	113085	993952	3420532	5
2022.01.27	11:00:00	113090	113430	112810	113010	1024205	3586753	5
2022.01.27	12:00:00	113010	113475	112690	113360	936669	3166423	5
2022.01.27	13:00:00	113355	113580	113185	113310	641764	2227359	5
2022.01.27	14:00:00	113310	113335	112600	112880	714613	2556281	5
2022.01.27	15:00:00	112875	112950	112160	112605	861333	2986130	5
2022.01.27	16:00:00	112610	112815	112270	112610	659871	2303951	5
2022.01.27	17:00:00	112615	113195	112505	113055	535148	1849761	5
2022.01.27	18:00:00	113055	113090	112850	112900	77731	270737	5
2022.01.28	09:00:00	112640	112745	112170	112425	780790	2204516	5
2022.01.28	10:00:00	112425	113480	112290	113205	1107147	3627721	5
2022.01.28	11:00:00	113200	113210	112465	112515	1005025	3231387	5
2022.01.28	12:00:00	112515	112775	112215	112695	953220	3047056	5
2022.01.28	13:00:00	112695	112920	112340	112535	677663	2188660	5
2022.01.28	14:00:00	112540	112695	111900	112160	609815	2162090	5
2022.01.28	15:00:00	112160	112515	112100	112370	568030	2053870	5
2022.01.28	16:00:00	112370	112500	111890	112320	532752	1906042	5
2022.01.28	17:00:00	112320	112510	111895	112270	496834	1707097	5
2022.01.28	18:00:00	112275	112440	112190	112440	81603	235281	5
2022.01.31	09:00:00	112470	112470	111775	112315	530745	1511109	5
2022.01.31	10:00:00	112315	112645	111575	112545	1043946	3343762	5
2022.01.31	11:00:00	112545	112615	112155	112400	921357	2909070	5
2022.01.31	12:00:00	112405	112500	111820	112190	751241	2420320	5
2022.01.31	13:00:00	112185	112650	111900	112435	579197	1990814	5
2022.01.31	14:00:00	112435	112485	112190	112375	406759	1392446	5
2022.01.31	15:00:00	112375	112600	112075	112600	469205	1591101	5
2022.01.31	16:00:00	112595	112800	112485	112780	404664	1342707	5
2022.01.31	17:00:00	112785	113040	112605	112825	436498	1463364	5
2022.01.31	18:00:00	112820	112860	112430	112430	99897	342034	5
2022.02.01	09:00:00	112540	112880	112400	112455	624440	1786610	5
2022.02.01	10:00:00	112455	113020	112430	112790	898504	2884871	5
2022.02.01	11:00:00	112790	113270	112475	113200	952606	3060099	5
2022.02.01	12:00:00	113205	113710	112875	113455	781300	2596542	5
2022.02.01	13:00:00	113460	113500	113205	113295	431292	1427555	5
2022.02.01	14:00:00	113300	113320	113085	113280	384109	1310109	5
2022.02.01	15:00:00	113280	113535	113135	113270	379671	1365023	5
2022.02.01	16:00:00	113270	113550	113165	113455	354265	1268341	5
2022.02.01	17:00:00	113455	113675	113410	113560	278300	1022113	5
2022.02.01	18:00:00	113560	113795	113525	113745	88644	312444	5
2022.02.02	09:00:00	114000	114135	113565	113585	507743	1500403	5
2022.02.02	10:00:00	113585	113865	113215	113255	767579	2464969	5
2022.02.02	11:00:00	113255	113405	112840	112855	690258	2303719	5
2022.02.02	12:00:00	112855	112920	112500	112745	577813	2056679	5
2022.02.02	13:00:00	112740	112775	111970	112175	541037	1971696	5
2022.02.02	14:00:00	112175	112435	112120	112430	379373	1394229	5
2022.02.02	15:00:00	112425	112450	112080	112315	456191	1653390	5
2022.02.02	16:00:00	112315	112590	112290	112510	370846	1367206	5
2022.02.02	17:00:00	112505	112665	112210	112255	373005	1340807	5
2022.02.02	18:00:00	112260	112355	111765	112030	150782	496080	5
2022.02.03	09:00:00	111590	112400	111580	112315	594051	1750226	5
2022.02.03	10:00:00	112320	112745	111580	111705	898050	3164615	5
2022.02.03	11:00:00	111705	112420	111560	111995	1130126	3771273	5
2022.02.03	12:00:00	111995	112260	111715	112070	763987	2459030	5
2022.02.03	13:00:00	112070	112370	111745	111785	572995	1990672	5
2022.02.03	14:00:00	111780	112260	111525	112170	616136	2112993	5
2022.02.03	15:00:00	112170	112195	111920	112140	436686	1542934	5
2022.02.03	16:00:00	112135	112285	111920	112060	412784	1497009	5
2022.02.03	17:00:00	112065	112265	111790	111825	439100	1492055	5
2022.02.03	18:00:00	111825	112490	111790	112490	137757	412085	5
2022.02.04	09:00:00	112000	112140	111685	112025	547292	1605464	5
2022.02.04	10:00:00	112025	112075	110535	110885	1200325	3649941	5
2022.02.04	11:00:00	110885	111560	110820	111540	904804	2805881	5
2022.02.04	12:00:00	111540	111710	111240	111540	725714	2169053	5
2022.02.04	13:00:00	111540	112460	111425	112370	626321	2045994	5
2022.02.04	14:00:00	112370	112495	112165	112390	392660	1311525	5
2022.02.04	15:00:00	112390	112470	112115	112175	324909	1163613	5
2022.02.04	16:00:00	112180	112330	112035	112155	336397	1228737	5
2022.02.04	17:00:00	112150	112690	112140	112460	384781	1334072	5
2022.02.04	18:00:00	112465	112510	112285	112285	95007	288529	5
2022.02.07	09:00:00	112350	112385	111755	111985	589756	1724713	5
2022.02.07	10:00:00	111980	112500	111740	112210	1172536	3723564	5
2022.02.07	11:00:00	112210	112340	111655	112320	1020270	3128901	5
2022.02.07	12:00:00	112320	112610	112130	112495	627618	1963943	5
2022.02.07	13:00:00	112495	112635	112175	112380	549323	1813690	5
2022.02.07	14:00:00	112375	112460	112095	112260	488859	1636444	5
2022.02.07	15:00:00	112260	112525	112190	112500	348059	1222583	5
2022.02.07	16:00:00	112500	112635	112360	112520	362294	1289707	5
2022.02.07	17:00:00	112515	112640	112100	112270	404733	1387344	5
2022.02.07	18:00:00	112265	112335	112130	112320	70885	226112	5
2022.02.08	09:00:00	111900	112115	111730	111795	541455	1558246	5
2022.02.08	10:00:00	111800	111860	111050	111320	955991	3073829	5
2022.02.08	11:00:00	111315	111915	111265	111625	818870	2672001	5
2022.02.08	12:00:00	111630	111735	111260	111665	639753	2093406	5
2022.02.08	13:00:00	111670	111935	111630	111920	381240	1256565	5
2022.02.08	14:00:00	111915	112315	111850	112175	464980	1607080	5
2022.02.08	15:00:00	112180	112215	112075	112190	257196	919087	5
2022.02.08	16:00:00	112190	112315	112025	112170	402204	1401621	5
2022.02.08	17:00:00	112170	112425	112065	112390	289108	1036485	5
2022.02.08	18:00:00	112390	112750	112325	112750	89411	290583	5
2022.02.09	09:00:00	113000	113100	112190	112205	686055	2004637	5
2022.02.09	10:00:00	112210	112725	111875	111940	1160645	3656943	5
2022.02.09	11:00:00	111930	112620	111915	112505	910900	2881592	5
2022.02.09	12:00:00	112505	113360	112455	113115	609364	2028497	5
2022.02.09	13:00:00	113115	113190	112685	112690	339498	1169658	5
2022.02.09	14:00:00	112690	113195	112635	113090	395956	1418666	5
2022.02.09	15:00:00	113085	113095	112580	112600	398968	1424468	5
2022.02.09	16:00:00	112605	112725	112255	112435	407286	1477250	5
2022.02.09	17:00:00	112435	112840	112330	112555	341444	1169104	5
2022.02.09	18:00:00	112555	112625	112365	112395	68601	207243	5
2022.02.10	09:00:00	112500	113040	112455	112755	643522	1848568	5
2022.02.10	10:00:00	112755	113240	112480	112890	1218261	3734586	5
2022.02.10	11:00:00	112890	113475	112245	113430	1104485	3456755	5
2022.02.10	12:00:00	113430	113700	113360	113455	636631	1981559	5
2022.02.10	13:00:00	113455	113780	113405	113640	465913	1437990	5
2022.02.10	14:00:00	113635	113910	113435	113800	576576	2014100	5
2022.02.10	15:00:00	113795	113985	113615	113835	539918	1841448	5
2022.02.10	16:00:00	113835	113845	113535	113560	450419	1498069	5
2022.02.10	17:00:00	113560	113680	113215	113370	440931	1441623	5
2022.02.10	18:00:00	113370	113555	113330	113495	87778	257832	5
2022.02.11	09:00:00	113120	114300	113110	114145	663682	1933616	5
2022.02.11	10:00:00	114145	114425	113945	113995	916607	2856577	5
2022.02.11	11:00:00	113995	114590	113765	114465	939298	3044843	5
2022.02.11	12:00:00	114460	114885	114455	114710	543393	1688366	5
2022.02.11	13:00:00	114710	114950	114655	114825	414701	1334427	5
2022.02.11	14:00:00	114825	114980	114780	114895	316503	1085920	5
2022.02.11	15:00:00	114895	114990	113740	113990	878309	2997018	5
2022.02.11	16:00:00	113995	114235	113155	113370	1087715	3269440	5
2022.02.11	17:00:00	113370	113810	113100	113540	625675	1802327	5
2022.02.11	18:00:00	113540	113800	113450	113800	75647	197908	5
2022.02.14	09:00:00	113000	114000	112880	113770	726512	2062070	5
2022.02.14	10:00:00	113770	114310	113700	114065	1009999	2981972	5
2022.02.14	11:00:00	114065	114095	113640	114010	876812	2623915	5
2022.02.14	12:00:00	114010	114015	113435	113760	841030	2566011	5
2022.02.14	13:00:00	113755	114025	113690	113865	507078	1541048	5
2022.02.14	14:00:00	113865	114130	113745	114060	399494	1247413	5
2022.02.14	15:00:00	114055	114140	113435	113545	608101	1961063	5
2022.02.14	16:00:00	113550	113940	113350	113790	644045	2017886	5
2022.02.14	17:00:00	113790	113950	113575	113835	413111	1270539	5
2022.02.14	18:00:00	113835	113995	113800	113960	70400	218103	5
2022.02.15	09:00:00	114500	114715	114240	114255	629254	1675596	5
2022.02.15	10:00:00	114255	114595	114110	114355	923980	2690369	5
2022.02.15	11:00:00	114360	114585	114115	114150	808021	2503351	5
2022.02.15	12:00:00	114150	114675	113980	114645	566607	1817931	5
2022.02.15	13:00:00	114650	114755	114525	114650	314189	1033553	5
2022.02.15	14:00:00	114650	114735	114515	114640	354085	1133111	5
2022.02.15	15:00:00	114640	114805	114595	114755	247973	814357	5
2022.02.15	16:00:00	114750	114780	114590	114665	236999	824130	5
2022.02.15	17:00:00	114665	114900	114590	114855	230872	768445	5
2022.02.15	18:00:00	114850	115135	114800	115135	93571	250082	5
2022.02.16	09:00:00	116255	116865	116255	116750	451474	1308165	5
2022.02.16	10:00:00	116750	117270	116675	116965	611542	1931707	5
2022.02.16	11:00:00	116960	117150	116740	116935	702162	2230962	5
2022.02.16	12:00:00	116930	117005	116705	116800	418262	1399664	5
2022.02.16	13:00:00	116800	116855	116455	116555	323531	1116287	5
2022.02.16	14:00:00	116555	116725	116450	116710	330295	1140371	5
2022.02.16	15:00:00	116710	116935	116640	116790	349984	1267044	5
2022.02.16	16:00:00	116795	117245	116560	117025	539301	1918337	5
2022.02.16	17:00:00	117020	117045	116560	116665	330682	1144828	5
2022.02.16	18:00:00	116670	116775	116625	116680	60801	201198	5
2022.02.17	09:00:00	116300	116515	116140	116375	463550	1265713	5
2022.02.17	10:00:00	116380	116615	116045	116415	903783	2848814	5
2022.02.17	11:00:00	116410	116630	115635	115705	936802	3068908	5
2022.02.17	12:00:00	115705	115725	115245	115440	504636	1628564	5
2022.02.17	13:00:00	115445	115645	115400	115590	269916	980052	5
2022.02.17	14:00:00	115590	115755	115525	115590	281972	1026090	5
2022.02.17	15:00:00	115590	115670	115450	115635	326978	1149519	5
2022.02.17	16:00:00	115635	115645	115315	115365	297307	1040986	5
2022.02.17	17:00:00	115365	115390	114925	115005	425323	1473155	5
2022.02.17	18:00:00	115010	115080	114800	114900	100924	273234	5
2022.02.18	09:00:00	115355	115815	115300	115685	471413	1392624	5
2022.02.18	10:00:00	115685	115720	115225	115535	908718	2811980	5
2022.02.18	11:00:00	115535	115545	114885	115245	752011	2423728	5
2022.02.18	12:00:00	115245	115270	114560	114650	641905	2015172	5
2022.02.18	13:00:00	114645	114705	114340	114565	505523	1665494	5
2022.02.18	14:00:00	114565	114770	114395	114420	512042	1677938	5
2022.02.18	15:00:00	114420	114760	114355	114690	387744	1318433	5
2022.02.18	16:00:00	114690	114940	114530	114780	405143	1475183	5
2022.02.18	17:00:00	114775	114865	114060	114370	482877	1635521	5
2022.02.18	18:00:00	114370	114460	114150	114160	107606	272923	5
2022.02.21	09:00:00	114320	114530	114105	114245	508850	1473586	5
2022.02.21	10:00:00	114245	114585	113860	114460	927642	2943344	5
2022.02.21	11:00:00	114465	114810	114415	114740	543807	1783511	5
2022.02.21	12:00:00	114740	114840	114595	114695	293557	934129	5
2022.02.21	13:00:00	114695	114760	114525	114545	232762	798171	5
2022.02.21	14:00:00	114540	114650	114290	114360	304442	1000654	5
2022.02.21	15:00:00	114355	114375	113900	114090	325614	1005728	5
2022.02.21	16:00:00	114085	114090	113555	113695	353614	1066022	5
2022.02.21	17:00:00	113700	113700	113035	113150	356526	1032148	5
2022.02.21	18:00:00	113140	113190	112950	112950	77600	229029	5
2022.02.22	09:00:00	113650	114560	113650	114500	710889	2107908	5
2022.02.22	10:00:00	114495	114795	114320	114630	802476	2591481	5
2022.02.22	11:00:00	114630	114760	114205	114655	804206	2671385	5
2022.02.22	12:00:00	114655	114710	114280	114300	679590	2291191	5
2022.02.22	13:00:00	114305	114455	114090	114145	521674	1763503	5
2022.02.22	14:00:00	114145	114225	114025	114075	329995	1161248	5
2022.02.22	15:00:00	114070	114290	113660	113790	510720	1782540	5
2022.02.22	16:00:00	113790	114545	113585	114425	706352	2399443	5
2022.02.22	17:00:00	114425	114530	114060	114275	393389	1378904	5
2022.02.22	18:00:00	114275	114795	114270	114795	103760	350670	5
2022.02.23	09:00:00	114700	114965	114410	114750	596002	1733521	5
2022.02.23	10:00:00	114750	115110	114435	114915	949001	3039995	5
2022.02.23	11:00:00	114910	114955	114115	114195	861457	2844548	5
2022.02.23	12:00:00	114195	114320	113695	113745	588868	2040273	5
2022.02.23	13:00:00	113745	114000	113605	113860	420705	1512548	5
2022.02.23	14:00:00	113855	114050	113660	113920	432602	1559883	5
2022.02.23	15:00:00	113920	113970	113690	113850	403624	1471897	5
2022.02.23	16:00:00	113845	113905	113210	113425	469160	1687737	5
2022.02.23	17:00:00	113425	113525	113015	113120	367602	1299937	5
2022.02.23	18:00:00	113120	113180	112925	113010	83608	280083	5
2022.02.24	09:00:00	110500	111495	110050	110790	1032798	2806979	5
2022.02.24	10:00:00	110785	111395	110425	111035	984588	3144649	5
2022.02.24	11:00:00	111035	111355	110500	111055	1032249	3146445	5
2022.02.24	12:00:00	111055	111675	110760	111280	788328	2470526	5
2022.02.24	13:00:00	111280	111595	111110	111235	509768	1567915	5
2022.02.24	14:00:00	111230	111255	110320	110565	636975	2036622	5
2022.02.24	15:00:00	110560	111390	110340	111070	615619	2059839	5
2022.02.24	16:00:00	111070	112620	110920	112275	721283	2532115	5
2022.02.24	17:00:00	112275	112870	112220	112805	462870	1644505	5
2022.02.24	18:00:00	112805	112850	112645	112750	79724	292212	5
2022.02.25	09:00:00	112595	112600	111755	112175	677750	2014351	5
2022.02.25	10:00:00	112175	112700	112080	112460	831075	2666689	5
2022.02.25	11:00:00	112460	112910	111845	112545	933756	2970880	5
2022.02.25	12:00:00	112550	113040	112155	112975	719614	2282187	5
2022.02.25	13:00:00	112975	113215	112780	113205	461397	1494400	5
2022.02.25	14:00:00	113200	113245	112860	112955	347472	1159465	5
2022.02.25	15:00:00	112960	113125	112830	113015	330661	1083926	5
2022.02.25	16:00:00	113020	113175	112960	113075	277009	934111	5
2022.02.25	17:00:00	113075	114400	113055	114355	440215	1560724	5
2022.02.25	18:00:00	114355	114495	114220	114250	117720	319785	5
2022.03.02	13:00:00	115250	116240	115125	115915	765503	2325867	5
2022.03.02	14:00:00	115920	116395	115830	116360	519364	1724571	5
2022.03.02	15:00:00	116360	116670	116355	116505	374273	1365221	5
2022.03.02	16:00:00	116500	116580	116290	116330	345542	1273715	5
2022.03.02	17:00:00	116330	116570	116250	116370	396648	1387150	5
2022.03.02	18:00:00	116365	116620	116270	116605	106786	323204	5
2022.03.03	09:00:00	116550	116770	116310	116530	581970	1709699	5
2022.03.03	10:00:00	116535	117095	116405	116845	731937	2507352	5
2022.03.03	11:00:00	116840	117075	116635	116750	683548	2287411	5
2022.03.03	12:00:00	116750	117155	116550	116555	607714	2022529	5
2022.03.03	13:00:00	116560	116795	116405	116685	474571	1615114	5
2022.03.03	14:00:00	116680	116960	116455	116640	544457	1744936	5
2022.03.03	15:00:00	116640	116870	116535	116565	368943	1169458	5
2022.03.03	16:00:00	116560	116860	116380	116485	352520	1139441	5
2022.03.03	17:00:00	116485	116500	116190	116370	351111	1101684	5
2022.03.03	18:00:00	116370	116660	116350	116610	88091	279136	5
2022.03.04	09:00:00	115795	116145	115650	115995	664073	1890841	5
2022.03.04	10:00:00	116000	116190	115305	115415	956579	2854777	5
2022.03.04	11:00:00	115410	115515	114935	115175	685933	2173491	5
2022.03.04	12:00:00	115180	115225	114555	114630	559543	1748835	5
2022.03.04	13:00:00	114635	114855	114545	114775	414507	1340361	5
2022.03.04	14:00:00	114775	115080	114705	115060	403563	1400353	5
2022.03.04	15:00:00	115060	115325	114975	114995	422223	1432314	5
2022.03.04	16:00:00	114990	115130	114810	114835	384201	1377997	5
2022.03.04	17:00:00	114835	115830	114800	115795	460563	1542691	5
2022.03.04	18:00:00	115795	115800	115545	115585	91547	284424	5
2022.03.07	09:00:00	115140	115370	114745	114870	693588	2049090	5
2022.03.07	10:00:00	114875	115630	114820	115390	767181	2533703	5
2022.03.07	11:00:00	115390	115415	114880	114935	731816	2386951	5
2022.03.07	12:00:00	114935	115215	114560	114630	583277	1889879	5
2022.03.07	13:00:00	114625	114760	114025	114060	496320	1621375	5
2022.03.07	14:00:00	114060	114070	113535	113655	515408	1725706	5
2022.03.07	15:00:00	113650	113725	113430	113470	363939	1233841	5
2022.03.07	16:00:00	113470	113510	112960	113040	382083	1380284	5
2022.03.07	17:00:00	113035	113085	112125	112160	513777	1836462	5
2022.03.07	18:00:00	112160	112220	111815	111815	133357	429242	5
2022.03.08	09:00:00	112720	113645	112715	113265	659474	1928534	5
2022.03.08	10:00:00	113265	113410	112550	112620	1112168	3387373	5
2022.03.08	11:00:00	112625	113035	112250	112775	1096861	3461668	5
2022.03.08	12:00:00	112775	112940	112155	112460	816266	2720106	5
2022.03.08	13:00:00	112460	112610	111995	112250	580533	1950670	5
2022.03.08	14:00:00	112245	113135	112220	112955	871353	3083463	5
2022.03.08	15:00:00	112955	113445	112335	112465	700733	2526519	5
2022.03.08	16:00:00	112465	112895	112315	112690	629018	2335926	5
2022.03.08	17:00:00	112690	112990	112170	112275	466609	1547183	5
2022.03.08	18:00:00	112270	112425	112000	112010	111963	293342	5
2022.03.09	09:00:00	113390	113755	112985	113105	611143	1733371	5
2022.03.09	10:00:00	113105	113335	112660	113245	876178	2869082	5
2022.03.09	11:00:00	113240	114190	113215	113980	914973	3061355	5
2022.03.09	12:00:00	113985	114410	113985	114245	520516	1835788	5
2022.03.09	13:00:00	114240	114490	114140	114245	377580	1348170	5
2022.03.09	14:00:00	114245	114585	114065	114420	458969	1635174	5
2022.03.09	15:00:00	114420	114785	114265	114365	510056	1853599	5
2022.03.09	16:00:00	114365	114740	114265	114695	348830	1260064	5
2022.03.09	17:00:00	114690	115130	114675	114830	409504	1423009	5
2022.03.09	18:00:00	114830	115000	114775	114790	90069	267864	5
2022.03.10	09:00:00	114150	114295	113755	113845	627582	1736456	5
2022.03.10	10:00:00	113850	114650	113265	113360	1124210	3600452	5
2022.03.10	11:00:00	113365	113600	112775	113560	807634	2592686	5
2022.03.10	12:00:00	113560	113760	113235	113670	658623	2190318	5
2022.03.10	13:00:00	113670	113895	113425	113845	465061	1598056	5
2022.03.10	14:00:00	113845	113895	113400	113555	432565	1458934	5
2022.03.10	15:00:00	113560	114405	113435	114335	492045	1637522	5
2022.03.10	16:00:00	114335	114565	114210	114560	395359	1360893	5
2022.03.10	17:00:00	114555	114600	114180	114490	371501	1265940	5
2022.03.10	18:00:00	114485	114615	114335	114600	97878	293450	5
2022.03.11	09:00:00	115600	115740	114965	115055	655869	1780602	5
2022.03.11	10:00:00	115055	115515	114755	115060	1090864	3252109	5
2022.03.11	11:00:00	115060	115255	114365	114445	810863	2568540	5
2022.03.11	12:00:00	114440	114515	114100	114285	600161	1952965	5
2022.03.11	13:00:00	114285	114505	114010	114070	419010	1374166	5
2022.03.11	14:00:00	114065	114425	114030	114310	380595	1262410	5
2022.03.11	15:00:00	114310	114350	113810	113850	392786	1338447	5
2022.03.11	16:00:00	113850	114140	112910	113295	500514	1769731	5
2022.03.11	17:00:00	113290	113290	112145	112515	599500	1926638	5
2022.03.11	18:00:00	112510	112900	112405	112900	109246	299223	5
2022.03.14	09:00:00	112750	113170	112510	113070	769978	2056901	5
2022.03.14	10:00:00	113070	113295	111480	111720	1102693	3411045	5
2022.03.14	11:00:00	111725	112190	111530	111900	806630	2612173	5
2022.03.14	12:00:00	111900	112110	111120	111140	617858	1966698	5
2022.03.14	13:00:00	111145	111340	110875	110950	575564	1809573	5
2022.03.14	14:00:00	110955	111140	110765	110920	534029	1717687	5
2022.03.14	15:00:00	110920	111000	110530	110750	522969	1708027	5
2022.03.14	16:00:00	110755	111095	110505	110820	569873	1805414	5
2022.03.14	17:00:00	110825	110975	110560	110810	254416	750892	5
2022.03.15	09:00:00	110880	110945	109970	110020	747574	2154950	5
2022.03.15	10:00:00	110020	110060	108865	108880	1008403	3435972	5
2022.03.15	11:00:00	108880	109860	108570	109630	806339	2976162	5
2022.03.15	12:00:00	109625	110095	109400	109660	652482	2259883	5
2022.03.15	13:00:00	109665	110385	109540	109975	556825	1915477	5
2022.03.15	14:00:00	109970	110030	109455	109800	473118	1675048	5
2022.03.15	15:00:00	109800	109850	109190	109755	511065	1690223	5
2022.03.15	16:00:00	109750	110025	109550	109700	482598	1619009	5
2022.03.15	17:00:00	109700	109870	109480	109690	277291	773508	5
2022.03.16	09:00:00	111255	111480	110705	110765	618543	1920804	5
2022.03.16	10:00:00	110765	111555	110655	111435	962588	3097026	5
2022.03.16	11:00:00	111435	112010	111300	111415	726975	2468231	5
2022.03.16	12:00:00	111420	111510	111075	111220	449628	1509845	5
2022.03.16	13:00:00	111220	111455	110745	111010	475102	1593019	5
2022.03.16	14:00:00	111010	111110	110490	110845	536032	1741379	5
2022.03.16	15:00:00	110845	111310	109850	111045	925428	2950044	5
2022.03.16	16:00:00	111045	112025	110940	112020	559753	1831482	5
2022.03.16	17:00:00	112020	112330	111835	112330	305929	822997	5
2022.03.17	09:00:00	112010	112465	111595	112355	857102	2479047	5
2022.03.17	10:00:00	112355	112885	111875	112140	1065078	3349655	5
2022.03.17	11:00:00	112145	112510	111770	112495	770116	2456938	5
2022.03.17	12:00:00	112495	112870	112305	112790	485012	1497110	5
2022.03.17	13:00:00	112785	113175	112585	113125	378640	1211987	5
2022.03.17	14:00:00	113130	113805	113040	113630	451694	1571405	5
2022.03.17	15:00:00	113635	113800	113430	113600	355557	1227315	5
2022.03.17	16:00:00	113600	113875	113450	113785	434765	1542540	5
2022.03.17	17:00:00	113785	113990	113635	113820	235138	770527	5
2022.03.18	09:00:00	113110	113695	113060	113470	551087	1615182	5
2022.03.18	10:00:00	113465	114365	113185	114265	966510	3183988	5
2022.03.18	11:00:00	114270	114890	114255	114820	600054	1992966	5
2022.03.18	12:00:00	114815	114980	114605	114710	384488	1354378	5
2022.03.18	13:00:00	114710	114990	114675	114980	257223	929150	5
2022.03.18	14:00:00	114980	115420	114980	115195	368244	1379096	5
2022.03.18	15:00:00	115195	115660	115130	115555	324948	1180346	5
2022.03.18	16:00:00	115550	116060	115480	116000	386471	1451329	5
2022.03.18	17:00:00	116000	116095	115805	115875	193618	683322	5
2022.03.21	09:00:00	115700	116175	115630	115950	563423	1550706	5
2022.03.21	10:00:00	115950	117050	115740	116630	941806	2995052	5
2022.03.21	11:00:00	116630	116740	115950	116570	798161	2489760	5
2022.03.21	12:00:00	116575	116720	116180	116710	525023	1721556	5
2022.03.21	13:00:00	116705	116815	116160	116460	526319	1744530	5
2022.03.21	14:00:00	116455	116680	116035	116590	502594	1688642	5
2022.03.21	15:00:00	116585	117035	116305	116750	472463	1610328	5
2022.03.21	16:00:00	116750	116965	116630	116880	386883	1343592	5
2022.03.21	17:00:00	116880	117145	116820	117095	222236	705928	5
2022.03.22	09:00:00	117205	117545	116925	117535	539114	1574482	5
2022.03.22	10:00:00	117530	118290	117495	118015	844328	2973931	5
2022.03.22	11:00:00	118020	118195	117825	118085	523704	1810095	5
2022.03.22	12:00:00	118080	118100	117670	117715	366848	1291256	5
2022.03.22	13:00:00	117720	118010	117700	117925	321034	1186423	5
2022.03.22	14:00:00	117925	118025	117810	117930	314551	1202351	5
2022.03.22	15:00:00	117930	118000	117650	117850	410444	1496849	5
2022.03.22	16:00:00	117850	118140	117525	118070	406310	1544230	5
2022.03.22	17:00:00	118070	118240	117955	118215	216454	709705	5
2022.03.23	09:00:00	117750	117985	117605	117930	554747	1663333	5
2022.03.23	10:00:00	117930	118180	117670	117955	890653	2931715	5
2022.03.23	11:00:00	117950	118765	117945	118630	698378	2357253	5
2022.03.23	12:00:00	118630	118935	118610	118675	318129	1140125	5
2022.03.23	13:00:00	118675	118690	118350	118425	331113	1202691	5
2022.03.23	14:00:00	118425	118435	117960	118365	406502	1424252	5
2022.03.23	15:00:00	118365	118385	118060	118105	386602	1308595	5
2022.03.23	16:00:00	118105	118535	118010	118080	430656	1521872	5
2022.03.23	17:00:00	118080	118350	117965	118220	215700	690496	5
2022.03.24	09:00:00	118390	118600	118215	118415	398774	1137214	5
2022.03.24	10:00:00	118420	118675	117760	118645	843340	2865241	5
2022.03.24	11:00:00	118650	118905	118510	118880	549432	1901531	5
2022.03.24	12:00:00	118880	119915	118835	119625	562760	2125542	5
2022.03.24	13:00:00	119620	119685	119455	119630	262338	957453	5
2022.03.24	14:00:00	119625	119730	119375	119450	263570	983049	5
2022.03.24	15:00:00	119450	119480	119175	119220	311387	1152099	5
2022.03.24	16:00:00	119220	119895	119185	119835	335048	1266306	5
2022.03.24	17:00:00	119835	120000	119680	119985	210668	720554	5
2022.03.25	09:00:00	119975	120305	119600	120135	588151	1673593	5
2022.03.25	10:00:00	120135	120345	119610	119665	875657	2693936	5
2022.03.25	11:00:00	119660	120240	119645	119885	576933	1938049	5
2022.03.25	12:00:00	119885	119945	119065	119585	583269	2117175	5
2022.03.25	13:00:00	119585	119880	119450	119685	358793	1226222	5
2022.03.25	14:00:00	119685	119925	119410	119855	342037	1212524	5
2022.03.25	15:00:00	119855	119895	119540	119720	273826	999169	5
2022.03.25	16:00:00	119725	119845	119470	119815	318404	1144378	5
2022.03.25	17:00:00	119815	120080	119675	119780	232923	729098	5
2022.03.28	09:00:00	120000	120235	119550	119900	501656	1403293	5
2022.03.28	10:00:00	119905	119960	118760	118880	882515	2756365	5
2022.03.28	11:00:00	118885	118935	118565	118920	456734	1584582	5
2022.03.28	12:00:00	118920	119135	118725	118735	452283	1604022	5
2022.03.28	13:00:00	118735	119195	118725	119140	300192	1106116	5
2022.03.28	14:00:00	119140	119185	118900	119015	273268	974983	5
2022.03.28	15:00:00	119020	119680	118810	119680	384202	1424140	5
2022.03.28	16:00:00	119680	119685	119000	119385	400198	1443057	5
2022.03.28	17:00:00	119385	119675	119300	119400	251236	807832	5
2022.03.29	09:00:00	120200	121255	119975	120880	741812	2291754	5
2022.03.29	10:00:00	120880	121385	120265	120585	970054	3139009	5
2022.03.29	11:00:00	120590	120785	120120	120455	747219	2490609	5
2022.03.29	12:00:00	120455	120550	120235	120300	399865	1391802	5
2022.03.29	13:00:00	120300	120390	120010	120265	383112	1390916	5
2022.03.29	14:00:00	120260	120470	120080	120385	334946	1231890	5
2022.03.29	15:00:00	120385	120690	120310	120450	320464	1245022	5
2022.03.29	16:00:00	120445	120935	120430	120730	385266	1529499	5
2022.03.29	17:00:00	120730	120730	120375	120375	143104	516039	5
2022.03.30	09:00:00	120110	121055	120095	121005	590587	1658378	5
2022.03.30	10:00:00	121000	121110	120220	120670	948760	3256059	5
2022.03.30	11:00:00	120675	120885	120440	120480	624227	2238277	5
2022.03.30	12:00:00	120480	120820	120430	120775	465054	1731505	5
2022.03.30	13:00:00	120775	120810	120515	120615	243648	907741	5
2022.03.30	14:00:00	120615	120640	120325	120495	253222	969686	5
2022.03.30	15:00:00	120500	121030	120460	120690	405787	1505645	5
2022.03.30	16:00:00	120690	120845	120275	120830	419765	1555443	5
2022.03.30	17:00:00	120830	121040	120685	120900	179439	649004	5
2022.03.31	09:00:00	120805	121080	120495	120815	469889	1402442	5
2022.03.31	10:00:00	120815	121330	120700	121105	913103	3142230	5
2022.03.31	11:00:00	121105	121110	120650	120800	526930	1893208	5
2022.03.31	12:00:00	120800	120835	120370	120500	340691	1315258	5
2022.03.31	13:00:00	120500	120615	120420	120545	217218	801642	5
2022.03.31	14:00:00	120545	120960	120515	120825	300001	1114683	5
2022.03.31	15:00:00	120825	120865	120495	120810	343642	1298210	5
2022.03.31	16:00:00	120810	120940	120260	120270	423673	1569608	5
2022.03.31	17:00:00	120270	120650	120210	120485	236235	806165	5
2022.04.01	09:00:00	120800	121645	120785	121290	552092	1701083	5
2022.04.01	10:00:00	121290	121790	121270	121585	707629	2391531	5
2022.04.01	11:00:00	121590	121915	121530	121835	505812	1886802	5
2022.04.01	12:00:00	121840	121970	121600	121635	331962	1240827	5
2022.04.01	13:00:00	121635	121675	121490	121590	246104	940431	5
2022.04.01	14:00:00	121595	121700	121370	121520	310653	1154721	5
2022.04.01	15:00:00	121520	121790	121470	121710	351969	1361898	5
2022.04.01	16:00:00	121710	122225	121520	122060	348124	1396980	5
2022.04.01	17:00:00	122055	122095	121850	122000	188939	680650	5
2022.04.04	09:00:00	122240	122300	121435	121690	494249	1508140	5
2022.04.04	10:00:00	121690	121845	121150	121450	745000	2543198	5
2022.04.04	11:00:00	121455	121600	121190	121420	502138	1696799	5
2022.04.04	12:00:00	121420	121465	121035	121325	342212	1272081	5
2022.04.04	13:00:00	121325	121495	121250	121400	264970	1033130	5
2022.04.04	14:00:00	121395	121455	121280	121380	208022	816396	5
2022.04.04	15:00:00	121380	121770	121280	121760	383099	1516252	5
2022.04.04	16:00:00	121755	121765	121565	121635	233055	945380	5
2022.04.04	17:00:00	121635	121685	121490	121530	150100	548738	5
2022.04.05	09:00:00	121445	121495	120795	121320	542573	1654523	5
2022.04.05	10:00:00	121320	121945	121130	121545	968544	3202367	5
2022.04.05	11:00:00	121540	121655	120325	120490	748753	2635521	5
2022.04.05	12:00:00	120490	120620	120085	120390	426145	1506836	5
2022.04.05	13:00:00	120395	120465	119765	120085	376702	1368937	5
2022.04.05	14:00:00	120085	120270	119865	119920	353430	1305651	5
2022.04.05	15:00:00	119920	119930	119545	119700	399299	1495206	5
2022.04.05	16:00:00	119700	119725	118800	118935	546232	1989762	5
2022.04.05	17:00:00	118935	119255	118900	119225	237741	809010	5
2022.04.06	09:00:00	118480	118770	118060	118565	792646	2253287	5
2022.04.06	10:00:00	118565	118860	117680	117715	1090281	3291415	5
2022.04.06	11:00:00	117715	118395	117660	118115	704689	2194885	5
2022.04.06	12:00:00	118115	118475	117895	118310	534986	1727491	5
2022.04.06	13:00:00	118305	118705	118170	118375	398484	1347247	5
2022.04.06	14:00:00	118375	118460	117915	117970	394080	1270233	5
2022.04.06	15:00:00	117975	118580	116915	118335	921224	3103965	5
2022.04.06	16:00:00	118335	118605	117735	118220	478657	1591797	5
2022.04.06	17:00:00	118220	118550	118150	118205	229894	706335	5
2022.04.07	09:00:00	118560	118770	117705	117875	635714	1890954	5
2022.04.07	10:00:00	117880	118430	117535	118235	978936	3076255	5
2022.04.07	11:00:00	118230	118580	117955	118050	807468	2587373	5
2022.04.07	12:00:00	118055	118425	117765	117955	566790	1863032	5
2022.04.07	13:00:00	117955	118300	117885	118255	370586	1253512	5
2022.04.07	14:00:00	118255	118710	118235	118675	447157	1573286	5
2022.04.07	15:00:00	118670	119020	118345	118990	466848	1656521	5
2022.04.07	16:00:00	118990	119435	118885	118980	477190	1696045	5
2022.04.07	17:00:00	118980	119170	118910	118960	179689	596886	5
2022.04.08	09:00:00	119290	119290	118355	118355	586497	1754823	5
2022.04.08	10:00:00	118355	118600	117515	117565	857443	2837126	5
2022.04.08	11:00:00	117560	118780	117560	118740	657930	2327412	5
2022.04.08	12:00:00	118740	118945	118495	118560	395272	1465086	5
2022.04.08	13:00:00	118560	118860	118475	118750	287884	1087277	5
2022.04.08	14:00:00	118750	118890	118275	118460	378426	1358345	5
2022.04.08	15:00:00	118460	118585	118255	118530	334315	1215067	5
2022.04.08	16:00:00	118530	118545	118140	118240	377718	1380290	5
2022.04.08	17:00:00	118240	118515	118225	118330	197666	634987	5
2022.04.11	09:00:00	117725	117830	117115	117125	677636	1865431	5
2022.04.11	10:00:00	117120	117695	116975	117650	928047	2855051	5
2022.04.11	11:00:00	117650	117780	117155	117425	662830	2119816	5
2022.04.11	12:00:00	117420	117460	117110	117325	398265	1319157	5
2022.04.11	13:00:00	117325	117595	117215	117250	319928	1068502	5
2022.04.11	14:00:00	117250	117660	117250	117640	344899	1153333	5
2022.04.11	15:00:00	117635	117660	117185	117295	381498	1317777	5
2022.04.11	16:00:00	117300	117465	116750	116915	414844	1418977	5
2022.04.11	17:00:00	116920	117060	116780	116985	207162	593836	5
2022.04.12	09:00:00	117420	118535	117315	118430	838551	2169158	5
2022.04.12	10:00:00	118425	118590	117935	118100	803959	2292323	5
2022.04.12	11:00:00	118100	118125	117625	117715	567161	1652333	5
2022.04.12	12:00:00	117715	117885	117455	117710	438831	1304523	5
2022.04.12	13:00:00	117705	117760	117255	117470	437587	1304819	5
2022.04.12	14:00:00	117475	117635	116835	116895	474935	1428229	5
2022.04.12	15:00:00	116895	117030	116210	116435	527219	1636033	5
2022.04.12	16:00:00	116435	116575	116065	116335	414793	1345499	5
2022.04.12	17:00:00	116335	116530	116160	116530	208339	573077	5
2022.04.13	09:00:00	118820	119065	118550	118895	584800	1482892	5
2022.04.13	10:00:00	118895	119130	118485	118635	870267	2571806	5
2022.04.13	11:00:00	118640	118735	118355	118520	560141	1732213	5
2022.04.13	12:00:00	118520	118790	118295	118490	446367	1526000	5
2022.04.13	13:00:00	118490	119095	118455	119080	391825	1342359	5
2022.04.13	14:00:00	119080	119460	118570	118760	404953	1518195	5
2022.04.13	15:00:00	118760	119150	118615	118965	377845	1354581	5
2022.04.13	16:00:00	118965	119095	118705	118765	361479	1313306	5
2022.04.13	17:00:00	118765	119180	118715	118985	191767	595230	5
2022.04.14	09:00:00	118750	118865	118390	118425	587942	1605675	5
2022.04.14	10:00:00	118425	118805	118075	118370	989809	3004009	5
2022.04.14	11:00:00	118365	118620	118015	118125	683780	2131814	5
2022.04.14	12:00:00	118125	118420	117795	117900	482476	1565143	5
2022.04.14	13:00:00	117900	117900	117610	117730	331032	1085756	5
2022.04.14	14:00:00	117730	118020	117570	117955	331238	1112117	5
2022.04.14	15:00:00	117960	118070	117785	117810	333108	1141516	5
2022.04.14	16:00:00	117815	118070	117740	117920	306962	976028	5
2022.04.14	17:00:00	117920	118040	117785	117900	124624	416105	5
2022.04.18	09:00:00	117735	117975	117595	117735	500952	1353161	5
2022.04.18	10:00:00	117740	118110	117230	117290	1036103	2996196	5
2022.04.18	11:00:00	117290	117835	117095	117725	599612	1841410	5
2022.04.18	12:00:00	117720	117745	117505	117565	357854	1110185	5
2022.04.18	13:00:00	117565	117930	117465	117910	375369	1130696	5
2022.04.18	14:00:00	117915	118235	117840	118025	519522	1652369	5
2022.04.18	15:00:00	118030	118105	117450	117460	381711	1224451	5
2022.04.18	16:00:00	117465	117665	117345	117565	365371	1123571	5
2022.04.18	17:00:00	117570	117890	117560	117610	222993	685117	5
2022.04.19	09:00:00	117415	117460	117005	117040	502965	1426662	5
2022.04.19	10:00:00	117045	117135	116575	117115	832983	2625222	5
2022.04.19	11:00:00	117115	117315	116685	116855	613604	2087366	5
2022.04.19	12:00:00	116850	116950	116350	116355	433540	1503882	5
2022.04.19	13:00:00	116355	116460	116240	116335	288218	1037638	5
2022.04.19	14:00:00	116335	116490	116220	116345	305205	1104995	5
2022.04.19	15:00:00	116350	116520	116110	116460	352623	1249422	5
2022.04.19	16:00:00	116455	117370	116390	117190	468427	1804476	5
2022.04.19	17:00:00	117190	117210	116865	116950	205671	683571	5
2022.04.20	09:00:00	117395	117410	116660	116735	516430	1454947	5
2022.04.20	10:00:00	116735	116835	116090	116180	889933	2969628	5
2022.04.20	11:00:00	116180	116410	115975	116265	570482	1833155	5
2022.04.20	12:00:00	116270	116280	115715	115970	513706	1711946	5
2022.04.20	13:00:00	115975	116095	115835	116085	276656	972702	5
2022.04.20	14:00:00	116085	116165	115945	116100	347460	1193319	5
2022.04.20	15:00:00	116100	116195	115820	115855	379135	1296742	5
2022.04.20	16:00:00	115850	116185	115825	116170	324836	1206398	5
2022.04.20	17:00:00	116170	116180	115760	115760	166829	560138	5
2022.04.22	09:00:00	114500	114640	113940	114340	516063	1404640	5
2022.04.22	10:00:00	114340	114420	113860	114215	829398	2407124	5
2022.04.22	11:00:00	114215	114620	113460	113515	691520	2154374	5
2022.04.22	12:00:00	113515	113700	113260	113470	411767	1281058	5
2022.04.22	13:00:00	113470	113770	113430	113470	340281	1110123	5
2022.04.22	14:00:00	113470	113505	112855	112870	431764	1429990	5
2022.04.22	15:00:00	112875	113205	112455	112615	483577	1678956	5
2022.04.22	16:00:00	112615	112740	112240	112605	565576	1928832	5
2022.04.22	17:00:00	112605	112890	112485	112890	242456	669721	5
2022.04.25	09:00:00	111335	111630	111050	111620	607157	1668995	5
2022.04.25	10:00:00	111615	111790	111195	111265	983791	2840408	5
2022.04.25	11:00:00	111265	111730	110915	110925	794965	2412177	5
2022.04.25	12:00:00	110925	111280	110825	111010	561113	1808322	5
2022.04.25	13:00:00	111010	111930	110975	111670	525386	1750918	5
2022.04.25	14:00:00	111670	111980	111445	111735	517154	1795589	5
2022.04.25	15:00:00	111740	112850	111635	112545	616716	2250344	5
2022.04.25	16:00:00	112550	112860	112330	112470	465373	1701232	5
2022.04.25	17:00:00	112470	112585	112220	112400	203977	660730	5
2022.04.26	09:00:00	112085	112100	111350	111435	535518	1496568	5
2022.04.26	10:00:00	111435	111860	110775	110965	972875	3027318	5
2022.04.26	11:00:00	110965	111155	110305	110475	686825	2194307	5
2022.04.26	12:00:00	110470	110485	110220	110325	438556	1498999	5
2022.04.26	13:00:00	110325	110665	110155	110605	366823	1243017	5
2022.04.26	14:00:00	110600	110630	110230	110300	350994	1214546	5
2022.04.26	15:00:00	110300	110475	109910	110100	413939	1452474	5
2022.04.26	16:00:00	110105	110215	109505	109715	499412	1776936	5
2022.04.26	17:00:00	109715	109835	109210	109235	253972	868898	5
2022.04.27	09:00:00	110505	111645	110390	111565	714871	2069767	5
2022.04.27	10:00:00	111565	111655	110765	111475	1064418	3204940	5
2022.04.27	11:00:00	111480	111705	110680	111035	866755	2646502	5
2022.04.27	12:00:00	111040	111385	110895	111255	541165	1697738	5
2022.04.27	13:00:00	111255	111580	110935	110990	463398	1525651	5
2022.04.27	14:00:00	110995	111115	110480	111100	647832	2057793	5
2022.04.27	15:00:00	111105	111190	110800	110905	492117	1568731	5
2022.04.27	16:00:00	110905	110980	110575	110685	527311	1633763	5
2022.04.27	17:00:00	110690	111080	110580	111030	236293	678350	5
2022.04.28	09:00:00	112105	112205	111505	111530	603671	1562989	5
2022.04.28	10:00:00	111525	111660	110840	111035	895349	2631024	5
2022.04.28	11:00:00	111035	111040	110325	110620	694717	2192643	5
2022.04.28	12:00:00	110620	110845	110565	110605	436406	1440860	5
2022.04.28	13:00:00	110605	111445	110530	111225	461986	1606095	5
2022.04.28	14:00:00	111225	111545	111100	111410	476111	1588178	5
2022.04.28	15:00:00	111405	112145	111380	112010	432830	1479400	5
2022.04.28	16:00:00	112015	112270	111260	111490	504735	1735523	5
2022.04.28	17:00:00	111490	111545	110905	110905	280230	858517	5
2022.04.29	09:00:00	110840	113095	110740	112885	876029	2616078	5
2022.04.29	10:00:00	112890	113400	112830	113205	830735	2532164	5
2022.04.29	11:00:00	113205	113295	112430	112660	636820	2124381	5
2022.04.29	12:00:00	112660	112965	112540	112560	450264	1641507	5
2022.04.29	13:00:00	112555	112575	112050	112170	373307	1342332	5
2022.04.29	14:00:00	112165	112460	111955	111980	437501	1668228	5
2022.04.29	15:00:00	111980	112200	110555	110820	601020	2223721	5
2022.04.29	16:00:00	110810	110895	108475	108875	711474	2471615	5
2022.04.29	17:00:00	108870	109175	108425	109000	345224	1118885	5
2022.05.02	09:00:00	108720	109500	108625	108875	676319	1759772	5
2022.05.02	10:00:00	108875	109325	107805	108100	1114866	3169071	5
2022.05.02	11:00:00	108105	108280	107355	107560	844747	2530144	5
2022.05.02	12:00:00	107560	107590	106695	107210	626071	1957723	5
2022.05.02	13:00:00	107215	107540	106870	106985	463047	1492131	5
2022.05.02	14:00:00	106985	107355	106800	107010	489388	1622570	5
2022.05.02	15:00:00	107015	107350	106485	106675	662079	2119361	5
2022.05.02	16:00:00	106675	107970	106615	107885	735925	2315174	5
2022.05.02	17:00:00	107885	108100	107730	108100	250231	770423	5
2022.05.03	09:00:00	107950	108520	107870	107910	704547	1939432	5
2022.05.03	10:00:00	107915	108370	107670	108155	1099327	3168201	5
2022.05.03	11:00:00	108155	108485	107855	108150	805934	2392902	5
2022.05.03	12:00:00	108155	108435	107930	108135	545032	1748651	5
2022.05.03	13:00:00	108140	108155	107605	107950	536310	1626160	5
2022.05.03	14:00:00	107950	108265	107875	108075	483363	1441304	5
2022.05.03	15:00:00	108075	108095	107315	107845	638159	1925041	5
2022.05.03	16:00:00	107845	108075	107350	107710	588405	1782746	5
2022.05.03	17:00:00	107710	107845	107540	107820	204113	614105	5
2022.05.04	09:00:00	107980	108100	107200	107220	563002	1587254	5
2022.05.04	10:00:00	107220	107270	106510	106565	836382	2562803	5
2022.05.04	11:00:00	106560	106610	106115	106435	655085	2132193	5
2022.05.04	12:00:00	106435	106580	106310	106440	423575	1446659	5
2022.05.04	13:00:00	106435	106930	106340	106920	425840	1473388	5
2022.05.04	14:00:00	106925	107095	106665	106920	459896	1603249	5
2022.05.04	15:00:00	106920	108845	106245	108300	1437876	4211081	5
2022.05.04	16:00:00	108295	109800	108060	109485	835395	2478440	5
2022.05.04	17:00:00	109485	110025	109405	109920	259336	886341	5
2022.05.05	09:00:00	109060	109255	108290	108295	585669	1574576	5
2022.05.05	10:00:00	108290	108375	106945	107060	953431	3115263	5
2022.05.05	11:00:00	107060	107110	105110	106130	978591	3325881	5
2022.05.05	12:00:00	106135	106140	105065	105390	831255	2505391	5
2022.05.05	13:00:00	105395	106220	105115	106190	725965	2145120	5
2022.05.05	14:00:00	106190	106575	105820	106165	697745	2182751	5
2022.05.05	15:00:00	106170	106445	105865	105990	620164	1883599	5
2022.05.05	16:00:00	105985	106810	105625	106630	727555	2291583	5
2022.05.05	17:00:00	106625	106900	106420	106835	245798	786568	5
2022.05.06	09:00:00	106150	107500	106050	106495	1095173	2706946	5
2022.05.06	10:00:00	106495	106940	105065	105300	1268845	3299771	5
2022.05.06	11:00:00	105305	107010	105260	106890	1001407	2790495	5
2022.05.06	12:00:00	106890	107530	106540	106615	687817	2014691	5
2022.05.06	13:00:00	106615	106970	106400	106875	633977	1857821	5
2022.05.06	14:00:00	106875	106995	105935	106055	686521	2059410	5
2022.05.06	15:00:00	106050	106445	105815	106110	600941	1797232	5
2022.05.06	16:00:00	106105	106710	105895	106475	608784	1776746	5
2022.05.06	17:00:00	106475	106485	105910	106330	204215	580121	5
2022.05.09	09:00:00	104790	104970	104240	104475	650167	1683161	5
2022.05.09	10:00:00	104470	105185	104285	104440	1146594	3203745	5
2022.05.09	11:00:00	104430	104660	104000	104050	886120	2558490	5
2022.05.09	12:00:00	104055	104950	103925	104850	634176	1958875	5
2022.05.09	13:00:00	104855	105650	104685	104950	671814	2077773	5
2022.05.09	14:00:00	104950	105045	104405	104625	686135	2148110	5
2022.05.09	15:00:00	104620	104895	104325	104690	591288	1862555	5
2022.05.09	16:00:00	104690	104970	104180	104420	608112	1947457	5
2022.05.09	17:00:00	104420	104780	104395	104655	227310	680576	5
2022.05.10	09:00:00	105185	105285	104620	105085	636793	1644329	5
2022.05.10	10:00:00	105080	105290	104235	104825	1108400	3246619	5
2022.05.10	11:00:00	104830	104935	103970	104170	979116	2841133	5
2022.05.10	12:00:00	104165	104220	103590	103780	806364	2385833	5
2022.05.10	13:00:00	103780	103980	103400	103565	607598	1804655	5
2022.05.10	14:00:00	103565	104540	103520	104505	690238	2113206	5
2022.05.10	15:00:00	104505	104565	104115	104345	706001	2078880	5
2022.05.10	16:00:00	104345	104665	103935	104150	610720	1823124	5
2022.05.10	17:00:00	104150	104425	104030	104360	185458	564047	5
2022.05.11	09:00:00	105275	105650	104075	104245	1138180	2804648	5
2022.05.11	10:00:00	104245	106125	104190	106120	1283624	3816723	5
2022.05.11	11:00:00	106125	106340	105870	106025	850517	2526980	5
2022.05.11	12:00:00	106025	106420	105875	106215	581434	1769871	5
2022.05.11	13:00:00	106210	106280	105665	105700	571612	1823617	5
2022.05.11	14:00:00	105700	105740	105075	105175	660574	2109610	5
2022.05.11	15:00:00	105180	105905	104975	105685	725504	2264906	5
2022.05.11	16:00:00	105680	105735	105115	105245	525824	1706174	5
2022.05.11	17:00:00	105245	105690	105215	105605	193284	644200	5
2022.05.12	09:00:00	104460	104815	104235	104475	760509	1977911	5
2022.05.12	10:00:00	104480	105340	104375	105010	1272404	3643015	5
2022.05.12	11:00:00	105005	106245	104820	106150	1036328	3000848	5
2022.05.12	12:00:00	106150	106615	105830	105855	656355	1991253	5
2022.05.12	13:00:00	105855	106290	105735	106060	571145	1646147	5
2022.05.12	14:00:00	106055	106140	105710	105980	491582	1460693	5
2022.05.12	15:00:00	105980	106135	105615	105625	521583	1620324	5
2022.05.12	16:00:00	105625	106920	105560	106890	779673	2456126	5
2022.05.12	17:00:00	106890	107025	106720	106950	216551	664445	5
2022.05.13	09:00:00	108065	108115	107200	107265	534706	1414643	5
2022.05.13	10:00:00	107265	108195	107100	108175	983954	2802805	5
2022.05.13	11:00:00	108170	108740	108105	108485	684308	2140519	5
2022.05.13	12:00:00	108485	108490	108220	108480	418410	1323988	5
2022.05.13	13:00:00	108480	108810	108315	108515	434439	1431606	5
2022.05.13	14:00:00	108515	108565	108150	108280	414111	1370984	5
2022.05.13	15:00:00	108280	108310	107905	108300	528426	1698003	5
2022.05.13	16:00:00	108300	108410	108020	108135	437026	1463352	5
2022.05.13	17:00:00	108135	108140	107760	107760	170060	559671	5
2022.05.16	09:00:00	107575	108270	107575	108105	618430	1582392	5
2022.05.16	10:00:00	108105	108815	107760	108410	1227684	3434228	5
2022.05.16	11:00:00	108405	108915	108080	108750	838808	2390942	5
2022.05.16	12:00:00	108750	109240	108660	109160	564157	1758452	5
2022.05.16	13:00:00	109160	109495	109150	109215	437145	1483441	5
2022.05.16	14:00:00	109210	109630	109170	109420	421815	1375377	5
2022.05.16	15:00:00	109415	109800	109340	109560	455722	1507441	5
2022.05.16	16:00:00	109555	109635	109125	109320	456654	1561715	5
2022.05.16	17:00:00	109315	109380	109020	109300	187542	640359	5
2022.05.17	09:00:00	110310	110790	109945	110555	711488	1868967	5
2022.05.17	10:00:00	110555	110690	110165	110495	958396	2782805	5
2022.05.17	11:00:00	110490	110580	109565	109670	814475	2603744	5
2022.05.17	12:00:00	109670	110000	109485	109960	447030	1452256	5
2022.05.17	13:00:00	109960	109995	109660	109895	379697	1234035	5
2022.05.17	14:00:00	109895	110040	109685	109740	365970	1198680	5
2022.05.17	15:00:00	109735	110015	109225	109665	879869	2737343	5
2022.05.17	16:00:00	109660	109855	109580	109800	414029	1332471	5
2022.05.17	17:00:00	109800	110050	109770	110050	141509	475202	5
2022.05.18	09:00:00	109260	109855	109105	109485	613601	1691100	5
2022.05.18	10:00:00	109480	109520	108560	108790	901769	2613079	5
2022.05.18	11:00:00	108790	108990	108360	108540	694552	2058411	5
2022.05.18	12:00:00	108540	108550	107970	108025	515538	1650982	5
2022.05.18	13:00:00	108020	108140	107760	108065	432241	1440498	5
2022.05.18	14:00:00	108060	108075	106975	107110	586532	2127159	5
2022.05.18	15:00:00	107105	107385	106820	106855	534603	1850189	5
2022.05.18	16:00:00	106850	107280	106775	107070	547038	1926807	5
2022.05.18	17:00:00	107070	107090	106830	106965	197559	707934	5
2022.05.19	09:00:00	106580	107395	106500	107355	806640	2135221	5
2022.05.19	10:00:00	107350	107880	107035	107405	1121813	3250566	5
2022.05.19	11:00:00	107400	107775	107060	107390	893911	2635548	5
2022.05.19	12:00:00	107385	108065	107215	107740	609441	1926351	5
2022.05.19	13:00:00	107740	107815	107250	107660	462143	1475571	5
2022.05.19	14:00:00	107655	108155	107475	108120	564669	1783468	5
2022.05.19	15:00:00	108120	108170	107700	107955	544466	1788908	5
2022.05.19	16:00:00	107955	108270	107705	107775	497603	1724985	5
2022.05.19	17:00:00	107775	107860	107625	107860	141496	484435	5
2022.05.20	09:00:00	108650	109495	108445	109080	640041	1715991	5
2022.05.20	10:00:00	109080	109510	108935	109455	949173	2647778	5
2022.05.20	11:00:00	109450	109630	108825	108905	846591	2490595	5
2022.05.20	12:00:00	108905	108970	108480	108800	585965	1786064	5
2022.05.20	13:00:00	108800	108875	108255	108430	533335	1633623	5
2022.05.20	14:00:00	108430	108710	108140	108645	597059	1859148	5
2022.05.20	15:00:00	108650	109040	108365	108885	565568	1773450	5
2022.05.20	16:00:00	108885	109580	108620	109435	589903	1870304	5
2022.05.20	17:00:00	109430	109685	109195	109410	183494	594449	5
2022.05.23	09:00:00	110050	110590	110000	110150	555214	1468801	5
2022.05.23	10:00:00	110150	110520	110005	110045	969914	2757405	5
2022.05.23	11:00:00	110045	110950	109840	110940	933473	2831585	5
2022.05.23	12:00:00	110935	111265	110860	111095	521706	1676077	5
2022.05.23	13:00:00	111090	111285	111010	111090	339018	1113760	5
2022.05.23	14:00:00	111090	111370	110930	111350	400227	1333242	5
2022.05.23	15:00:00	111350	111515	111195	111325	391732	1356574	5
2022.05.23	16:00:00	111320	111490	111190	111450	395180	1373308	5
2022.05.23	17:00:00	111450	111465	111225	111450	162130	587772	5
2022.05.24	09:00:00	110200	110350	109710	109855	580827	1616248	5
2022.05.24	10:00:00	109860	110530	109560	109990	1185912	3530948	5
2022.05.24	11:00:00	109990	109995	109125	109400	880593	2654153	5
2022.05.24	12:00:00	109405	110515	109210	110255	672427	2150832	5
2022.05.24	13:00:00	110255	110385	109650	109935	550841	1748760	5
2022.05.24	14:00:00	109930	110195	109765	110175	451859	1497500	5
2022.05.24	15:00:00	110180	110640	109860	110000	584210	1939192	5
2022.05.24	16:00:00	110005	111410	109985	111345	648405	2174800	5
2022.05.24	17:00:00	111340	111530	111150	111365	183686	572763	5
2022.05.25	09:00:00	110815	110860	110415	110580	543465	1436745	5
2022.05.25	10:00:00	110580	111035	110275	110930	1024666	2916099	5
2022.05.25	11:00:00	110930	111225	110740	111100	676858	1955854	5
2022.05.25	12:00:00	111095	111245	110810	111080	454556	1344137	5
2022.05.25	13:00:00	111080	111150	110730	110910	352739	1054120	5
2022.05.25	14:00:00	110910	111050	110715	110915	341989	1073558	5
2022.05.25	15:00:00	110910	111470	110545	111360	762429	2301793	5
2022.05.25	16:00:00	111360	111745	111200	111235	402644	1299679	5
2022.05.25	17:00:00	111240	111365	110895	110895	189505	556612	5
2022.05.26	09:00:00	111500	111910	111085	111150	479934	1243877	5
2022.05.26	10:00:00	111150	112200	110945	112150	965477	2765110	5
2022.05.26	11:00:00	112150	112465	112125	112375	505186	1627193	5
2022.05.26	12:00:00	112370	112575	112305	112405	315325	1038800	5
2022.05.26	13:00:00	112405	112620	112370	112560	217695	809556	5
2022.05.26	14:00:00	112560	112650	112270	112370	318181	1093248	5
2022.05.26	15:00:00	112365	112750	112310	112685	385452	1370082	5
2022.05.26	16:00:00	112685	112790	112505	112625	387855	1413921	5
2022.05.26	17:00:00	112625	112670	112410	112640	198819	684071	5
2022.05.27	09:00:00	112300	112785	111960	112350	622859	1684080	5
2022.05.27	10:00:00	112350	112795	112190	112565	889482	2655701	5
2022.05.27	11:00:00	112560	112860	112080	112740	679351	2090454	5
2022.05.27	12:00:00	112740	112770	112460	112555	352509	1073576	5
2022.05.27	13:00:00	112555	112630	112335	112465	279883	871797	5
2022.05.27	14:00:00	112465	112880	112335	112845	343913	1114409	5
2022.05.27	15:00:00	112850	113080	112800	112840	327630	1128770	5
2022.05.27	16:00:00	112840	112940	112325	112535	377883	1322329	5
2022.05.27	17:00:00	112535	112620	112420	112470	135669	420487	5
2022.05.30	09:00:00	113215	113680	113180	113225	389568	1080612	5
2022.05.30	10:00:00	113225	113375	112665	112715	672737	2000965	5
2022.05.30	11:00:00	112715	112715	111340	111490	678948	2219384	5
2022.05.30	12:00:00	111495	111670	111150	111210	352986	1122882	5
2022.05.30	13:00:00	111210	111585	111120	111580	279253	958071	5
2022.05.30	14:00:00	111580	111715	111415	111535	257410	815954	5
2022.05.30	15:00:00	111530	111685	111440	111560	248059	809204	5
2022.05.30	16:00:00	111560	111585	111360	111515	222925	715322	5
2022.05.30	17:00:00	111510	111605	111005	111005	158578	533562	5
2022.05.31	09:00:00	111290	112270	111280	112190	650732	1855133	5
2022.05.31	10:00:00	112190	112415	111835	112060	971595	2808604	5
2022.05.31	11:00:00	112060	112465	111770	112220	813618	2406480	5
2022.05.31	12:00:00	112220	112340	111570	112105	541127	1722333	5
2022.05.31	13:00:00	112105	112275	111790	112030	447301	1529039	5
2022.05.31	14:00:00	112035	112165	111690	112135	537654	1830797	5
2022.05.31	15:00:00	112135	112150	111370	111495	541895	1909817	5
2022.05.31	16:00:00	111495	111715	111140	111350	572259	1928727	5
2022.05.31	17:00:00	111350	111825	111350	111800	221388	719134	5
2022.06.01	09:00:00	112175	112400	111820	112170	462388	1290816	5
2022.06.01	10:00:00	112165	112370	111650	112200	1009144	3114889	5
2022.06.01	11:00:00	112195	112395	111170	112310	968729	3008143	5
2022.06.01	12:00:00	112310	112440	111535	111590	613726	1920434	5
2022.06.01	13:00:00	111590	111945	111555	111885	408942	1258386	5
2022.06.01	14:00:00	111885	112315	111875	112055	413654	1336587	5
2022.06.01	15:00:00	112055	112425	111955	112150	440825	1473091	5
2022.06.01	16:00:00	112145	112250	111700	111720	357410	1231958	5
2022.06.01	17:00:00	111725	111915	111600	111885	205997	663727	5
2022.06.02	09:00:00	112200	112670	111905	112650	511259	1360008	5
2022.06.02	10:00:00	112645	113030	111765	111945	1023706	3211898	5
2022.06.02	11:00:00	111945	112295	111525	111900	790747	2430466	5
2022.06.02	12:00:00	111900	112780	111865	112695	504491	1669136	5
2022.06.02	13:00:00	112695	113130	112625	113095	349545	1222128	5
2022.06.02	14:00:00	113095	113175	112860	113125	338901	1168786	5
2022.06.02	15:00:00	113125	113210	112870	112905	291536	1017720	5
2022.06.02	16:00:00	112905	112925	112650	112830	365615	1300857	5
2022.06.02	17:00:00	112825	112910	112490	112865	216498	710325	5
2022.06.03	09:00:00	112230	112395	111770	112040	642576	1731752	5
2022.06.03	10:00:00	112040	112310	111535	112080	1012997	3033852	5
2022.06.03	11:00:00	112075	112200	111605	111705	727004	2189616	5
2022.06.03	12:00:00	111700	111760	111235	111690	502822	1631666	5
2022.06.03	13:00:00	111695	111935	111605	111875	407260	1308235	5
2022.06.03	14:00:00	111875	112035	111475	111520	439091	1454306	5
2022.06.03	15:00:00	111525	111645	111315	111525	393612	1292331	5
2022.06.03	16:00:00	111525	111715	111395	111505	374270	1260628	5
2022.06.03	17:00:00	111510	111750	111385	111750	161497	547494	5
2022.06.06	09:00:00	112565	112735	112060	112115	422349	1229690	5
2022.06.06	10:00:00	112115	112310	111645	111885	873708	2710350	5
2022.06.06	11:00:00	111885	111985	110740	111005	737315	2357653	5
2022.06.06	12:00:00	111010	111100	110630	110910	458341	1494807	5
2022.06.06	13:00:00	110910	110925	110255	110530	437733	1480439	5
2022.06.06	14:00:00	110530	110895	110350	110890	360734	1255583	5
2022.06.06	15:00:00	110890	110915	110275	110495	458552	1642669	5
2022.06.06	16:00:00	110495	110615	110370	110535	352082	1235287	5
2022.06.06	17:00:00	110535	110780	110470	110690	150354	540997	5
2022.06.07	09:00:00	110190	110610	109745	109820	765009	2098975	5
2022.06.07	10:00:00	109815	110710	109620	110250	1149422	3551216	5
2022.06.07	11:00:00	110250	110620	109830	110575	720872	2252371	5
2022.06.07	12:00:00	110575	110690	110195	110425	475641	1551933	5
2022.06.07	13:00:00	110430	110645	110305	110590	289391	927692	5
2022.06.07	14:00:00	110595	110610	110030	110265	382109	1331923	5
2022.06.07	15:00:00	110265	110695	110200	110480	393267	1403688	5
2022.06.07	16:00:00	110480	110570	110200	110275	308001	1106800	5
2022.06.07	17:00:00	110270	110455	110110	110350	188478	637023	5
2022.06.08	09:00:00	110125	110200	109215	109320	649374	1806626	5
2022.06.08	10:00:00	109325	110375	109175	110260	923044	2933063	5
2022.06.08	11:00:00	110255	110310	109520	109610	697158	2296924	5
2022.06.08	12:00:00	109605	109970	109420	109940	434313	1454129	5
2022.06.08	13:00:00	109935	110110	109045	109350	476962	1662455	5
2022.06.08	14:00:00	109350	109510	109070	109200	442906	1528960	5
2022.06.08	15:00:00	109200	109350	108315	108530	560595	2042521	5
2022.06.08	16:00:00	108535	108845	108215	108465	446599	1630171	5
2022.06.08	17:00:00	108460	108900	108375	108860	164725	553347	5
2022.06.09	09:00:00	109175	109445	107825	108245	954592	2664303	5
2022.06.09	10:00:00	108245	108400	107355	108370	1101763	3378658	5
2022.06.09	11:00:00	108370	108760	108000	108005	895430	2805513	5
2022.06.09	12:00:00	108005	108070	107675	107855	521496	1647833	5
2022.06.09	13:00:00	107855	108325	107840	108265	447319	1402222	5
2022.06.09	14:00:00	108270	108400	108010	108175	426921	1418335	5
2022.06.09	15:00:00	108175	108320	107925	108000	458803	1541429	5
2022.06.09	16:00:00	108000	108025	107160	107350	564623	1922830	5
2022.06.09	17:00:00	107350	107765	107275	107705	218657	713187	5
2022.06.10	09:00:00	107850	108030	105960	106185	1293532	3177332	5
2022.06.10	10:00:00	106190	106310	104685	105505	1134203	3227534	5
2022.06.10	11:00:00	105505	105635	104970	105370	732794	2154745	5
2022.06.10	12:00:00	105370	105710	105265	105665	522337	1653836	5
2022.06.10	13:00:00	105670	106130	105660	105830	526544	1690934	5
2022.06.10	14:00:00	105825	106110	105710	105710	469124	1522515	5
2022.06.10	15:00:00	105710	106250	105590	105930	504309	1699668	5
2022.06.10	16:00:00	105930	106010	105515	105550	489535	1594703	5
2022.06.10	17:00:00	105550	105750	105410	105450	208553	628080	5
2022.06.13	09:00:00	103600	103950	103125	103540	776968	2083434	5
2022.06.13	10:00:00	103540	104045	102480	102535	1178674	3496277	5
2022.06.13	11:00:00	102535	102725	101760	102510	867598	2630809	5
2022.06.13	12:00:00	102505	103435	102365	103150	689213	2209688	5
2022.06.13	13:00:00	103150	103470	102855	102880	557759	1725597	5
2022.06.13	14:00:00	102880	103235	102675	103020	489013	1539883	5
2022.06.13	15:00:00	103020	103115	102560	102830	553881	1756767	5
2022.06.13	16:00:00	102825	103050	102055	102555	750650	2365604	5
2022.06.13	17:00:00	102555	102880	102450	102800	268281	727916	5
2022.06.14	09:00:00	103000	103400	102565	102715	856434	2383691	5
2022.06.14	10:00:00	102720	103355	102375	102880	1232660	3563999	5
2022.06.14	11:00:00	102880	103030	101700	101985	927516	2849178	5
2022.06.14	12:00:00	101985	102630	101885	102375	597630	1831486	5
2022.06.14	13:00:00	102370	102380	101895	102175	517998	1572760	5
2022.06.14	14:00:00	102180	102650	101890	101970	548396	1744341	5
2022.06.14	15:00:00	101970	102195	101505	101565	585935	1931100	5
2022.06.14	16:00:00	101565	102230	101290	102225	610665	2070827	5
2022.06.14	17:00:00	102220	102225	101885	102070	206617	621913	5
2022.06.15	09:00:00	104865	105600	104350	105565	677712	1922167	5
2022.06.15	10:00:00	105560	105945	104905	105940	956011	2775579	5
2022.06.15	11:00:00	105940	105985	105165	105375	618570	1981688	5
2022.06.15	12:00:00	105380	105410	104900	105015	422083	1343927	5
2022.06.15	13:00:00	105020	105145	104385	104445	438669	1481878	5
2022.06.15	14:00:00	104445	105240	104425	105135	429039	1440087	5
2022.06.15	15:00:00	105145	106140	103920	105305	1489554	4035845	5
2022.06.15	16:00:00	105310	105835	104770	105010	696493	2127305	5
2022.06.15	17:00:00	105010	105195	104765	105140	194035	594276	5
2022.06.17	09:00:00	103070	103380	102825	102990	665420	1708030	5
2022.06.17	10:00:00	102990	103150	101530	102170	1271066	3564331	5
2022.06.17	11:00:00	102175	102200	100315	100875	1046955	3103289	5
2022.06.17	12:00:00	100875	101160	100685	100870	612173	1832688	5
2022.06.17	13:00:00	100875	101085	100560	100895	513698	1602833	5
2022.06.17	14:00:00	100895	101160	100360	100605	561604	1786181	5
2022.06.17	15:00:00	100605	101555	100550	101300	610914	2004774	5
2022.06.17	16:00:00	101300	101970	101050	101600	575316	1916482	5
2022.06.17	17:00:00	101605	101900	101335	101335	201760	611332	5
2022.06.20	09:00:00	101455	101775	101050	101335	636491	1734470	5
2022.06.20	10:00:00	101340	101650	100175	100770	1259790	3455090	5
2022.06.20	11:00:00	100765	101845	100455	101815	863459	2401281	5
2022.06.20	12:00:00	101815	102250	101740	102125	509056	1510320	5
2022.06.20	13:00:00	102120	102290	101910	101955	369865	1150716	5
2022.06.20	14:00:00	101950	102140	101755	102020	362247	1095059	5
2022.06.20	15:00:00	102020	102075	101770	101820	281957	899559	5
2022.06.20	16:00:00	101820	101915	101540	101715	306843	997559	5
2022.06.20	17:00:00	101710	101810	101555	101750	158292	561048	5
2022.06.21	09:00:00	102500	102730	102180	102310	659572	1930642	5
2022.06.21	10:00:00	102310	102880	101860	102250	1246003	3851542	5
2022.06.21	11:00:00	102245	102375	101785	101890	822709	2495315	5
2022.06.21	12:00:00	101895	102330	101525	101625	613100	1924877	5
2022.06.21	13:00:00	101625	102040	101610	102035	420326	1311032	5
2022.06.21	14:00:00	102030	102185	101065	101070	628306	2109172	5
2022.06.21	15:00:00	101065	101450	100845	101445	502126	1663290	5
2022.06.21	16:00:00	101445	101655	101265	101325	408811	1407456	5
2022.06.21	17:00:00	101325	102290	101265	102290	263296	815195	5
2022.06.22	09:00:00	100350	100590	99780	100415	797068	2154095	5
2022.06.22	10:00:00	100410	100680	99770	100390	1313880	3676752	5
2022.06.22	11:00:00	100390	101485	100215	101295	881354	2632513	5
2022.06.22	12:00:00	101295	101755	101005	101485	581675	1826783	5
2022.06.22	13:00:00	101480	102070	101440	101810	437655	1419086	5
2022.06.22	14:00:00	101810	102010	101710	101840	354357	1195399	5
2022.06.22	15:00:00	101845	102190	101575	101750	452191	1540192	5
2022.06.22	16:00:00	101750	101770	101075	101175	446837	1540167	5
2022.06.22	17:00:00	101175	101255	100790	100810	238387	736673	5
2022.06.23	09:00:00	101485	101715	101070	101660	709774	1977318	5
2022.06.23	10:00:00	101665	102015	100720	101115	1332985	3916685	5
2022.06.23	11:00:00	101115	101515	100680	101495	935809	2772601	5
2022.06.23	12:00:00	101500	101535	100430	100580	655733	2086238	5
2022.06.23	13:00:00	100580	100680	99955	100045	509551	1672434	5
2022.06.23	14:00:00	100050	100230	99565	99795	542631	1851171	5
2022.06.23	15:00:00	99795	99965	99520	99715	408067	1370825	5
2022.06.23	16:00:00	99715	100070	99435	99965	431031	1529615	5
2022.06.23	17:00:00	99960	99965	99200	99200	245321	810194	5
2022.06.24	09:00:00	100000	101015	99985	100855	620630	1769795	5
2022.06.24	10:00:00	100850	100910	99560	100140	1036426	3353113	5
2022.06.24	11:00:00	100145	101040	100140	100505	893463	2845442	5
2022.06.24	12:00:00	100505	100670	99885	99935	509975	1623385	5
2022.06.24	13:00:00	99940	100400	99920	100385	346803	1080324	5
2022.06.24	14:00:00	100385	100515	100060	100095	389895	1244932	5
2022.06.24	15:00:00	100095	100570	99995	100140	474204	1575460	5
2022.06.24	16:00:00	100135	100575	100080	100515	345701	1170102	5
2022.06.24	17:00:00	100515	100655	100220	100600	220583	644087	5
2022.06.27	09:00:00	101100	101290	100720	100740	591731	1556277	5
2022.06.27	10:00:00	100735	102125	100675	102045	1384297	3923451	5
2022.06.27	11:00:00	102045	102740	102035	102725	818145	2539003	5
2022.06.27	12:00:00	102725	102795	102185	102240	430884	1396914	5
2022.06.27	13:00:00	102245	102620	102205	102500	382050	1261704	5
2022.06.27	14:00:00	102495	102535	102300	102435	351275	1177040	5
2022.06.27	15:00:00	102440	102495	102255	102335	358668	1234424	5
2022.06.27	16:00:00	102335	102665	102220	102535	438335	1587752	5
2022.06.27	17:00:00	102535	102945	102430	102945	223730	733072	5
2022.06.28	09:00:00	103410	103850	103040	103345	832155	2437332	5
2022.06.28	10:00:00	103345	103895	103185	103695	1243692	3562234	5
2022.06.28	11:00:00	103695	103845	102610	103025	876068	2709690	5
2022.06.28	12:00:00	103020	103160	102185	102190	618719	1979444	5
2022.06.28	13:00:00	102190	102470	102100	102255	437414	1454575	5
2022.06.28	14:00:00	102260	102295	101725	101900	488861	1634188	5
2022.06.28	15:00:00	101900	102055	101470	101905	501937	1710433	5
2022.06.28	16:00:00	101900	102170	101715	102010	432669	1430905	5
2022.06.28	17:00:00	102010	102290	102005	102110	200099	622979	5
2022.06.29	09:00:00	102120	103190	102030	102420	901244	2544245	5
2022.06.29	10:00:00	102420	102825	101725	102150	1310924	3978991	5
2022.06.29	11:00:00	102155	102305	101370	101420	1000746	3190468	5
2022.06.29	12:00:00	101425	101480	100975	101155	567741	1860788	5
2022.06.29	13:00:00	101150	101195	100740	100960	462104	1573029	5
2022.06.29	14:00:00	100965	101300	100665	101290	423399	1507432	5
2022.06.29	15:00:00	101285	101520	101040	101135	460757	1663124	5
2022.06.29	16:00:00	101130	101355	100820	101000	428027	1524819	5
2022.06.29	17:00:00	100995	101155	100825	101150	217876	719098	5
2022.06.30	09:00:00	100075	100335	99215	99230	1041238	2557850	5
2022.06.30	10:00:00	99230	99845	99075	99715	1277166	3459886	5
2022.06.30	11:00:00	99710	99880	99125	99765	998837	2904103	5
2022.06.30	12:00:00	99765	100275	99635	100255	704397	2186107	5
2022.06.30	13:00:00	100250	100675	100080	100620	559483	1770302	5
2022.06.30	14:00:00	100625	100700	100055	100370	544204	1755118	5
2022.06.30	15:00:00	100375	100420	99715	99910	569818	1841271	5
2022.06.30	16:00:00	99905	100280	99695	99930	566163	1832507	5
2022.06.30	17:00:00	99935	99965	99300	99300	298862	893633	5
2022.07.01	09:00:00	99235	99520	98855	99065	838423	2280412	5
2022.07.01	10:00:00	99065	99775	98810	99435	1244864	3586804	5
2022.07.01	11:00:00	99435	99735	98560	99255	1078570	3236489	5
2022.07.01	12:00:00	99255	99630	99160	99285	610453	1874288	5
2022.07.01	13:00:00	99280	99730	99220	99490	458088	1424836	5
2022.07.01	14:00:00	99490	100100	99450	99905	425543	1451891	5
2022.07.01	15:00:00	99900	100540	99775	100390	478793	1769456	5
2022.07.01	16:00:00	100395	100730	100225	100490	439333	1613094	5
2022.07.01	17:00:00	100490	100710	100215	100710	195301	655452	5
2022.07.04	09:00:00	100190	100540	99630	99680	536136	1519849	5
2022.07.04	10:00:00	99680	100215	99510	99765	976628	2877727	5
2022.07.04	11:00:00	99765	100635	99705	100480	833896	2465872	5
2022.07.04	12:00:00	100485	100730	100210	100250	420558	1287157	5
2022.07.04	13:00:00	100250	100505	100145	100360	336822	1029607	5
2022.07.04	14:00:00	100365	100530	100250	100365	222797	702971	5
2022.07.04	15:00:00	100370	100510	100175	100185	228150	757201	5
2022.07.04	16:00:00	100180	100225	99675	99765	340108	1103608	5
2022.07.04	17:00:00	99765	99950	99500	99500	199591	681420	5
2022.07.05	09:00:00	99130	99170	98625	98970	787080	2319884	5
2022.07.05	10:00:00	98965	99110	97990	98240	1171138	3475051	5
2022.07.05	11:00:00	98245	98975	98110	98285	1000100	2965355	5
2022.07.05	12:00:00	98285	98290	97740	98190	662620	2107334	5
2022.07.05	13:00:00	98185	98505	97895	98005	533652	1726115	5
2022.07.05	14:00:00	98005	98690	97975	98550	565304	1949082	5
2022.07.05	15:00:00	98555	99255	98490	99210	526729	1766773	5
2022.07.05	16:00:00	99210	99740	98990	99615	566310	1949065	5
2022.07.05	17:00:00	99610	99615	99270	99500	211541	690135	5
2022.07.06	09:00:00	99135	99295	98795	99110	731090	2017019	5
2022.07.06	10:00:00	99110	100415	99025	99990	1272478	3682004	5
2022.07.06	11:00:00	99995	100155	99120	99375	986842	2927661	5
2022.07.06	12:00:00	99375	99415	98685	99060	634888	1980421	5
2022.07.06	13:00:00	99055	99170	98625	99145	417716	1371697	5
2022.07.06	14:00:00	99140	99365	98905	99245	439528	1493997	5
2022.07.06	15:00:00	99245	99930	98870	99730	815722	2784042	5
2022.07.06	16:00:00	99730	100440	99565	100075	440648	1615079	5
2022.07.06	17:00:00	100070	100250	99930	99955	163008	563991	5
2022.07.07	09:00:00	100740	101335	100675	101215	660583	1781921	5
2022.07.07	10:00:00	101220	102135	101155	101990	881922	2779578	5
2022.07.07	11:00:00	101990	102200	101720	101810	648266	2155813	5
2022.07.07	12:00:00	101810	102040	101740	101980	334328	1137052	5
2022.07.07	13:00:00	101980	102110	101920	102005	249389	936452	5
2022.07.07	14:00:00	102005	102070	101905	101975	247732	966210	5
2022.07.07	15:00:00	101975	102775	101940	102400	454776	1728360	5
2022.07.07	16:00:00	102395	102465	102095	102100	338328	1287956	5
2022.07.07	17:00:00	102105	102430	102050	102430	193401	718380	5
2022.07.08	09:00:00	102050	102330	101555	102040	1007679	2468760	5
2022.07.08	10:00:00	102040	102815	101675	101730	1245158	3475538	5
2022.07.08	11:00:00	101730	102285	101460	102115	818518	2447926	5
2022.07.08	12:00:00	102115	102215	101570	101690	490565	1518455	5
2022.07.08	13:00:00	101690	101815	101155	101275	435000	1433697	5
2022.07.08	14:00:00	101275	101590	101125	101480	392422	1359536	5
2022.07.08	15:00:00	101480	101765	101350	101530	361980	1206667	5
2022.07.08	16:00:00	101535	101695	101370	101545	351762	1169365	5
2022.07.08	17:00:00	101550	101600	101415	101415	138383	435046	5
2022.07.11	09:00:00	100530	100720	99935	100125	678380	1843733	5
2022.07.11	10:00:00	100125	100380	99570	99845	1157860	3416749	5
2022.07.11	11:00:00	99845	99880	99395	99500	804422	2508482	5
2022.07.11	12:00:00	99500	100135	99485	99885	530916	1702419	5
2022.07.11	13:00:00	99885	99895	99455	99700	436552	1477614	5
2022.07.11	14:00:00	99700	99820	99485	99595	391169	1416297	5
2022.07.11	15:00:00	99595	99640	98945	98950	501222	1817099	5
2022.07.11	16:00:00	98955	99315	98945	99295	358333	1410615	5
2022.07.11	17:00:00	99295	99390	99125	99185	201808	703991	5
2022.07.12	09:00:00	98735	99145	98710	99125	662815	1861765	5
2022.07.12	10:00:00	99120	99175	98280	98415	1148580	3557839	5
2022.07.12	11:00:00	98415	99230	98330	99185	829974	2524946	5
2022.07.12	12:00:00	99180	99520	98950	99435	516206	1653767	5
2022.07.12	13:00:00	99435	99830	99340	99625	414421	1450154	5
2022.07.12	14:00:00	99625	99830	99405	99795	386120	1412998	5
2022.07.12	15:00:00	99800	99810	99445	99480	411945	1493901	5
2022.07.12	16:00:00	99485	99490	98985	99350	469074	1684313	5
2022.07.12	17:00:00	99350	99765	99240	99695	197537	672971	5
2022.07.13	09:00:00	99705	99900	98355	98545	962231	2443203	5
2022.07.13	10:00:00	98545	99235	98425	98915	1220912	3616496	5
2022.07.13	11:00:00	98920	99980	98460	99840	1022392	3153113	5
2022.07.13	12:00:00	99835	100020	99310	99315	573097	1850339	5
2022.07.13	13:00:00	99315	99645	99305	99630	409609	1313731	5
2022.07.13	14:00:00	99630	99810	99345	99530	476458	1604056	5
2022.07.13	15:00:00	99535	99595	99115	99400	594450	2004525	5
2022.07.13	16:00:00	99405	99420	98850	98900	402875	1500370	5
2022.07.13	17:00:00	98895	99020	98595	98670	154070	520279	5
2022.07.14	09:00:00	97835	98120	97400	97505	751602	2088307	5
2022.07.14	10:00:00	97505	97570	96815	96945	942410	3026587	5
2022.07.14	11:00:00	96945	96950	96435	96860	717040	2487425	5
2022.07.14	12:00:00	96860	97300	96775	97055	609031	2071041	5
2022.07.14	13:00:00	97050	97115	96775	96885	386940	1254247	5
2022.07.14	14:00:00	96890	97045	96800	96975	365806	1259817	5
2022.07.14	15:00:00	96980	97285	96970	97075	406534	1402477	5
2022.07.14	16:00:00	97080	97370	96940	96980	378301	1326069	5
2022.07.14	17:00:00	96980	97130	96825	96850	183284	672095	5
2022.07.15	09:00:00	97155	97405	96600	97155	799918	2234744	5
2022.07.15	10:00:00	97150	97275	96155	96300	1007631	3043436	5
2022.07.15	11:00:00	96300	97420	96295	97295	841719	2673689	5
2022.07.15	12:00:00	97295	97670	97220	97385	441976	1481275	5
2022.07.15	13:00:00	97385	97520	97235	97495	251280	826741	5
2022.07.15	14:00:00	97500	97975	97390	97815	335919	1200227	5
2022.07.15	15:00:00	97815	97840	97555	97640	270760	935994	5
2022.07.15	16:00:00	97640	97715	97465	97695	253577	896139	5
2022.07.15	17:00:00	97690	97835	97485	97565	148772	476083	5
2022.07.18	09:00:00	98650	98675	98170	98390	478045	1318045	5
2022.07.18	10:00:00	98390	99140	98225	99070	934534	2661215	5
2022.07.18	11:00:00	99075	99265	98765	99200	655859	1997198	5
2022.07.18	12:00:00	99200	99245	98785	98790	384411	1204675	5
2022.07.18	13:00:00	98790	99070	98725	98855	307326	985715	5
2022.07.18	14:00:00	98855	99065	97860	97880	549453	1826019	5
2022.07.18	15:00:00	97880	98140	97540	97635	573406	1840625	5
2022.07.18	16:00:00	97635	98040	97610	97915	443571	1484381	5
2022.07.18	17:00:00	97915	97965	97515	97555	232730	758784	5
2022.07.19	09:00:00	98180	98395	97930	98320	591329	1712911	5
2022.07.19	10:00:00	98325	98595	97955	98190	1082511	3187813	5
2022.07.19	11:00:00	98195	98760	97905	98245	773594	2560320	5
2022.07.19	12:00:00	98245	98605	98215	98445	399537	1330463	5
2022.07.19	13:00:00	98450	98825	98415	98780	301114	1042466	5
2022.07.19	14:00:00	98775	98945	98595	98795	374216	1324651	5
2022.07.19	15:00:00	98795	99235	98740	99065	447641	1628246	5
2022.07.19	16:00:00	99070	99235	98890	98950	340102	1197662	5
2022.07.19	17:00:00	98950	99540	98870	99365	200884	680446	5
2022.07.20	09:00:00	98900	98960	98485	98540	571027	1587061	5
2022.07.20	10:00:00	98540	99040	98290	98295	1021224	3024881	5
2022.07.20	11:00:00	98300	98970	98080	98825	673795	2094095	5
2022.07.20	12:00:00	98825	98985	98565	98950	456718	1430894	5
2022.07.20	13:00:00	98945	99245	98715	99170	504815	1696298	5
2022.07.20	14:00:00	99170	99180	98495	98585	527901	1757777	5
2022.07.20	15:00:00	98590	98880	98575	98820	361457	1198168	5
2022.07.20	16:00:00	98820	99230	98800	99030	347952	1199510	5
2022.07.20	17:00:00	99035	99185	98770	98770	155841	494994	5
2022.07.21	09:00:00	98615	98690	98280	98330	601750	1595737	5
2022.07.21	10:00:00	98330	98600	97970	98530	1019541	3149624	5
2022.07.21	11:00:00	98525	98570	97795	98490	780468	2461149	5
2022.07.21	12:00:00	98490	99295	98450	99135	529681	1778992	5
2022.07.21	13:00:00	99140	99490	99035	99355	364069	1330301	5
2022.07.21	14:00:00	99360	99465	99010	99105	392568	1366770	5
2022.07.21	15:00:00	99105	99360	99060	99315	343707	1197942	5
2022.07.21	16:00:00	99320	99850	99310	99745	371723	1334570	5
2022.07.21	17:00:00	99750	99890	99680	99840	128804	473244	5
2022.07.22	09:00:00	100050	100135	99785	99940	495606	1356984	5
2022.07.22	10:00:00	99935	100455	99835	99840	929393	2751342	5
2022.07.22	11:00:00	99840	100485	99640	100410	734742	2359286	5
2022.07.22	12:00:00	100410	100440	99870	100065	452490	1494037	5
2022.07.22	13:00:00	100065	100315	99865	100150	306732	1059934	5
2022.07.22	14:00:00	100150	100155	99390	99540	432240	1515461	5
2022.07.22	15:00:00	99535	99545	99045	99310	392446	1443838	5
2022.07.22	16:00:00	99310	99875	99270	99790	348403	1379005	5
2022.07.22	17:00:00	99790	99955	99725	99955	109449	394967	5
2022.07.25	09:00:00	100415	100625	100360	100495	388912	1081933	5
2022.07.25	10:00:00	100495	101010	100300	100915	1080651	3250187	5
2022.07.25	11:00:00	100915	101100	100540	100795	712723	2198278	5
2022.07.25	12:00:00	100795	101050	100680	100890	362092	1160156	5
2022.07.25	13:00:00	100885	101015	100725	100860	286459	967502	5
2022.07.25	14:00:00	100865	101035	100740	100840	309694	1071754	5
2022.07.25	15:00:00	100835	101265	100775	101020	375251	1341438	5
2022.07.25	16:00:00	101020	101100	100775	101015	354176	1258595	5
2022.07.25	17:00:00	101010	101205	100890	101080	132671	473041	5
2022.07.26	09:00:00	100955	101335	100845	101320	454528	1322243	5
2022.07.26	10:00:00	101325	101440	101030	101220	832150	2595277	5
2022.07.26	11:00:00	101220	101230	100650	100895	679686	2347425	5
2022.07.26	12:00:00	100890	100925	100080	100180	490667	1786927	5
2022.07.26	13:00:00	100185	100385	100100	100300	322509	1159209	5
2022.07.26	14:00:00	100300	100465	100200	100210	332186	1209523	5
2022.07.26	15:00:00	100210	100440	100015	100185	372363	1403340	5
2022.07.26	16:00:00	100180	100460	100160	100395	316342	1239005	5
2022.07.26	17:00:00	100390	100630	100370	100500	172616	604417	5
2022.07.27	09:00:00	101025	101030	100755	100935	328803	885277	5
2022.07.27	10:00:00	100930	101245	100755	100775	789273	2461375	5
2022.07.27	11:00:00	100770	101145	100615	101020	649425	2050184	5
2022.07.27	12:00:00	101020	101290	101015	101180	322634	1036642	5
2022.07.27	13:00:00	101180	101345	101160	101190	242308	820422	5
2022.07.27	14:00:00	101190	101280	101020	101075	251630	832747	5
2022.07.27	15:00:00	101080	101960	100745	101845	885876	2656125	5
2022.07.27	16:00:00	101850	102195	101745	102150	385129	1349960	5
2022.07.27	17:00:00	102150	102550	102050	102550	167153	611214	5
2022.07.28	09:00:00	102245	102300	101740	102115	572015	1597037	5
2022.07.28	10:00:00	102120	102820	101845	101985	922045	2839694	5
2022.07.28	11:00:00	101985	102140	101640	101960	712945	2169175	5
2022.07.28	12:00:00	101960	102435	101950	102230	412615	1351347	5
2022.07.28	13:00:00	102225	102585	102180	102540	288839	993232	5
2022.07.28	14:00:00	102535	103195	102330	103000	415511	1592181	5
2022.07.28	15:00:00	103005	103220	102900	103185	300912	1071760	5
2022.07.28	16:00:00	103185	103385	103150	103245	309084	1151993	5
2022.07.28	17:00:00	103240	103600	103185	103500	179280	637735	5
2022.07.29	09:00:00	103790	103835	103395	103670	600149	1602207	5
2022.07.29	10:00:00	103670	103755	103200	103250	934495	2678167	5
2022.07.29	11:00:00	103245	103745	103165	103645	672916	2072657	5
2022.07.29	12:00:00	103645	103950	103490	103720	462737	1518372	5
2022.07.29	13:00:00	103715	104085	103630	103995	359126	1185861	5
2022.07.29	14:00:00	103995	104275	103895	104245	298560	1022278	5
2022.07.29	15:00:00	104240	104655	104130	104600	357245	1335703	5
2022.07.29	16:00:00	104595	104635	103670	103825	414817	1542579	5
2022.07.29	17:00:00	103820	103925	103485	103560	238228	741322	5
2022.08.01	09:00:00	103825	103855	103450	103455	463490	1333457	5
2022.08.01	10:00:00	103460	103490	102690	103220	925826	2850131	5
2022.08.01	11:00:00	103220	103900	102815	103755	869937	2743903	5
2022.08.01	12:00:00	103755	103810	103255	103315	417250	1258832	5
2022.08.01	13:00:00	103310	103530	102980	103010	398763	1256256	5
2022.08.01	14:00:00	103005	103030	102260	102470	579642	1844305	5
2022.08.01	15:00:00	102470	103020	102380	102935	421708	1444238	5
2022.08.01	16:00:00	102940	102990	102535	102605	349986	1215676	5
2022.08.01	17:00:00	102605	102860	102575	102825	156949	555014	5
2022.08.02	09:00:00	102250	102530	102095	102525	557511	1557220	5
2022.08.02	10:00:00	102525	103225	102345	102665	1239058	3580029	5
2022.08.02	11:00:00	102665	103760	102165	103600	1162772	3675329	5
2022.08.02	12:00:00	103600	103900	103310	103630	538882	1667172	5
2022.08.02	13:00:00	103630	104070	103610	103930	368884	1196128	5
2022.08.02	14:00:00	103930	104155	103340	103640	555815	1910680	5
2022.08.02	15:00:00	103640	104140	103575	104010	498071	1799293	5
2022.08.02	16:00:00	104010	104040	103665	103765	412739	1481431	5
2022.08.02	17:00:00	103765	104240	103705	104240	200385	603114	5
2022.08.03	09:00:00	104200	104370	103910	104065	489964	1293210	5
2022.08.03	10:00:00	104060	104115	103565	103950	987588	2903610	5
2022.08.03	11:00:00	103950	103955	103225	103440	792227	2391789	5
2022.08.03	12:00:00	103445	104165	103250	104000	558520	1835827	5
2022.08.03	13:00:00	104000	104340	103885	104170	410260	1363391	5
2022.08.03	14:00:00	104170	104200	103850	103925	357590	1233919	5
2022.08.03	15:00:00	103930	104220	103920	104125	349847	1163954	5
2022.08.03	16:00:00	104125	104335	104095	104175	312923	1087621	5
2022.08.03	17:00:00	104175	104485	104160	104425	155108	510524	5
2022.08.04	09:00:00	104265	105235	104170	105075	584126	1609353	5
2022.08.04	10:00:00	105075	105670	105005	105575	888366	2722167	5
2022.08.04	11:00:00	105580	105760	105390	105635	610491	2024348	5
2022.08.04	12:00:00	105635	105810	105470	105720	403768	1392978	5
2022.08.04	13:00:00	105715	106190	105700	106115	406934	1486461	5
2022.08.04	14:00:00	106115	106650	106045	106555	421004	1579894	5
2022.08.04	15:00:00	106560	106580	106250	106330	374621	1356887	5
2022.08.04	16:00:00	106335	106680	106290	106410	373019	1410332	5
2022.08.04	17:00:00	106410	107220	106375	106905	267258	941806	5
2022.08.05	09:00:00	106735	107195	106140	106380	776687	1994052	5
2022.08.05	10:00:00	106380	106965	105870	106930	1020496	2990249	5
2022.08.05	11:00:00	106930	107625	106595	107515	802381	2496178	5
2022.08.05	12:00:00	107520	107525	106520	106650	525805	1745685	5
2022.08.05	13:00:00	106655	107055	106645	107025	310897	1003014	5
2022.08.05	14:00:00	107030	107545	106975	107075	397613	1414682	5
2022.08.05	15:00:00	107080	107140	106395	106640	434789	1460303	5
2022.08.05	16:00:00	106640	106850	106465	106815	333119	1183453	5
2022.08.05	17:00:00	106810	106965	106665	106710	179279	597443	5
2022.08.08	09:00:00	107250	107770	107155	107625	512247	1439179	5
2022.08.08	10:00:00	107630	108500	107400	108430	1020910	2940485	5
2022.08.08	11:00:00	108430	108455	108030	108340	671129	1981759	5
2022.08.08	12:00:00	108345	108670	108085	108290	533693	1711545	5
2022.08.08	13:00:00	108290	108615	108105	108465	466577	1463826	5
2022.08.08	14:00:00	108470	108880	108455	108835	461331	1483964	5
2022.08.08	15:00:00	108840	108845	108500	108635	448680	1462506	5
2022.08.08	16:00:00	108635	108835	108480	108715	400252	1396545	5
2022.08.08	17:00:00	108720	109290	108715	109290	259998	916494	5
2022.08.09	09:00:00	109100	109440	108780	109310	624233	1674404	5
2022.08.09	10:00:00	109310	109590	108605	108775	1186184	3438495	5
2022.08.09	11:00:00	108780	108965	108150	108400	851125	2692005	5
2022.08.09	12:00:00	108400	108485	108120	108285	465973	1449337	5
2022.08.09	13:00:00	108290	108560	108185	108455	385032	1270103	5
2022.08.09	14:00:00	108455	108685	108350	108575	446790	1491580	5
2022.08.09	15:00:00	108570	108720	108370	108585	406552	1397261	5
2022.08.09	16:00:00	108590	109110	108515	108955	454966	1598081	5
2022.08.09	17:00:00	108955	109500	108905	109085	257595	828059	5
2022.08.10	09:00:00	109000	110885	108925	110365	904540	2348616	5
2022.08.10	10:00:00	110365	110815	110030	110110	1004412	2758128	5
2022.08.10	11:00:00	110115	110500	109705	110450	830393	2440307	5
2022.08.10	12:00:00	110445	110560	110150	110310	440504	1340352	5
2022.08.10	13:00:00	110305	110505	110220	110480	272502	864059	5
2022.08.10	14:00:00	110480	110630	110365	110475	324206	1033148	5
2022.08.10	15:00:00	110480	110500	109880	110155	498220	1643672	5
2022.08.10	16:00:00	110150	110585	110090	110565	371852	1271477	5
2022.08.10	17:00:00	110565	110725	110455	110525	255242	793595	5
2022.08.11	09:00:00	110800	111765	110705	111645	811277	2212675	5
2022.08.11	10:00:00	111645	111750	111150	111260	823117	2346102	5
2022.08.11	11:00:00	111260	111280	110625	110685	878937	2668049	5
2022.08.11	12:00:00	110690	110730	110240	110590	610598	1898837	5
2022.08.11	13:00:00	110585	110865	110560	110840	352443	1074021	5
2022.08.11	14:00:00	110835	111310	110730	111010	428740	1393926	5
2022.08.11	15:00:00	111015	111035	109730	110070	632025	2149244	5
2022.08.11	16:00:00	110070	110395	109715	110190	477617	1544655	5
2022.08.11	17:00:00	110195	110325	109980	110300	224691	674375	5
2022.08.12	09:00:00	110285	110910	110280	110675	645051	1693244	5
2022.08.12	10:00:00	110675	111335	110545	111215	965139	2711552	5
2022.08.12	11:00:00	111220	111365	110855	110975	725037	2032722	5
2022.08.12	12:00:00	110980	111585	110920	111525	487554	1518134	5
2022.08.12	13:00:00	111525	111875	111510	111745	388866	1251664	5
2022.08.12	14:00:00	111745	112095	111735	112045	337323	1113252	5
2022.08.12	15:00:00	112045	112305	112000	112250	345076	1195938	5
2022.08.12	16:00:00	112255	112715	112245	112570	416138	1456981	5
2022.08.12	17:00:00	112570	112910	112495	112710	228956	719542	5
2022.08.15	09:00:00	111500	111500	110815	111205	648017	1776685	5
2022.08.15	10:00:00	111205	112040	111140	111960	960129	2827129	5
2022.08.15	11:00:00	111960	112570	111690	112375	673761	2140729	5
2022.08.15	12:00:00	112375	113080	112320	112935	475164	1619556	5
2022.08.15	13:00:00	112935	113070	112700	112880	287344	983013	5
2022.08.15	14:00:00	112880	112945	112705	112865	331874	1164870	5
2022.08.15	15:00:00	112865	113330	112645	113115	455262	1638467	5
2022.08.15	16:00:00	113110	113310	112960	113060	306701	1125841	5
2022.08.15	17:00:00	113060	113305	112975	113215	211034	719699	5
2022.08.16	09:00:00	113050	113250	112690	112975	778860	2094438	5
2022.08.16	10:00:00	112975	113450	112800	113345	1115949	3259952	5
2022.08.16	11:00:00	113345	113685	112740	112885	827357	2567607	5
2022.08.16	12:00:00	112880	113195	112710	112990	517619	1621092	5
2022.08.16	13:00:00	112995	113270	112840	112990	369684	1195489	5
2022.08.16	14:00:00	112990	113440	112945	113360	354435	1222759	5
2022.08.16	15:00:00	113360	113615	112980	113140	488498	1684725	5
2022.08.16	16:00:00	113140	113670	112925	113595	445685	1503779	5
2022.08.16	17:00:00	113590	113890	113530	113785	184188	535257	5
2022.08.17	09:00:00	114945	114990	114290	114515	574668	1478390	5
2022.08.17	10:00:00	114515	115445	114415	115420	869406	2570604	5
2022.08.17	11:00:00	115420	115770	115275	115440	642270	2058214	5
2022.08.17	12:00:00	115435	116015	115420	115485	437126	1498172	5
2022.08.17	13:00:00	115485	115780	115395	115535	355151	1204465	5
2022.08.17	14:00:00	115540	115755	115255	115690	394884	1319311	5
2022.08.17	15:00:00	115690	116250	115535	115825	623563	2032282	5
2022.08.17	16:00:00	115820	115935	115490	115760	371554	1331747	5
2022.08.17	17:00:00	115760	115875	115490	115490	149301	498598	5
2022.08.18	09:00:00	115785	116445	115685	116075	652845	1756643	5
2022.08.18	10:00:00	116070	116300	115580	115765	1029396	3071328	5
2022.08.18	11:00:00	115765	116115	115560	115915	670637	2157649	5
2022.08.18	12:00:00	115920	115945	115600	115615	448733	1515947	5
2022.08.18	13:00:00	115615	115725	115295	115325	380770	1289818	5
2022.08.18	14:00:00	115320	115625	115305	115490	346253	1225764	5
2022.08.18	15:00:00	115495	115800	115465	115760	341985	1234316	5
2022.08.18	16:00:00	115765	116140	115720	115965	337782	1215176	5
2022.08.18	17:00:00	115965	116115	115885	116100	151124	506218	5
2022.08.19	09:00:00	114980	115270	114735	114890	549565	1303635	5
2022.08.19	10:00:00	114890	114935	113945	114015	988432	2869462	5
2022.08.19	11:00:00	114015	114180	113430	113630	718643	2411929	5
2022.08.19	12:00:00	113635	113755	113405	113635	427095	1508778	5
2022.08.19	13:00:00	113635	113720	113470	113645	299735	1047516	5
2022.08.19	14:00:00	113645	113650	113180	113445	458143	1673196	5
2022.08.19	15:00:00	113450	113480	113105	113155	411924	1451851	5
2022.08.19	16:00:00	113160	113350	113110	113315	341401	1250682	5
2022.08.19	17:00:00	113310	113425	112830	112850	207333	758782	5
2022.08.22	09:00:00	112150	112595	112110	112370	583637	1526405	5
2022.08.22	10:00:00	112365	112500	111715	112075	1009491	2868344	5
2022.08.22	11:00:00	112075	112395	111775	112200	830001	2585466	5
2022.08.22	12:00:00	112200	112720	112140	112585	503083	1626337	5
2022.08.22	13:00:00	112585	112800	112460	112635	432733	1394699	5
2022.08.22	14:00:00	112630	112660	112075	112215	449921	1491452	5
2022.08.22	15:00:00	112220	112585	112175	112570	388397	1353319	5
2022.08.22	16:00:00	112570	112660	112130	112450	462779	1571381	5
2022.08.22	17:00:00	112450	112590	112260	112390	193110	603413	5
2022.08.23	09:00:00	113060	113150	112460	112590	472739	1264586	5
2022.08.23	10:00:00	112595	113905	112555	113795	873794	2882243	5
2022.08.23	11:00:00	113800	114260	113765	114020	645461	2037525	5
2022.08.23	12:00:00	114015	114460	113810	114305	492178	1579526	5
2022.08.23	13:00:00	114310	114355	113970	114110	296589	980842	5
2022.08.23	14:00:00	114115	114225	113915	114035	355047	1173890	5
2022.08.23	15:00:00	114040	114515	114015	114460	365830	1283903	5
2022.08.23	16:00:00	114465	114815	114400	114695	342178	1227536	5
2022.08.23	17:00:00	114700	114940	114615	114825	168485	560186	5
2022.08.24	09:00:00	114775	114875	114275	114315	713977	1931021	5
2022.08.24	10:00:00	114320	115425	114305	115230	1029979	3152777	5
2022.08.24	11:00:00	115230	115670	115150	115465	645802	2080541	5
2022.08.24	12:00:00	115460	115625	115110	115115	418722	1388098	5
2022.08.24	13:00:00	115115	115195	114415	114475	489365	1679076	5
2022.08.24	14:00:00	114480	114800	114390	114720	371611	1323288	5
2022.08.24	15:00:00	114725	114860	114440	114640	408740	1580458	5
2022.08.24	16:00:00	114640	115010	114580	114750	364950	1347802	5
2022.08.24	17:00:00	114745	114870	114630	114785	175992	635599	5
2022.08.25	09:00:00	115520	115565	115120	115300	503974	1331743	5
2022.08.25	10:00:00	115305	115810	114960	115225	1110032	3269225	5
2022.08.25	11:00:00	115225	115460	114805	115020	813278	2567873	5
2022.08.25	12:00:00	115020	115025	114455	114810	527633	1687410	5
2022.08.25	13:00:00	114810	115045	114655	115040	365048	1159874	5
2022.08.25	14:00:00	115035	115270	114995	115045	357376	1186822	5
2022.08.25	15:00:00	115040	115095	114800	115070	328245	1127700	5
2022.08.25	16:00:00	115075	115330	115040	115285	276158	1007404	5
2022.08.25	17:00:00	115285	115325	115100	115160	136400	501418	5
2022.08.26	09:00:00	114855	115690	114855	115525	698148	1851908	5
2022.08.26	10:00:00	115525	115850	114905	115305	948090	3003909	5
2022.08.26	11:00:00	115305	115385	114230	114610	1160624	3544574	5
2022.08.26	12:00:00	114610	114635	113670	113890	594710	2018115	5
2022.08.26	13:00:00	113885	114010	113575	114005	392998	1359921	5
2022.08.26	14:00:00	114005	114215	113720	113855	367050	1257167	5
2022.08.26	15:00:00	113850	114030	113770	114015	325537	1140944	5
2022.08.26	16:00:00	114015	114165	113840	114045	345094	1298619	5
2022.08.26	17:00:00	114045	114145	113810	114145	156176	505832	5
2022.08.29	09:00:00	113420	113485	113130	113445	493935	1337837	5
2022.08.29	10:00:00	113445	114080	113265	113905	901376	2738504	5
2022.08.29	11:00:00	113905	114520	113870	114285	653591	2093491	5
2022.08.29	12:00:00	114280	114575	114175	114540	452975	1392253	5
2022.08.29	13:00:00	114535	114675	114300	114590	362582	1190297	5
2022.08.29	14:00:00	114590	114920	114590	114755	368135	1230147	5
2022.08.29	15:00:00	114750	114780	114465	114590	349330	1160139	5
2022.08.29	16:00:00	114585	114710	113890	113905	477608	1727561	5
2022.08.29	17:00:00	113905	114220	113890	114220	159858	563410	5
2022.08.30	09:00:00	114395	114540	114025	114105	509638	1409929	5
2022.08.30	10:00:00	114100	114485	113250	113340	1120697	3524050	5
2022.08.30	11:00:00	113340	113510	112720	113155	842698	2755612	5
2022.08.30	12:00:00	113150	113215	112525	112545	589486	1920894	5
2022.08.30	13:00:00	112550	112650	112025	112105	460298	1571942	5
2022.08.30	14:00:00	112110	112110	111660	111910	488507	1765243	5
2022.08.30	15:00:00	111910	112140	111865	111955	446069	1570121	5
2022.08.30	16:00:00	111955	112300	111805	111915	464715	1631958	5
2022.08.30	17:00:00	111915	111995	111685	111685	150773	532717	5
2022.08.31	09:00:00	111865	112565	111850	112380	733950	1869318	5
2022.08.31	10:00:00	112380	112900	111430	112390	1360057	3881327	5
2022.08.31	11:00:00	112390	112935	112175	112395	1008576	3033455	5
2022.08.31	12:00:00	112395	112725	112150	112570	618160	1820264	5
2022.08.31	13:00:00	112575	112665	112105	112250	424237	1313982	5
2022.08.31	14:00:00	112255	112455	112025	112230	445470	1382405	5
2022.08.31	15:00:00	112230	112375	111350	111770	547075	1802788	5
2022.08.31	16:00:00	111775	111875	111020	111055	618326	2062932	5
2022.08.31	17:00:00	111055	111765	111040	111700	205888	671244	5
2022.09.01	09:00:00	111250	111505	110825	111270	828317	2191659	5
2022.09.01	10:00:00	111270	111485	110180	110415	1358883	3928918	5
2022.09.01	11:00:00	110415	110515	109800	109845	901895	2686367	5
2022.09.01	12:00:00	109850	110375	109620	109765	620936	1972422	5
2022.09.01	13:00:00	109765	110210	109730	110150	428844	1439232	5
2022.09.01	14:00:00	110150	111060	110070	110740	557155	1967657	5
2022.09.01	15:00:00	110745	111585	110715	111450	582605	2003921	5
2022.09.01	16:00:00	111455	111850	111385	111795	469219	1618016	5
2022.09.01	17:00:00	111800	112125	111755	111885	172395	579969	5
2022.09.02	09:00:00	111690	112770	111435	112720	873546	2120188	5
2022.09.02	10:00:00	112725	112750	112155	112195	1072199	2999109	5
2022.09.02	11:00:00	112200	113805	112090	113650	882838	2691993	5
2022.09.02	12:00:00	113650	113735	113525	113670	314108	997112	5
2022.09.02	13:00:00	113675	113690	112665	112745	607630	1981424	5
2022.09.02	14:00:00	112745	112750	112135	112315	674588	2141884	5
2022.09.02	15:00:00	112310	112935	112290	112570	507712	1589633	5
2022.09.02	16:00:00	112565	112850	111930	112175	523883	1762372	5
2022.09.02	17:00:00	112180	112350	112130	112350	152586	484164	5
2022.09.05	09:00:00	112215	113125	112175	113120	598480	1542543	5
2022.09.05	10:00:00	113120	114050	113075	113975	728172	2083371	5
2022.09.05	11:00:00	113975	114000	113415	113665	633230	1900455	5
2022.09.05	12:00:00	113660	113690	113045	113385	499885	1592352	5
2022.09.05	13:00:00	113380	113445	113170	113305	351970	1088527	5
2022.09.05	14:00:00	113305	113575	113295	113450	287602	862965	5
2022.09.05	15:00:00	113455	113635	113405	113480	249396	746769	5
2022.09.05	16:00:00	113480	113750	113440	113640	299968	878040	5
2022.09.05	17:00:00	113635	113700	113515	113580	126782	337314	5
2022.09.06	09:00:00	113350	113375	112430	112460	727804	2020003	5
2022.09.06	10:00:00	112460	112520	110905	111010	1308327	3899373	5
2022.09.06	11:00:00	111005	111365	110660	111255	906760	2751306	5
2022.09.06	12:00:00	111250	111395	110705	111180	640120	1955597	5
2022.09.06	13:00:00	111180	111310	110945	111110	446511	1431530	5
2022.09.06	14:00:00	111105	111110	110580	110825	577875	1958858	5
2022.09.06	15:00:00	110825	111200	110730	110755	528983	1782006	5
2022.09.06	16:00:00	110755	111155	110725	111045	474669	1639278	5
2022.09.06	17:00:00	111045	111070	110605	110605	213549	679938	5
2022.09.08	09:00:00	111745	111995	111325	111470	966448	2395429	5
2022.09.08	10:00:00	111470	112055	110920	111925	1524297	4190390	5
2022.09.08	11:00:00	111925	111945	110980	111230	1027209	2984836	5
2022.09.08	12:00:00	111235	111400	110620	110815	660323	2024412	5
2022.09.08	13:00:00	110815	110900	109770	110515	701348	2216372	5
2022.09.08	14:00:00	110510	110975	110395	110805	643070	2050804	5
2022.09.08	15:00:00	110810	111530	110800	110950	680870	2320630	5
2022.09.08	16:00:00	110950	111190	110780	111110	466434	1549971	5
2022.09.08	17:00:00	111115	111330	111010	111010	210682	715225	5
2022.09.09	09:00:00	112100	112495	111985	112335	671752	1735333	5
2022.09.09	10:00:00	112330	113095	112265	112940	1185262	3316483	5
2022.09.09	11:00:00	112945	113495	112910	113405	696780	2089359	5
2022.09.09	12:00:00	113405	113610	113295	113555	419987	1247017	5
2022.09.09	13:00:00	113555	113775	113345	113645	438198	1359556	5
2022.09.09	14:00:00	113645	113735	113460	113650	318489	983313	5
2022.09.09	15:00:00	113645	113690	113310	113540	344906	1124859	5
2022.09.09	16:00:00	113535	113540	113325	113455	311735	1070885	5
2022.09.09	17:00:00	113455	113625	113440	113550	168011	459201	5
2022.09.12	09:00:00	114230	114560	113875	114420	633150	1669904	5
2022.09.12	10:00:00	114415	115395	114405	115350	981783	2952353	5
2022.09.12	11:00:00	115355	115365	114715	114760	638963	1912861	5
2022.09.12	12:00:00	114765	115000	114490	114815	577955	1746469	5
2022.09.12	13:00:00	114815	114965	114435	114660	447592	1427732	5
2022.09.12	14:00:00	114660	114825	114460	114820	378449	1213482	5
2022.09.12	15:00:00	114820	114900	114615	114880	387900	1274187	5
2022.09.12	16:00:00	114880	114890	114570	114670	297526	994799	5
2022.09.12	17:00:00	114670	114760	114600	114600	134592	423554	5
2022.09.13	09:00:00	115150	115365	112670	112795	1023206	2650948	5
2022.09.13	10:00:00	112795	113885	112590	113415	1185187	3420549	5
2022.09.13	11:00:00	113420	113915	112960	112995	999035	3000468	5
2022.09.13	12:00:00	113000	113155	112540	112585	576104	1826985	5
2022.09.13	13:00:00	112580	112725	112175	112570	431245	1422868	5
2022.09.13	14:00:00	112570	112770	112440	112555	437658	1426360	5
2022.09.13	15:00:00	112560	112570	111840	112000	512496	1685478	5
2022.09.13	16:00:00	112000	112110	111540	111800	431269	1480698	5
2022.09.13	17:00:00	111800	111935	111720	111770	162373	562850	5
2022.09.14	09:00:00	111620	112200	111420	111695	868198	2220294	5
2022.09.14	10:00:00	111695	112550	111075	112290	1308250	3732755	5
2022.09.14	11:00:00	112295	112360	111530	112100	955070	2860696	5
2022.09.14	12:00:00	112095	112130	111690	111865	629433	1935417	5
2022.09.14	13:00:00	111865	112070	111740	111900	390967	1235972	5
2022.09.14	14:00:00	111900	111995	111275	111445	529529	1791636	5
2022.09.14	15:00:00	111445	111805	111310	111495	502402	1726054	5
2022.09.14	16:00:00	111495	111680	111170	111625	477888	1668417	5
2022.09.14	17:00:00	111625	111915	111590	111860	156547	497484	5
2022.09.15	09:00:00	111460	111765	111135	111340	887979	2380845	5
2022.09.15	10:00:00	111340	112150	110985	111955	1187851	3448666	5
2022.09.15	11:00:00	111960	112050	110430	110460	990164	3088715	5
2022.09.15	12:00:00	110465	111070	110430	110785	555200	1777922	5
2022.09.15	13:00:00	110785	110850	110435	110760	435430	1382732	5
2022.09.15	14:00:00	110755	111255	110755	111005	519968	1677470	5
2022.09.15	15:00:00	111010	111100	110775	110930	455772	1529819	5
2022.09.15	16:00:00	110935	111065	110605	110905	500987	1740644	5
2022.09.15	17:00:00	110905	110985	110550	110610	160706	580694	5
2022.09.16	09:00:00	110110	110395	109825	109910	612176	1594161	5
2022.09.16	10:00:00	109910	110020	109420	109525	1038427	2966052	5
2022.09.16	11:00:00	109530	110415	109520	109870	1029081	3001692	5
2022.09.16	12:00:00	109870	110185	109620	109895	635590	2033001	5
2022.09.16	13:00:00	109890	110015	109445	109810	492238	1614908	5
2022.09.16	14:00:00	109815	109905	109515	109655	445392	1508088	5
2022.09.16	15:00:00	109650	110215	109605	110080	543598	1856684	5
2022.09.16	16:00:00	110085	110460	109745	110145	570826	1924592	5
2022.09.16	17:00:00	110145	110415	110075	110400	131906	443048	5
2022.09.19	09:00:00	109165	109455	108980	109360	545794	1437215	5
2022.09.19	10:00:00	109360	110250	109165	110080	1004734	3051546	5
2022.09.19	11:00:00	110085	111220	109870	111135	964044	3013901	5
2022.09.19	12:00:00	111135	111975	111110	111815	642418	2135693	5
2022.09.19	13:00:00	111815	112335	111665	112295	504736	1730218	5
2022.09.19	14:00:00	112295	112495	112205	112250	453523	1613212	5
2022.09.19	15:00:00	112250	112305	112130	112285	343135	1211299	5
2022.09.19	16:00:00	112290	112965	112285	112780	485972	1858861	5
2022.09.19	17:00:00	112780	113500	112765	113460	277805	968256	5
2022.09.20	09:00:00	112900	113055	112255	112520	769567	2042412	5
2022.09.20	10:00:00	112520	113435	112165	112625	1403802	3885650	5
2022.09.20	11:00:00	112620	113200	112510	112855	906857	2647248	5
2022.09.20	12:00:00	112855	113420	112655	113285	522968	1614055	5
2022.09.20	13:00:00	113285	113405	112735	112835	445593	1406367	5
2022.09.20	14:00:00	112835	113085	112565	112635	467420	1515191	5
2022.09.20	15:00:00	112635	112995	112500	112900	468736	1583088	5
2022.09.20	16:00:00	112900	113445	112800	113365	461430	1620972	5
2022.09.20	17:00:00	113365	113670	113210	113410	211518	647478	5
2022.09.21	09:00:00	113600	113670	112960	113350	701299	1874809	5
2022.09.21	10:00:00	113345	113920	112800	112820	1068255	3094119	5
2022.09.21	11:00:00	112825	113165	112450	112515	748437	2286617	5
2022.09.21	12:00:00	112515	112935	112365	112875	482725	1520800	5
2022.09.21	13:00:00	112875	113200	112715	113095	405200	1338861	5
2022.09.21	14:00:00	113100	113375	112600	112600	374938	1203589	5
2022.09.21	15:00:00	112540	114180	112035	113720	1667847	4490816	5
2022.09.21	16:00:00	113720	113795	112510	112725	754192	2342614	5
2022.09.21	17:00:00	112725	112815	112575	112600	151458	497205	5
2022.09.22	09:00:00	113480	114135	113265	114080	721755	1914182	5
2022.09.22	10:00:00	114080	114435	113090	113165	1272054	3619642	5
2022.09.22	11:00:00	113165	113405	112750	112915	898769	2688550	5
2022.09.22	12:00:00	112915	113075	112515	112655	612858	1910710	5
2022.09.22	13:00:00	112660	113215	112575	113095	508529	1572512	5
2022.09.22	14:00:00	113100	114210	112920	114070	569751	1862700	5
2022.09.22	15:00:00	114075	114285	113565	114245	567405	1805334	5
2022.09.22	16:00:00	114240	115210	114240	114935	540444	1849555	5
2022.09.22	17:00:00	114935	114980	114670	114670	177706	554194	5
2022.09.23	09:00:00	113200	113370	112610	112710	689710	1924532	5
2022.09.23	10:00:00	112705	113135	112075	112090	1223782	3282601	5
2022.09.23	11:00:00	112085	112260	111510	111680	848854	2411813	5
2022.09.23	12:00:00	111675	111895	111395	111700	506267	1518469	5
2022.09.23	13:00:00	111700	112280	111625	112270	468457	1578597	5
2022.09.23	14:00:00	112270	112370	111730	112080	571961	1919871	5
2022.09.23	15:00:00	112085	112095	111320	111375	681321	2238028	5
2022.09.23	16:00:00	111370	112525	111360	112475	740570	2408647	5
2022.09.23	17:00:00	112475	112590	112200	112240	244174	792218	5
2022.09.26	09:00:00	111525	111595	110865	111285	709361	1887764	5
2022.09.26	10:00:00	111290	111815	110920	111525	1347047	3697221	5
2022.09.26	11:00:00	111525	111715	110655	110875	1102603	3113347	5
2022.09.26	12:00:00	110875	110960	110060	110325	718579	2245937	5
2022.09.26	13:00:00	110320	110455	109915	110285	524545	1640653	5
2022.09.26	14:00:00	110290	110295	109785	109895	571724	1929487	5
2022.09.26	15:00:00	109900	110290	109760	110095	641623	2213388	5
2022.09.26	16:00:00	110095	110250	109600	109745	710868	2422564	5
2022.09.26	17:00:00	109745	109795	109075	109130	328428	1059885	5
2022.09.27	09:00:00	110350	111585	110350	110815	736484	2076046	5
2022.09.27	10:00:00	110815	110825	109855	110095	1338672	3857301	5
2022.09.27	11:00:00	110090	110545	109570	110225	1117214	3025477	5
2022.09.27	12:00:00	110220	110295	108930	108965	739006	2235715	5
2022.09.27	13:00:00	108960	109245	108630	109175	600265	1913551	5
2022.09.27	14:00:00	109175	109180	108645	109020	556521	1813768	5
2022.09.27	15:00:00	109015	109575	108810	109515	560850	1874169	5
2022.09.27	16:00:00	109515	109520	108660	109025	603382	2000127	5
2022.09.27	17:00:00	109025	109295	108800	109135	223937	723268	5
2022.09.28	09:00:00	108135	109300	108030	108895	869410	2459852	5
2022.09.28	10:00:00	108900	109365	108325	108870	1332310	3835399	5
2022.09.28	11:00:00	108870	109270	108495	109060	962631	2718851	5
2022.09.28	12:00:00	109060	109360	108470	108925	675262	2042211	5
2022.09.28	13:00:00	108925	109425	108760	109040	537544	1733129	5
2022.09.28	14:00:00	109045	109295	108865	108880	472428	1547851	5
2022.09.28	15:00:00	108885	109100	108710	108995	464372	1532413	5
2022.09.28	16:00:00	109000	109495	108805	108860	488133	1687006	5
2022.09.28	17:00:00	108860	109090	108670	108670	215775	721681	5
2022.09.29	09:00:00	108320	108645	107430	107510	767377	2101221	5
2022.09.29	10:00:00	107515	108160	106780	107120	1121884	3235432	5
2022.09.29	11:00:00	107115	107670	106530	107650	927307	2793791	5
2022.09.29	12:00:00	107650	108170	107325	107905	725822	2147792	5
2022.09.29	13:00:00	107905	108170	107550	107595	491406	1489917	5
2022.09.29	14:00:00	107600	107840	107375	107580	476733	1465125	5
2022.09.29	15:00:00	107575	107580	106825	107415	478991	1502123	5
2022.09.29	16:00:00	107420	108580	107405	108240	583191	1891910	5
2022.09.29	17:00:00	108235	108265	107910	108115	218597	701880	5
2022.09.30	09:00:00	108500	108850	107500	107845	765515	2019871	5
2022.09.30	10:00:00	107845	109365	107610	109195	1082345	3322461	5
2022.09.30	11:00:00	109200	109630	108910	109505	772848	2561901	5
2022.09.30	12:00:00	109510	110265	109395	109975	553632	1912834	5
2022.09.30	13:00:00	109975	110090	109640	109935	418743	1423042	5
2022.09.30	14:00:00	109935	110930	109855	110460	654696	2284476	5
2022.09.30	15:00:00	110460	110715	110115	110275	509644	1748612	5
2022.09.30	16:00:00	110275	110960	110215	110480	558094	1867123	5
2022.09.30	17:00:00	110485	110900	110385	110900	222751	683027	5
2022.10.03	09:00:00	114355	114845	113750	114210	655331	1693851	5
2022.10.03	10:00:00	114215	114815	113605	114610	1202883	3263530	5
2022.10.03	11:00:00	114610	115840	114575	115745	979330	3004163	5
2022.10.03	12:00:00	115740	115890	115205	115380	578543	1711576	5
2022.10.03	13:00:00	115375	115675	115220	115340	462485	1443366	5
2022.10.03	14:00:00	115340	115835	115325	115600	477970	1531397	5
2022.10.03	15:00:00	115600	116595	115555	116475	537341	1802983	5
2022.10.03	16:00:00	116480	116720	116270	116630	431116	1525747	5
2022.10.03	17:00:00	116630	117130	116620	116970	231098	721067	5
2022.10.04	09:00:00	118060	118840	117495	118755	882884	2501575	5
2022.10.04	10:00:00	118755	118765	117235	117485	1185182	3548849	5
2022.10.04	11:00:00	117490	117840	117035	117375	874105	2660574	5
2022.10.04	12:00:00	117375	117415	116830	117315	622612	1956464	5
2022.10.04	13:00:00	117315	117450	116515	116705	481797	1521306	5
2022.10.04	14:00:00	116705	116895	116180	116680	631219	2037318	5
2022.10.04	15:00:00	116680	116875	116250	116710	529408	1671234	5
2022.10.04	16:00:00	116710	116725	116100	116595	513196	1700125	5
2022.10.04	17:00:00	116595	116910	116505	116910	229284	661331	5
2022.10.05	09:00:00	116080	117190	115875	116785	861608	2376912	5
2022.10.05	10:00:00	116785	117465	116150	117260	1230500	3303152	5
2022.10.05	11:00:00	117260	117265	116425	116775	886476	2538717	5
2022.10.05	12:00:00	116770	117620	116650	117175	539699	1704052	5
2022.10.05	13:00:00	117175	117530	117040	117370	462608	1451204	5
2022.10.05	14:00:00	117375	117640	117205	117275	463821	1493116	5
2022.10.05	15:00:00	117275	117870	117220	117695	425099	1439030	5
2022.10.05	16:00:00	117695	117755	117335	117455	385750	1313420	5
2022.10.05	17:00:00	117450	117935	117445	117800	191666	686558	5
2022.10.06	09:00:00	117310	118265	117170	118235	685165	1893524	5
2022.10.06	10:00:00	118230	118700	117625	118610	1101884	3368209	5
2022.10.06	11:00:00	118610	118625	117755	118100	808754	2593083	5
2022.10.06	12:00:00	118100	118200	117645	117660	483692	1618347	5
2022.10.06	13:00:00	117665	118335	117600	118085	422121	1405180	5
2022.10.06	14:00:00	118090	118150	117700	117920	390322	1305249	5
2022.10.06	15:00:00	117920	117970	117510	117635	460194	1658668	5
2022.10.06	16:00:00	117635	118015	117375	117905	450821	1678079	5
2022.10.06	17:00:00	117910	117950	117215	117300	168597	591246	5
2022.10.07	09:00:00	117550	118190	116985	117410	868053	2206797	5
2022.10.07	10:00:00	117415	118150	117265	117740	1074218	3116222	5
2022.10.07	11:00:00	117740	117820	117090	117615	745931	2361895	5
2022.10.07	12:00:00	117615	117835	117425	117660	441373	1414369	5
2022.10.07	13:00:00	117660	117815	117390	117575	379719	1308103	5
2022.10.07	14:00:00	117575	117585	116555	116605	410652	1451642	5
2022.10.07	15:00:00	116600	116880	116355	116770	487954	1736121	5
2022.10.07	16:00:00	116765	116940	116050	116565	455059	1588040	5
2022.10.07	17:00:00	116560	117250	116490	117250	201630	630825	5
2022.10.10	09:00:00	116960	117305	116685	117295	614805	1617548	5
2022.10.10	10:00:00	117295	117400	116260	116270	1048664	2897701	5
2022.10.10	11:00:00	116265	116440	115795	116010	702403	2186798	5
2022.10.10	12:00:00	116010	116085	115730	115940	432234	1363025	5
2022.10.10	13:00:00	115940	116000	115555	115780	397528	1350349	5
2022.10.10	14:00:00	115775	116210	115615	116040	421490	1447513	5
2022.10.10	15:00:00	116035	116050	115375	115535	499860	1758386	5
2022.10.10	16:00:00	115535	116270	115520	116015	481865	1765988	5
2022.10.10	17:00:00	116010	116190	115945	116100	187222	609239	5
2022.10.11	09:00:00	115410	116010	115270	115400	638375	1792594	5
2022.10.11	10:00:00	115395	115820	115175	115215	1117049	3382773	5
2022.10.11	11:00:00	115215	115575	114805	115215	853439	2713535	5
2022.10.11	12:00:00	115210	115780	115160	115625	552072	1773488	5
2022.10.11	13:00:00	115625	115920	115360	115645	476565	1607269	5
2022.10.11	14:00:00	115640	115975	115530	115730	426820	1451974	5
2022.10.11	15:00:00	115730	115765	114810	114870	559809	2033055	5
2022.10.11	16:00:00	114865	114985	114315	114845	543978	1881470	5
2022.10.11	17:00:00	114840	114920	114430	114650	184053	578551	5
2022.10.13	09:00:00	117550	118080	115115	115385	765979	2023415	5
2022.10.13	10:00:00	115390	115655	114810	115505	858929	2575429	5
2022.10.13	11:00:00	115505	115735	114965	115555	695672	2296843	5
2022.10.13	12:00:00	115560	117040	115445	116985	722108	2515980	5
2022.10.13	13:00:00	116985	117270	116710	117165	439601	1572230	5
2022.10.13	14:00:00	117165	117700	117150	117465	354294	1325529	5
2022.10.13	15:00:00	117460	117460	116845	117170	357536	1379459	5
2022.10.13	16:00:00	117165	117210	116500	116520	394160	1559721	5
2022.10.13	17:00:00	116525	116660	115855	116030	234050	792166	5
2022.10.14	09:00:00	116525	116815	115955	116710	783271	2252220	5
2022.10.14	10:00:00	116710	116930	116120	116670	1048164	3420750	5
2022.10.14	11:00:00	116675	116825	115375	115855	1020708	3232039	5
2022.10.14	12:00:00	115855	116035	115160	115285	557540	1907608	5
2022.10.14	13:00:00	115285	115950	115010	115775	524505	1854881	5
2022.10.14	14:00:00	115780	116165	115350	116025	476997	1497652	5
2022.10.14	15:00:00	116030	116035	114685	114770	520738	1700603	5
2022.10.14	16:00:00	114770	114985	113675	113810	550516	1877874	5
2022.10.14	17:00:00	113810	114315	113700	113830	254046	763635	5
2022.10.17	09:00:00	115000	115200	114650	114800	559754	1628865	5
2022.10.17	10:00:00	114805	115425	114425	115215	976676	3084804	5
2022.10.17	11:00:00	115210	115790	115000	115735	721696	2330715	5
2022.10.17	12:00:00	115740	116445	115725	116395	467712	1578439	5
2022.10.17	13:00:00	116395	116515	116165	116235	369397	1261445	5
2022.10.17	14:00:00	116230	116295	115980	116055	388636	1359395	5
2022.10.17	15:00:00	116055	116295	115930	116245	364403	1320794	5
2022.10.17	16:00:00	116245	116390	115705	115810	378818	1443117	5
2022.10.17	17:00:00	115810	116130	115670	115910	184198	626800	5
2022.10.18	09:00:00	116945	117400	116500	117395	576066	1721480	5
2022.10.18	10:00:00	117395	117725	117170	117455	950933	3193177	5
2022.10.18	11:00:00	117455	117680	116660	116930	732771	2538466	5
2022.10.18	12:00:00	116930	117015	116205	116480	612094	2083689	5
2022.10.18	13:00:00	116475	116940	116385	116750	462937	1590535	5
2022.10.18	14:00:00	116745	117250	116625	117030	457383	1660559	5
2022.10.18	15:00:00	117025	117200	116575	117090	508677	1817556	5
2022.10.18	16:00:00	117090	117825	116880	117800	554595	2055147	5
2022.10.18	17:00:00	117805	118260	117740	118150	242180	811600	5
2022.10.19	09:00:00	117500	117855	117140	117825	621413	1844046	5
2022.10.19	10:00:00	117825	118170	117285	117635	1125878	3762106	5
2022.10.19	11:00:00	117635	118360	117520	117835	734182	2565606	5
2022.10.19	12:00:00	117835	118140	117615	117935	527936	1794050	5
2022.10.19	13:00:00	117940	118170	117650	117840	455182	1682333	5
2022.10.19	14:00:00	117840	117990	117625	117855	413687	1519235	5
2022.10.19	15:00:00	117855	118110	117755	117865	382782	1459349	5
2022.10.19	16:00:00	117865	118565	117785	118470	490383	1870485	5
2022.10.19	17:00:00	118470	118530	118085	118255	246519	796823	5
2022.10.20	09:00:00	118860	119680	118800	119210	650020	1908991	5
2022.10.20	10:00:00	119210	119350	118790	118825	908121	2986186	5
2022.10.20	11:00:00	118825	119445	118760	119415	737837	2579964	5
2022.10.20	12:00:00	119415	119415	118730	118750	450875	1524464	5
2022.10.20	13:00:00	118755	118925	118525	118765	455399	1619695	5
2022.10.20	14:00:00	118770	119080	118465	119070	474056	1735645	5
2022.10.20	15:00:00	119070	119275	118680	119055	452999	1681051	5
2022.10.20	16:00:00	119055	119320	118885	119185	426401	1666844	5
2022.10.20	17:00:00	119180	119360	118830	118950	191417	705618	5
2022.10.21	09:00:00	118385	118850	118280	118620	586263	1715834	5
2022.10.21	10:00:00	118620	119885	118610	119870	1219706	4028360	5
2022.10.21	11:00:00	119870	120425	119835	120135	816933	2886822	5
2022.10.21	12:00:00	120135	120375	119855	120365	565496	1935515	5
2022.10.21	13:00:00	120365	120785	120360	120545	445549	1508027	5
2022.10.21	14:00:00	120545	121340	120520	121235	439814	1599849	5
2022.10.21	15:00:00	121235	121775	121225	121640	448312	1617316	5
2022.10.21	16:00:00	121645	122825	121590	122150	549309	2119771	5
2022.10.21	17:00:00	122150	122585	122085	122370	227510	831472	5
2022.10.24	09:00:00	121825	121835	120275	120375	731352	1964199	5
2022.10.24	10:00:00	120370	120560	119215	119540	1127245	3266164	5
2022.10.24	11:00:00	119540	119565	118870	119365	878494	2913348	5
2022.10.24	12:00:00	119365	119460	118700	118855	612303	2115534	5
2022.10.24	13:00:00	118855	118950	118310	118390	480468	1738208	5
2022.10.24	14:00:00	118390	118430	117665	118000	580624	2285225	5
2022.10.24	15:00:00	118000	118240	117680	117740	475622	1804047	5
2022.10.24	16:00:00	117740	118280	117705	117935	432055	1549938	5
2022.10.24	17:00:00	117940	118140	117765	118050	214417	743228	5
2022.10.25	09:00:00	118020	118675	117320	117525	758274	2120562	5
2022.10.25	10:00:00	117520	117690	116470	117350	1060667	3222862	5
2022.10.25	11:00:00	117350	117975	117135	117480	729613	2287694	5
2022.10.25	12:00:00	117480	117995	117470	117720	458883	1493544	5
2022.10.25	13:00:00	117720	118080	117150	117260	416778	1379907	5
2022.10.25	14:00:00	117255	117460	117060	117180	403914	1346571	5
2022.10.25	15:00:00	117175	117295	116750	116780	382206	1385753	5
2022.10.25	16:00:00	116780	116975	116290	116345	399925	1490822	5
2022.10.25	17:00:00	116345	116400	116040	116150	230159	777801	5
2022.10.26	09:00:00	116395	116830	114975	115175	875985	2449645	5
2022.10.26	10:00:00	115175	115615	114640	114895	997981	2910232	5
2022.10.26	11:00:00	114890	115600	114885	115050	815173	2382470	5
2022.10.26	12:00:00	115050	116015	115045	115825	548531	1766991	5
2022.10.26	13:00:00	115825	116175	115065	115105	497540	1582001	5
2022.10.26	14:00:00	115105	115625	115020	115545	473966	1480135	5
2022.10.26	15:00:00	115550	115590	114525	114615	521031	1742564	5
2022.10.26	16:00:00	114610	114670	114240	114445	463453	1617198	5
2022.10.26	17:00:00	114450	115250	114195	115250	233978	777273	5
2022.10.27	09:00:00	114900	115950	114300	115145	1092584	2718239	5
2022.10.27	10:00:00	115140	115655	114620	115650	1254249	3562612	5
2022.10.27	11:00:00	115650	116035	114910	115225	910779	2781620	5
2022.10.27	12:00:00	115220	115750	115200	115750	638090	2034305	5
2022.10.27	13:00:00	115750	116125	115650	115915	475999	1590790	5
2022.10.27	14:00:00	115920	116425	115850	115905	482571	1692279	5
2022.10.27	15:00:00	115905	116200	115875	115985	386438	1395014	5
2022.10.27	16:00:00	115985	118215	115960	116595	701098	2663665	5
2022.10.27	17:00:00	116595	116935	114625	115615	616726	1502218	5
2022.10.28	09:00:00	114465	115495	114415	115165	855341	2181895	5
2022.10.28	10:00:00	115165	116250	115035	115995	1045837	2932384	5
2022.10.28	11:00:00	116000	116280	114875	115460	949008	2790268	5
2022.10.28	12:00:00	115465	116105	115310	115860	577792	1835492	5
2022.10.28	13:00:00	115855	116430	115695	116235	429030	1414328	5
2022.10.28	14:00:00	116235	116250	115925	115955	371319	1281869	5
2022.10.28	15:00:00	115955	116120	115565	115930	429896	1572666	5
2022.10.28	16:00:00	115930	115990	115605	115940	428811	1573295	5
2022.10.28	17:00:00	115940	117100	115905	117045	476947	1427925	5
2022.10.31	09:00:00	113000	114140	112500	113410	967012	2443323	5
2022.10.31	10:00:00	113410	118135	113355	117690	1301594	3910708	5
2022.10.31	11:00:00	117685	118450	116895	117295	920779	2788241	5
2022.10.31	12:00:00	117290	117345	116075	116130	616811	1902799	5
2022.10.31	13:00:00	116125	116360	115050	115315	612340	1980235	5
2022.10.31	14:00:00	115315	116540	115255	116315	718019	2255610	5
2022.10.31	15:00:00	116310	117200	116275	116740	611432	1977158	5
2022.10.31	16:00:00	116740	117995	116595	117845	585785	1982456	5
2022.10.31	17:00:00	117840	117885	116695	117440	399921	1132253	5
2022.11.01	09:00:00	118105	119265	117715	118910	971848	2299422	5
2022.11.01	10:00:00	118905	119065	117595	117790	1167375	2948683	5
2022.11.01	11:00:00	117785	118805	116995	118080	1136612	2998007	5
2022.11.01	12:00:00	118080	118775	117770	118600	697583	1952153	5
2022.11.01	13:00:00	118600	118955	118220	118385	545312	1633567	5
2022.11.01	14:00:00	118390	118835	118120	118690	473018	1448120	5
2022.11.01	15:00:00	118685	119580	118620	119285	574156	1715338	5
2022.11.01	16:00:00	119290	119920	118000	118865	743502	2010138	5
2022.11.01	17:00:00	118855	118910	116985	117410	549178	1252943	5
2022.11.03	09:00:00	115865	117190	115490	116725	816697	2131913	5
2022.11.03	10:00:00	116725	117495	115805	116775	985667	2505892	5
2022.11.03	11:00:00	116775	118035	116350	117955	890033	2483544	5
2022.11.03	12:00:00	117960	118190	117700	118110	472745	1378567	5
2022.11.03	13:00:00	118105	118675	117850	118605	408918	1236038	5
2022.11.03	14:00:00	118605	118750	118335	118410	418709	1326732	5
2022.11.03	15:00:00	118415	118940	118300	118790	439991	1427687	5
2022.11.03	16:00:00	118785	118970	118325	118410	380297	1249534	5
2022.11.03	17:00:00	118405	118850	118280	118465	289975	842456	5
2022.11.04	09:00:00	120115	120800	119620	120735	974815	2133530	5
2022.11.04	10:00:00	120735	121545	119520	120225	1111304	2983730	5
2022.11.04	11:00:00	120225	121385	119785	121270	973682	2813028	5
2022.11.04	12:00:00	121270	121605	120665	120700	659039	1995877	5
2022.11.04	13:00:00	120700	120885	120125	120260	527554	1610303	5
2022.11.04	14:00:00	120265	120480	119975	120320	545057	1685532	5
2022.11.04	15:00:00	120325	120420	119855	120240	512582	1659609	5
2022.11.04	16:00:00	120240	120240	119550	119710	528700	1779274	5
2022.11.04	17:00:00	119710	120090	118900	119270	363918	946138	5
2022.11.07	09:00:00	120045	120280	118455	118655	834351	1989134	5
2022.11.07	10:00:00	118660	119550	118540	119345	917853	2474813	5
2022.11.07	11:00:00	119345	119720	117150	117455	1006927	2989062	5
2022.11.07	12:00:00	117450	117930	116860	117100	658046	1835166	5
2022.11.07	13:00:00	117100	117605	116980	117330	450523	1349833	5
2022.11.07	14:00:00	117330	117595	116910	117080	464977	1463377	5
2022.11.07	15:00:00	117075	117755	116995	117260	469254	1444827	5
2022.11.07	16:00:00	117255	117430	116580	116735	467545	1485964	5
2022.11.07	17:00:00	116740	116945	116370	116550	329448	996776	5
2022.11.07	18:00:00	116550	116735	116465	116680	60590	179494	5
2022.11.08	09:00:00	116740	116750	115220	115830	859106	2244001	5
2022.11.08	10:00:00	115830	117100	115485	117005	1006931	2761964	5
2022.11.08	11:00:00	117005	117455	116680	116740	847103	2478323	5
2022.11.08	12:00:00	116740	117890	116620	117710	738927	2280894	5
2022.11.08	13:00:00	117710	118590	117590	118385	510061	1638029	5
2022.11.08	14:00:00	118385	118460	117735	117930	416252	1326389	5
2022.11.08	15:00:00	117925	118055	117105	117715	531251	1756438	5
2022.11.08	16:00:00	117710	117935	116650	117365	689080	2195388	5
2022.11.08	17:00:00	117370	117955	117170	117265	410634	1224176	5
2022.11.08	18:00:00	117265	117855	117160	117855	91322	246945	5
2022.11.09	09:00:00	116900	116900	116130	116490	790171	1979012	5
2022.11.09	10:00:00	116485	117055	116015	116770	958621	2486555	5
2022.11.09	11:00:00	116770	117225	116500	116890	823382	2269729	5
2022.11.09	12:00:00	116890	117425	116460	116630	676675	1933669	5
2022.11.09	13:00:00	116630	117075	116415	116795	426762	1279833	5
2022.11.09	14:00:00	116795	116950	115855	116130	467793	1506142	5
2022.11.09	15:00:00	116130	116210	115135	115330	569230	1806184	5
2022.11.09	16:00:00	115325	115465	114360	114490	468422	1572943	5
2022.11.09	17:00:00	114485	115075	114255	114795	454425	1509630	5
2022.11.09	18:00:00	114795	115095	114615	114855	70512	258787	5
2022.11.10	09:00:00	114155	114155	111475	112020	1032422	2285613	5
2022.11.10	10:00:00	112015	113745	111520	112920	1055535	2439078	5
2022.11.10	11:00:00	112920	113530	110655	111510	1194212	3031114	5
2022.11.10	12:00:00	111505	112220	110905	112135	680676	1691874	5
2022.11.10	13:00:00	112135	112245	111385	111990	527487	1366839	5
2022.11.10	14:00:00	111990	112055	110330	110870	637603	1724920	5
2022.11.10	15:00:00	110870	111200	109795	110070	622349	1728547	5
2022.11.10	16:00:00	110080	110550	109530	110125	572433	1573316	5
2022.11.10	17:00:00	110125	111055	109805	110535	470183	1376812	5
2022.11.10	18:00:00	110540	111100	110430	111060	90714	287588	5
2022.11.11	09:00:00	111985	111985	110175	110635	883405	2061981	5
2022.11.11	10:00:00	110635	112555	110325	112030	1316863	3163171	5
2022.11.11	11:00:00	112030	112330	111210	111830	896457	2292990	5
2022.11.11	12:00:00	111825	113865	111570	113470	828741	2131274	5
2022.11.11	13:00:00	113470	113645	112785	113245	561069	1491095	5
2022.11.11	14:00:00	113250	113590	112735	112760	482923	1486821	5
2022.11.11	15:00:00	112765	114265	112550	113840	659392	2012710	5
2022.11.11	16:00:00	113840	114060	113655	113690	415961	1190373	5
2022.11.11	17:00:00	113690	113705	112865	113400	399743	1210806	5
2022.11.11	18:00:00	113395	113635	113155	113635	73510	209141	5
2022.11.14	09:00:00	113155	114995	112760	114980	847466	2008200	5
2022.11.14	10:00:00	114980	114995	113395	113710	981758	2499433	5
2022.11.14	11:00:00	113705	114160	112965	113210	1023848	2557288	5
2022.11.14	12:00:00	113210	114495	113100	114405	649104	1869336	5
2022.11.14	13:00:00	114405	114515	113800	113835	512544	1523265	5
2022.11.14	14:00:00	113835	114300	113800	114110	458879	1332021	5
2022.11.14	15:00:00	114110	114480	113990	114225	442967	1372016	5
2022.11.14	16:00:00	114225	115460	114150	115005	604796	1882561	5
2022.11.14	17:00:00	115005	115330	113970	113995	461832	1335851	5
2022.11.14	18:00:00	113990	114305	113960	114220	94173	248330	5
2022.11.16	09:00:00	113655	114120	112990	114040	804487	1889504	5
2022.11.16	10:00:00	114045	114320	112815	113030	1233606	3152120	5
2022.11.16	11:00:00	113025	113205	112220	112480	1052832	2893993	5
2022.11.16	12:00:00	112480	112590	111535	111750	771970	2145239	5
2022.11.16	13:00:00	111745	111885	111445	111680	519247	1482773	5
2022.11.16	14:00:00	111680	111840	111290	111570	535157	1555530	5
2022.11.16	15:00:00	111575	111585	110340	110450	636996	2087975	5
2022.11.16	16:00:00	110445	111230	110445	111150	494935	1678772	5
2022.11.16	17:00:00	111150	111320	110585	111060	419831	1442589	5
2022.11.16	18:00:00	111055	111150	110500	110500	69958	237343	5
2022.11.17	09:00:00	109155	109420	108160	109120	979641	2251986	5
2022.11.17	10:00:00	109115	109595	108300	108490	1122087	2707742	5
2022.11.17	11:00:00	108490	109340	108105	109005	917095	2412603	5
2022.11.17	12:00:00	109005	109800	108925	109065	679668	2045860	5
2022.11.17	13:00:00	109070	109160	108180	108595	580318	1646360	5
2022.11.17	14:00:00	108590	109000	108335	108680	624274	1888026	5
2022.11.17	15:00:00	108680	109260	108450	108635	627497	1820196	5
2022.11.17	16:00:00	108640	109670	108535	109615	529506	1639860	5
2022.11.17	17:00:00	109610	110610	109300	110355	599958	1666806	5
2022.11.17	18:00:00	110350	110560	109950	109950	78916	249741	5
2022.11.18	09:00:00	111410	112250	110910	111760	878509	2066840	5
2022.11.18	10:00:00	111760	112455	111540	112305	939329	2425450	5
2022.11.18	11:00:00	112300	112485	110105	110620	1074048	3039512	5
2022.11.18	12:00:00	110615	111025	110290	110915	646055	1788403	5
2022.11.18	13:00:00	110910	110975	109810	109885	536974	1520043	5
2022.11.18	14:00:00	109890	110300	109270	110105	626620	1803732	5
2022.11.18	15:00:00	110110	110250	109360	109530	570865	1700955	5
2022.11.18	16:00:00	109530	110030	109525	109870	429546	1357995	5
2022.11.18	17:00:00	109865	110115	109475	109560	309148	931790	5
2022.11.18	18:00:00	109560	109695	109330	109590	81499	245739	5
2022.11.21	09:00:00	109580	110770	109550	110475	829735	2062644	5
2022.11.21	10:00:00	110475	111110	110250	110945	952465	2478366	5
2022.11.21	11:00:00	110945	111015	109605	109700	891225	2464702	5
2022.11.21	12:00:00	109695	109935	108715	108945	627450	1796898	5
2022.11.21	13:00:00	108940	110010	108740	109910	595968	1804374	5
2022.11.21	14:00:00	109905	110570	109900	110075	626996	1866395	5
2022.11.21	15:00:00	110080	110975	110050	110315	599461	1847703	5
2022.11.21	16:00:00	110315	110495	109865	110330	430649	1359081	5
2022.11.21	17:00:00	110330	110865	110310	110820	373412	1161038	5
2022.11.21	18:00:00	110825	110900	110550	110880	94589	247921	5
2022.11.22	09:00:00	110500	111425	110490	111050	871445	2030188	5
2022.11.22	10:00:00	111055	111120	110245	110715	1029385	2631344	5
2022.11.22	11:00:00	110720	111145	109705	110260	966831	2697009	5
2022.11.22	12:00:00	110255	110625	109940	109950	657909	1889919	5
2022.11.22	13:00:00	109950	110000	109135	109445	543759	1650075	5
2022.11.22	14:00:00	109450	109885	109390	109780	533966	1730832	5
2022.11.22	15:00:00	109785	110390	109760	109895	510014	1621351	5
2022.11.22	16:00:00	109895	109915	108560	108635	658447	2021592	5
2022.11.22	17:00:00	108635	109555	108620	109500	395665	1230465	5
2022.11.22	18:00:00	109500	109600	109300	109570	85922	206885	5
2022.11.23	09:00:00	109965	110175	108705	108915	732671	1798129	5
2022.11.23	10:00:00	108915	109535	108670	109035	923223	2601586	5
2022.11.23	11:00:00	109035	109535	108890	109260	837132	2542474	5
2022.11.23	12:00:00	109265	110020	109220	109385	709982	2158398	5
2022.11.23	13:00:00	109390	109465	108540	108745	568313	1805475	5
2022.11.23	14:00:00	108745	109325	108725	109060	558045	1769017	5
2022.11.23	15:00:00	109055	109110	108600	108760	474590	1581327	5
2022.11.23	16:00:00	108765	109705	108630	109530	658519	2229104	5
2022.11.23	17:00:00	109535	109625	109235	109460	348728	1188450	5
2022.11.23	18:00:00	109465	109670	109120	109120	74668	216919	5
2022.11.24	09:00:00	110380	110645	110055	110435	700947	1715149	5
2022.11.24	10:00:00	110440	111085	110190	110955	837785	2264031	5
2022.11.24	11:00:00	110955	112755	110830	112575	970978	2909807	5
2022.11.24	12:00:00	112570	113425	112125	112240	598131	1869910	5
2022.11.24	13:00:00	112245	112670	111900	112100	432531	1479507	5
2022.11.24	14:00:00	112100	112935	112060	112600	444035	1431882	5
2022.11.24	15:00:00	112605	112945	112460	112685	307550	845516	5
2022.11.24	16:00:00	112680	112735	112520	112630	129071	357654	5
2022.11.24	17:00:00	112630	112855	112555	112710	153397	360768	5
2022.11.24	18:00:00	112715	112960	112505	112960	65500	175851	5
2022.11.25	09:00:00	112280	113035	112210	112510	742432	1851223	5
2022.11.25	10:00:00	112510	112765	111355	111490	894010	2513516	5
2022.11.25	11:00:00	111490	111700	110930	111080	756521	2277368	5
2022.11.25	12:00:00	111085	111415	110835	111225	512330	1665886	5
2022.11.25	13:00:00	111225	111625	110455	110475	556530	1826934	5
2022.11.25	14:00:00	110475	110480	109640	110180	611006	1974320	5
2022.11.25	15:00:00	110170	110230	109110	109295	454167	1325423	5
2022.11.25	16:00:00	109295	109495	109165	109320	239895	733697	5
2022.11.25	17:00:00	109330	109865	109265	109625	215767	669236	5
2022.11.25	18:00:00	109635	109650	109320	109320	46935	166379	5
2022.11.28	09:00:00	108550	109825	107915	109590	830896	2038340	5
2022.11.28	10:00:00	109595	109830	108915	109470	993328	2637715	5
2022.11.28	11:00:00	109470	109940	109105	109730	782792	2336325	5
2022.11.28	12:00:00	109730	110075	109525	109765	498476	1560470	5
2022.11.28	13:00:00	109765	109945	109595	109680	296640	947757	5
2022.11.28	14:00:00	109680	109855	109405	109485	357615	1159068	5
2022.11.28	15:00:00	109490	109810	109320	109400	362372	1239677	5
2022.11.28	16:00:00	109405	109575	109215	109365	316724	1079396	5
2022.11.28	17:00:00	109365	109660	109270	109575	258652	962454	5
2022.11.28	18:00:00	109575	109595	109285	109370	66191	245479	5
2022.11.29	09:00:00	110150	110750	109890	110000	683188	1754723	5
2022.11.29	10:00:00	109995	110290	109755	110215	846346	2306464	5
2022.11.29	11:00:00	110215	111845	110075	111680	884991	2626523	5
2022.11.29	12:00:00	111685	112470	111510	112400	579469	1822770	5
2022.11.29	13:00:00	112400	112835	112175	112535	518173	1702878	5
2022.11.29	14:00:00	112535	112600	112220	112390	371493	1203359	5
2022.11.29	15:00:00	112390	112510	112195	112405	337155	1138985	5
2022.11.29	16:00:00	112400	112400	111525	111615	434167	1537277	5
2022.11.29	17:00:00	111615	111920	111325	111550	364765	1305383	5
2022.11.29	18:00:00	111555	111670	111465	111620	81664	227155	5
2022.11.30	09:00:00	112000	112495	111490	111525	743858	1876193	5
2022.11.30	10:00:00	111520	112285	111320	111925	958554	2545039	5
2022.11.30	11:00:00	111925	112600	111845	112470	830420	2452584	5
2022.11.30	12:00:00	112475	112675	111935	112060	676200	1991714	5
2022.11.30	13:00:00	112065	112320	111845	111920	447861	1350749	5
2022.11.30	14:00:00	111920	112020	110600	110985	619703	1938969	5
2022.11.30	15:00:00	110985	112050	110950	111795	874276	2501140	5
2022.11.30	16:00:00	111790	112070	111570	111840	589344	1680518	5
2022.11.30	17:00:00	111840	112865	111795	112550	474399	1469735	5
2022.11.30	18:00:00	112550	113050	112535	113050	93434	301851	5
2022.12.01	09:00:00	112500	112690	111820	112040	620591	1553523	5
2022.12.01	10:00:00	112040	112345	111580	111910	1017119	2659997	5
2022.12.01	11:00:00	111910	112450	111800	112340	759360	2195897	5
2022.12.01	12:00:00	112335	112415	111020	111405	773572	2273994	5
2022.12.01	13:00:00	111400	111535	111085	111240	462003	1438603	5
2022.12.01	14:00:00	111245	111510	110905	111295	501947	1572470	5
2022.12.01	15:00:00	111285	111625	111140	111590	480902	1566176	5
2022.12.01	16:00:00	111585	111730	111390	111540	420094	1360803	5
2022.12.01	17:00:00	111545	111625	111320	111500	248745	795502	5
2022.12.01	18:00:00	111500	111575	111240	111575	65238	229633	5
2022.12.02	09:00:00	111500	112020	111500	111760	563403	1379068	5
2022.12.02	10:00:00	111760	111945	110225	111440	1107508	2809910	5
2022.12.02	11:00:00	111450	114200	111410	114075	1144920	3464765	5
2022.12.02	12:00:00	114080	114080	112555	112635	644111	2097022	5
2022.12.02	13:00:00	112630	113565	112480	113215	496114	1594225	5
2022.12.02	14:00:00	113210	113605	112935	113180	392250	1293362	5
2022.12.02	15:00:00	113185	113315	112420	112495	396211	1352282	5
2022.12.02	16:00:00	112495	112705	112365	112580	261755	818122	5
2022.12.02	17:00:00	112585	112605	112185	112355	192002	648336	5
2022.12.02	18:00:00	112355	112450	112225	112235	59380	180512	5
2022.12.05	09:00:00	112815	112840	111675	111705	720786	1813549	5
2022.12.05	10:00:00	111710	112270	111335	111435	1029573	2756569	5
2022.12.05	11:00:00	111435	111500	110565	110610	827393	2475920	5
2022.12.05	12:00:00	110615	111075	110335	110945	691492	2139848	5
2022.12.05	13:00:00	110940	110955	110270	110370	469171	1475831	5
2022.12.05	14:00:00	110370	110575	110205	110415	371860	1175505	5
2022.12.05	15:00:00	110415	110440	110145	110245	309286	1021871	5
2022.12.05	16:00:00	110245	110290	109725	109940	311237	1034667	5
2022.12.05	17:00:00	109940	110035	109515	109675	274387	965992	5
2022.12.05	18:00:00	109675	109695	109480	109480	69103	214312	5
2022.12.06	09:00:00	109770	110490	109680	110465	737024	1902813	5
2022.12.06	10:00:00	110465	110680	109675	110290	1031965	2829789	5
2022.12.06	11:00:00	110290	110925	110000	110645	866821	2632113	5
2022.12.06	12:00:00	110650	110870	110145	110445	645514	1933871	5
2022.12.06	13:00:00	110450	110545	109950	109955	504745	1578832	5
2022.12.06	14:00:00	109955	110315	109885	110050	415129	1265027	5
2022.12.06	15:00:00	110055	110075	109405	109880	591829	1998370	5
2022.12.06	16:00:00	109880	109950	109510	109730	405575	1302999	5
2022.12.06	17:00:00	109735	110620	109685	110465	385715	1306336	5
2022.12.06	18:00:00	110465	110860	110365	110665	92603	275902	5
2022.12.07	09:00:00	109770	109855	109235	109830	732796	1933698	5
2022.12.07	10:00:00	109830	110440	109400	110180	982994	2781092	5
2022.12.07	11:00:00	110185	110305	109500	110070	893471	2647505	5
2022.12.07	12:00:00	110075	110340	109780	109945	744673	2199445	5
2022.12.07	13:00:00	109940	109980	108760	109480	656321	2152992	5
2022.12.07	14:00:00	109475	109720	109400	109595	443082	1479493	5
2022.12.07	15:00:00	109595	109995	109205	109345	530801	1805778	5
2022.12.07	16:00:00	109345	109590	109210	109430	412020	1388736	5
2022.12.07	17:00:00	109435	109650	109130	109230	347997	1204746	5
2022.12.07	18:00:00	109230	109745	109190	109640	103695	269678	5
2022.12.08	09:00:00	109440	109745	108415	108865	791896	2037061	5
2022.12.08	10:00:00	108865	109445	108590	109200	813008	2288974	5
2022.12.08	11:00:00	109200	109300	108730	109235	823240	2517809	5
2022.12.08	12:00:00	109230	109295	107735	107855	714210	2201804	5
2022.12.08	13:00:00	107855	108175	107255	108095	592626	1948545	5
2022.12.08	14:00:00	108095	108100	107595	107840	477979	1546104	5
2022.12.08	15:00:00	107840	107920	107615	107705	401677	1415631	5
2022.12.08	16:00:00	107705	108000	107360	107390	372275	1306937	5
2022.12.08	17:00:00	107390	107550	106980	107220	390473	1384313	5
2022.12.08	18:00:00	107215	107400	107090	107170	91146	282853	5
2022.12.09	09:00:00	107880	108225	107670	108145	617888	1675365	5
2022.12.09	10:00:00	108145	108245	107135	107485	1004352	2800185	5
2022.12.09	11:00:00	107480	108435	107465	108110	712214	2091026	5
2022.12.09	12:00:00	108110	108280	107805	108155	394156	1098627	5
2022.12.09	13:00:00	108155	108710	108085	108590	349713	1028801	5
2022.12.09	14:00:00	108590	108690	107910	108005	320601	976625	5
2022.12.09	15:00:00	108005	108210	107850	108200	317091	968062	5
2022.12.09	16:00:00	108205	108215	107865	107950	281768	940046	5
2022.12.09	17:00:00	107955	107980	107520	107550	239643	788067	5
2022.12.09	18:00:00	107550	107780	107455	107780	75618	204077	5
2022.12.12	09:00:00	107895	107895	106990	107195	699648	1766228	5
2022.12.12	10:00:00	107195	107615	105445	105465	1024915	3060321	5
2022.12.12	11:00:00	105470	105670	103765	104265	1006183	3106510	5
2022.12.12	12:00:00	104265	104970	103940	104205	575922	1836969	5
2022.12.12	13:00:00	104205	105045	103970	104625	429514	1566671	5
2022.12.12	14:00:00	104620	105110	104620	104990	402782	1396176	5
2022.12.12	15:00:00	104995	104995	104545	104695	376970	1305161	5
2022.12.12	16:00:00	104695	104980	104530	104960	324076	1082658	5
2022.12.12	17:00:00	104960	105950	104950	105630	442713	1560503	5
2022.12.12	18:00:00	105630	105640	104755	104765	143486	382663	5
2022.12.13	09:00:00	104980	105755	104810	105655	775640	1840851	5
2022.12.13	10:00:00	105655	107000	105380	105870	1115158	2790617	5
2022.12.13	11:00:00	105870	106510	105230	105855	918029	2587146	5
2022.12.13	12:00:00	105850	106390	105650	105780	637848	1824710	5
2022.12.13	13:00:00	105780	105980	105185	105510	485836	1511598	5
2022.12.13	14:00:00	105510	105620	104780	105250	555308	1759590	5
2022.12.13	15:00:00	105250	105605	104780	105040	471738	1530693	5
2022.12.13	16:00:00	105045	105325	103325	103920	824352	2407751	5
2022.12.13	17:00:00	103915	104075	103125	103220	401597	1180694	5
2022.12.13	18:00:00	103220	103800	103095	103615	102122	261788	5
2022.12.14	09:00:00	105140	105470	104065	104580	690974	1661174	5
2022.12.14	10:00:00	104575	105065	104280	104985	826914	2234324	5
2022.12.14	11:00:00	104985	105060	103905	103970	913026	2685786	5
2022.12.14	12:00:00	103970	104335	103635	104320	671797	2035732	5
2022.12.14	13:00:00	104325	104340	103890	104090	453695	1344169	5
2022.12.14	14:00:00	104090	105065	104055	104925	521266	1698068	5
2022.12.14	15:00:00	104930	105765	104790	105485	745703	2288694	5
2022.12.14	16:00:00	105480	105930	104920	105765	996849	2396611	5
2022.12.14	17:00:00	105770	106525	105480	105530	560697	1570599	5
2022.12.14	18:00:00	105530	106195	105465	105660	109516	289650	5
2022.12.15	09:00:00	105030	105330	104700	105075	611342	1521214	5
2022.12.15	10:00:00	105080	106650	104850	106090	988355	2483341	5
2022.12.15	11:00:00	106090	107630	105880	106985	876201	2630991	5
2022.12.15	12:00:00	106990	107020	105425	105945	703538	2196867	5
2022.12.15	13:00:00	105945	105970	105580	105780	344235	1047741	5
2022.12.15	14:00:00	105775	107220	105755	106475	677021	2140187	5
2022.12.15	15:00:00	106475	106590	105690	106155	507567	1649886	5
2022.12.15	16:00:00	106155	106350	105960	106320	410018	1339915	5
2022.12.15	17:00:00	106320	106495	105370	105525	377019	1200346	5
2022.12.15	18:00:00	105530	105850	105490	105850	76755	210712	5
2022.12.16	09:00:00	105120	105545	104850	105530	615909	1548388	5
2022.12.16	10:00:00	105525	106010	105095	105375	839493	2316896	5
2022.12.16	11:00:00	105375	105520	104500	105200	956195	2689218	5
2022.12.16	12:00:00	105205	105225	104125	104525	665410	1904560	5
2022.12.16	13:00:00	104530	104780	104345	104385	443850	1297350	5
2022.12.16	14:00:00	104385	104565	104110	104415	482572	1474104	5
2022.12.16	15:00:00	104415	104550	104280	104350	356724	1170227	5
2022.12.16	16:00:00	104350	104690	104240	104565	319326	1024355	5
2022.12.16	17:00:00	104565	105080	104370	104440	379617	1248627	5
2022.12.16	18:00:00	104450	104780	104350	104710	106077	277148	5
2022.12.19	09:00:00	105000	105120	104195	104970	652624	1649186	5
2022.12.19	10:00:00	104970	105785	104680	105230	875520	2474791	5
2022.12.19	11:00:00	105235	105920	104860	105345	864809	2450598	5
2022.12.19	12:00:00	105345	106550	105325	106130	689427	2016020	5
2022.12.19	13:00:00	106130	106610	105890	106405	456395	1378493	5
2022.12.19	14:00:00	106405	106670	106180	106535	414642	1262064	5
2022.12.19	15:00:00	106535	107045	106405	106705	490384	1523247	5
2022.12.19	16:00:00	106710	106725	105960	106100	422396	1368020	5
2022.12.19	17:00:00	106100	106720	106005	106630	344056	1090609	5
2022.12.19	18:00:00	106630	106865	106560	106785	83674	248550	5
2022.12.20	09:00:00	106705	106810	106160	106300	647454	1708572	5
2022.12.20	10:00:00	106300	108785	106225	108455	1248740	3688613	5
2022.12.20	11:00:00	108455	109520	108405	109265	1012447	3022364	5
2022.12.20	12:00:00	109265	109785	108820	109450	614726	1911389	5
2022.12.20	13:00:00	109455	109495	108795	108915	526165	1683551	5
2022.12.20	14:00:00	108915	109085	108505	108665	505642	1661021	5
2022.12.20	15:00:00	108665	109400	108615	109150	544159	1801842	5
2022.12.20	16:00:00	109145	109240	108685	108790	406539	1300383	5
2022.12.20	17:00:00	108790	108990	108555	108890	341749	1160603	5
2022.12.20	18:00:00	108895	109345	108830	109330	80569	244212	5
2022.12.21	09:00:00	109710	109810	108865	109210	835569	2112337	5
2022.12.21	10:00:00	109205	109780	108175	108275	1162772	3104035	5
2022.12.21	11:00:00	108270	109030	107760	108670	967938	2698135	5
2022.12.21	12:00:00	108675	109200	108460	108935	650011	1895363	5
2022.12.21	13:00:00	108935	109565	108585	108615	605786	1865389	5
2022.12.21	14:00:00	108615	109160	108585	108995	469741	1458751	5
2022.12.21	15:00:00	108990	109315	108695	109215	429696	1374440	5
2022.12.21	16:00:00	109220	109445	109100	109195	356027	1163977	5
2022.12.21	17:00:00	109190	109400	108930	109345	297600	996022	5
2022.12.21	18:00:00	109345	109400	109200	109350	71663	199902	5
2022.12.22	09:00:00	109000	109560	108995	109550	669179	1666427	5
2022.12.22	10:00:00	109555	109875	109110	109180	952315	2508553	5
2022.12.22	11:00:00	109180	110220	108805	109075	1027359	2833173	5
2022.12.22	12:00:00	109070	109350	108775	108895	619266	1754453	5
2022.12.22	13:00:00	108890	109645	108825	109370	458396	1363626	5
2022.12.22	14:00:00	109370	109460	108735	108785	427535	1270362	5
2022.12.22	15:00:00	108780	108985	108190	108315	589664	1791483	5
2022.12.22	16:00:00	108310	108880	108295	108830	436715	1301524	5
2022.12.22	17:00:00	108825	109475	108770	109400	361497	1128749	5
2022.12.22	18:00:00	109400	109640	109115	109390	92054	246849	5
2022.12.23	09:00:00	109560	110045	109285	109850	660394	1670515	5
2022.12.23	10:00:00	109850	111140	109685	110675	1119521	2781869	5
2022.12.23	11:00:00	110670	111450	110565	111090	831913	2139913	5
2022.12.23	12:00:00	111090	111825	110850	111300	558061	1630888	5
2022.12.23	13:00:00	111300	111565	111160	111385	353588	1052651	5
2022.12.23	14:00:00	111380	111525	111190	111320	298716	930273	5
2022.12.23	15:00:00	111325	111550	111105	111225	317824	1008181	5
2022.12.23	16:00:00	111230	111375	110915	111160	313751	1027524	5
2022.12.23	17:00:00	111155	111580	111120	111490	248644	826837	5
2022.12.23	18:00:00	111495	111645	111230	111430	87607	289578	5
2022.12.26	09:00:00	111240	111775	111145	111225	542527	1265187	5
2022.12.26	10:00:00	111225	111400	110075	110345	855629	2104231	5
2022.12.26	11:00:00	110345	110715	109940	110465	586074	1422515	5
2022.12.26	12:00:00	110465	110885	110200	110315	394421	971509	5
2022.12.26	13:00:00	110315	110695	110235	110370	273185	679454	5
2022.12.26	14:00:00	110375	110580	110040	110495	286222	703182	5
2022.12.26	15:00:00	110495	110560	110200	110395	227646	583939	5
2022.12.26	16:00:00	110395	110685	110305	110465	207717	532172	5
2022.12.26	17:00:00	110460	110795	110350	110570	196918	530730	5
2022.12.26	18:00:00	110565	110665	110400	110520	68370	199352	5
2022.12.27	09:00:00	111175	111370	110800	110885	542315	1296836	5
2022.12.27	10:00:00	110885	111095	108945	109195	1005091	2840046	5
2022.12.27	11:00:00	109195	109745	108995	109520	660522	1896897	5
2022.12.27	12:00:00	109520	110710	109520	110110	567229	1798560	5
2022.12.27	13:00:00	110110	110220	109780	110115	423002	1307064	5
2022.12.27	14:00:00	110120	110175	109355	109635	424887	1397644	5
2022.12.27	15:00:00	109640	110000	109565	109865	372698	1208765	5
2022.12.27	16:00:00	109870	109985	109550	109825	314903	1037967	5
2022.12.27	17:00:00	109830	110365	109730	110135	259436	909819	5
2022.12.27	18:00:00	110135	110400	110090	110090	65598	193427	5
2022.12.28	09:00:00	110380	110825	110200	110745	546173	1269877	5
2022.12.28	10:00:00	110745	111620	110325	111510	968345	2638578	5
2022.12.28	11:00:00	111515	111985	111220	111500	839489	2489939	5
2022.12.28	12:00:00	111500	111610	110910	111205	588440	1720808	5
2022.12.28	13:00:00	111210	111645	111155	111480	404805	1220842	5
2022.12.28	14:00:00	111485	112025	111285	111920	469457	1447202	5
2022.12.28	15:00:00	111920	112160	111730	111825	453446	1429667	5
2022.12.28	16:00:00	111825	112185	111775	111940	329157	1039844	5
2022.12.28	17:00:00	111940	112100	111830	112000	237951	749492	5
2022.12.28	18:00:00	112000	112290	111965	112235	86597	236471	5
2022.12.29	09:00:00	112080	112850	111975	112665	704062	1690471	5
2022.12.29	10:00:00	112665	112810	112230	112440	759115	1951547	5
2022.12.29	11:00:00	112445	112620	111760	111995	870981	2261215	5
2022.12.29	12:00:00	111995	112255	111585	111715	600910	1612064	5
2022.12.29	13:00:00	111715	112115	111575	111840	447674	1229905	5
2022.12.29	14:00:00	111840	111990	111035	111450	521883	1525536	5
2022.12.29	15:00:00	111450	111725	111250	111460	362838	1029811	5
2022.12.29	16:00:00	111455	111650	111335	111505	284595	804906	5
2022.12.29	17:00:00	111500	111680	111375	111420	219039	670449	5
2022.12.29	18:00:00	111420	111420	110880	111035	114415	336415	5
2023.01.02	09:00:00	110400	110585	109350	109465	480082	1103964	5
2023.01.02	10:00:00	109465	109595	107790	108000	784229	2035419	5
2023.01.02	11:00:00	108000	108130	107265	107770	583629	1532807	5
2023.01.02	12:00:00	107770	108030	107495	108000	280392	753028	5
2023.01.02	13:00:00	108005	108225	107645	107710	319356	849001	5
2023.01.02	14:00:00	107705	107960	107440	107585	337734	917231	5
2023.01.02	15:00:00	107590	107765	107320	107555	319050	871510	5
2023.01.02	16:00:00	107550	107920	107410	107780	297776	800993	5
2023.01.02	17:00:00	107785	107785	107500	107715	244330	699896	5
2023.01.02	18:00:00	107710	107770	107400	107400	47201	180877	5
2023.01.03	09:00:00	107950	108045	107005	107555	953366	2476689	5
2023.01.03	10:00:00	107555	107890	106505	107025	1149199	3074601	5
2023.01.03	11:00:00	107030	107780	106480	107305	897971	2568148	5
2023.01.03	12:00:00	107305	107465	106710	107395	613341	1822959	5
2023.01.03	13:00:00	107390	107525	106420	106595	550237	1672425	5
2023.01.03	14:00:00	106600	107145	106285	106580	535570	1724600	5
2023.01.03	15:00:00	106575	106865	106475	106630	374130	1222724	5
2023.01.03	16:00:00	106625	106680	105760	105780	466228	1576414	5
2023.01.03	17:00:00	105780	105885	105140	105320	420088	1522222	5
2023.01.03	18:00:00	105320	105480	104970	105000	105069	315581	5
2023.01.04	09:00:00	105550	105925	105425	105780	675508	1678927	5
2023.01.04	10:00:00	105775	106300	105455	105835	1073529	2866834	5
2023.01.04	11:00:00	105840	105975	105265	105735	887152	2547221	5
2023.01.04	12:00:00	105730	106175	105150	106170	794477	2388510	5
2023.01.04	13:00:00	106170	107070	106160	106475	731251	2227313	5
2023.01.04	14:00:00	106475	107020	106450	106905	535344	1695465	5
2023.01.04	15:00:00	106905	107050	106610	106845	403231	1242471	5
2023.01.04	16:00:00	106840	106970	106125	106825	582462	1831959	5
2023.01.04	17:00:00	106825	106840	106475	106755	352762	1168473	5
2023.01.04	18:00:00	106760	106880	106660	106870	63910	191685	5
2023.01.05	09:00:00	107280	107505	106980	107430	605762	1659878	5
2023.01.05	10:00:00	107430	107675	106650	106975	935545	2633683	5
2023.01.05	11:00:00	106975	107815	106875	107575	827440	2461861	5
2023.01.05	12:00:00	107580	108535	107225	108420	716113	2299100	5
2023.01.05	13:00:00	108420	108670	108285	108310	381604	1247168	5
2023.01.05	14:00:00	108305	108810	108170	108720	392824	1350509	5
2023.01.05	15:00:00	108720	109140	108605	108810	414684	1422953	5
2023.01.05	16:00:00	108810	109065	108755	108975	306671	1089970	5
2023.01.05	17:00:00	108980	109060	108850	108995	193253	720441	5
2023.01.05	18:00:00	108995	109270	108940	109200	59882	232682	5
2023.01.06	09:00:00	109050	109370	108845	109160	575563	1461452	5
2023.01.06	10:00:00	109165	110815	109070	110475	1112595	3038855	5
2023.01.06	11:00:00	110475	110550	109260	109350	782500	2362292	5
2023.01.06	12:00:00	109350	110245	109125	110145	636974	1935437	5
2023.01.06	13:00:00	110145	110210	109820	110095	395214	1248556	5
2023.01.06	14:00:00	110100	110335	109930	110105	370661	1166076	5
2023.01.06	15:00:00	110105	110175	109760	109905	335579	1096585	5
2023.01.06	16:00:00	109910	110090	109665	110060	302796	1063973	5
2023.01.06	17:00:00	110065	110390	110050	110350	222038	833825	5
2023.01.06	18:00:00	110350	110650	110275	110600	64791	234896	5
2023.01.09	09:00:00	109335	110080	108800	109915	627325	1603797	5
2023.01.09	10:00:00	109920	110515	109505	109795	971697	2673963	5
2023.01.09	11:00:00	109800	110260	109560	109870	791411	2352343	5
2023.01.09	12:00:00	109865	110815	109600	110475	608955	1884151	5
2023.01.09	13:00:00	110480	111285	110190	110955	623936	1893268	5
2023.01.09	14:00:00	110955	111135	110705	110945	457473	1404442	5
2023.01.09	15:00:00	110950	111295	110790	110915	451368	1426250	5
2023.01.09	16:00:00	110915	111030	110565	110575	341540	1050615	5
2023.01.09	17:00:00	110570	110700	109930	110065	387979	1253316	5
2023.01.09	18:00:00	110060	110375	110045	110210	85633	248529	5
2023.01.10	09:00:00	109750	109960	109415	109690	685602	1821273	5
2023.01.10	10:00:00	109690	110170	109375	109980	834186	2345104	5
2023.01.10	11:00:00	109985	110940	109965	110615	986342	2978278	5
2023.01.10	12:00:00	110620	110765	110180	110705	613466	1888619	5
2023.01.10	13:00:00	110705	111140	110635	111010	471497	1439829	5
2023.01.10	14:00:00	111010	111275	110890	111235	347704	1123472	5
2023.01.10	15:00:00	111240	112150	111170	112095	502193	1773300	5
2023.01.10	16:00:00	112100	112495	112070	112200	410294	1456358	5
2023.01.10	17:00:00	112200	112355	111960	112005	263804	1015244	5
2023.01.10	18:00:00	112005	112240	111890	111890	74374	257420	5
2023.01.11	09:00:00	111950	112210	111760	111845	634626	1751765	5
2023.01.11	10:00:00	111845	113040	111755	112225	1109001	3327007	5
2023.01.11	11:00:00	112220	112735	111960	112600	852131	2606635	5
2023.01.11	12:00:00	112595	112635	112030	112270	485212	1466524	5
2023.01.11	13:00:00	112275	112505	112220	112440	385860	1183930	5
2023.01.11	14:00:00	112435	112905	112305	112700	405485	1328149	5
2023.01.11	15:00:00	112705	112710	112305	112565	408536	1379528	5
2023.01.11	16:00:00	112570	112900	112470	112780	306213	1030386	5
2023.01.11	17:00:00	112780	113925	112765	113800	418122	1494635	5
2023.01.11	18:00:00	113800	114190	113755	113990	114674	340502	5
2023.01.12	09:00:00	113200	113640	112930	113210	663890	1708678	5
2023.01.12	10:00:00	113215	113515	112300	112885	1341434	3431413	5
2023.01.12	11:00:00	112880	113010	111940	112130	923470	2581244	5
2023.01.12	12:00:00	112130	113190	111695	113070	730236	2148841	5
2023.01.12	13:00:00	113070	113995	112985	113860	603371	1780088	5
2023.01.12	14:00:00	113855	114070	113430	113780	486689	1472340	5
2023.01.12	15:00:00	113780	113825	113320	113690	407185	1198244	5
2023.01.12	16:00:00	113690	113780	112935	113300	527293	1603753	5
2023.01.12	17:00:00	113300	113305	112640	113100	412900	1316040	5
2023.01.12	18:00:00	113100	113175	112900	112990	75367	251670	5
2023.01.13	09:00:00	112630	112895	111735	111850	712275	1977974	5
2023.01.13	10:00:00	111850	112215	111405	111965	949032	2734308	5
2023.01.13	11:00:00	111965	112460	111515	112160	777172	2264588	5
2023.01.13	12:00:00	112160	112215	111830	112120	508758	1503086	5
2023.01.13	13:00:00	112115	112290	111715	112230	441300	1396963	5
2023.01.13	14:00:00	112230	112365	111945	112110	352282	1164363	5
2023.01.13	15:00:00	112110	112350	111945	112095	301365	1005296	5
2023.01.13	16:00:00	112095	112210	111825	111880	294969	965348	5
2023.01.13	17:00:00	111875	112280	111725	111995	286302	946856	5
2023.01.13	18:00:00	111990	112220	111955	111990	70186	224623	5
2023.01.16	09:00:00	111100	111640	110930	111065	584250	1519489	5
2023.01.16	10:00:00	111070	111435	110700	110990	861617	2403414	5
2023.01.16	11:00:00	110990	111040	109975	110465	793333	2393828	5
2023.01.16	12:00:00	110465	110475	109855	110405	463672	1369500	5
2023.01.16	13:00:00	110405	110470	110190	110420	297580	862072	5
2023.01.16	14:00:00	110420	110585	110130	110400	307872	940718	5
2023.01.16	15:00:00	110400	110400	109705	109925	400096	1182647	5
2023.01.16	16:00:00	109925	110190	109825	110020	260025	777521	5
2023.01.16	17:00:00	110025	110170	109895	110020	194547	605710	5
2023.01.16	18:00:00	110015	110165	109955	109955	46921	177374	5
2023.01.17	09:00:00	110000	110560	109940	110490	660478	1757074	5
2023.01.17	10:00:00	110490	111710	110455	111240	906505	2621581	5
2023.01.17	11:00:00	111235	111840	111065	111690	793093	2383867	5
2023.01.17	12:00:00	111685	111865	111550	111780	488124	1543784	5
2023.01.17	13:00:00	111775	112385	111715	112260	423461	1399161	5
2023.01.17	14:00:00	112265	112290	111995	112150	247252	834916	5
2023.01.17	15:00:00	112145	112190	111780	111850	263638	867244	5
2023.01.17	16:00:00	111850	112390	111760	112240	375631	1282502	5
2023.01.17	17:00:00	112245	112660	112235	112505	261578	944011	5
2023.01.17	18:00:00	112500	112615	112375	112520	76285	248836	5
2023.01.18	09:00:00	112920	113795	112830	113675	720147	1957899	5
2023.01.18	10:00:00	113675	114015	113285	113710	1014322	2826438	5
2023.01.18	11:00:00	113710	114120	113500	113670	807898	2395362	5
2023.01.18	12:00:00	113675	114340	113545	113935	705493	2169505	5
2023.01.18	13:00:00	113935	114045	113450	113830	578939	1855851	5
2023.01.18	14:00:00	113835	113900	113100	113280	538153	1721896	5
2023.01.18	15:00:00	113285	113930	113155	113665	492435	1581538	5
2023.01.18	16:00:00	113665	113825	113445	113610	327062	1035364	5
2023.01.18	17:00:00	113615	113620	113140	113190	291006	945453	5
2023.01.18	18:00:00	113185	113280	112825	113000	92833	324596	5
2023.01.19	09:00:00	111750	112000	111505	111800	592830	1514084	5
2023.01.19	10:00:00	111795	113295	111775	113155	1055848	2962740	5
2023.01.19	11:00:00	113155	113545	112790	112910	734609	2159720	5
2023.01.19	12:00:00	112915	113210	112695	112875	558343	1669376	5
2023.01.19	13:00:00	112880	112915	112390	112695	511485	1515929	5
2023.01.19	14:00:00	112690	113090	112690	112930	374214	1115968	5
2023.01.19	15:00:00	112935	113740	112765	113635	586577	1790285	5
2023.01.19	16:00:00	113630	114130	113390	113935	413758	1294479	5
2023.01.19	17:00:00	113940	114170	113715	113775	273581	862393	5
2023.01.19	18:00:00	113770	113905	113515	113515	87353	275721	5
2023.01.20	09:00:00	113880	114010	113385	113525	700097	1876644	5
2023.01.20	10:00:00	113525	113735	112635	112750	1021324	2917482	5
2023.01.20	11:00:00	112755	113165	112545	112950	674703	1957572	5
2023.01.20	12:00:00	112955	113290	112845	113230	505124	1518875	5
2023.01.20	13:00:00	113230	113370	112705	112815	413074	1386201	5
2023.01.20	14:00:00	112810	113075	112640	113015	339818	1153491	5
2023.01.20	15:00:00	113010	113095	112725	112980	446094	1501843	5
2023.01.20	16:00:00	112975	113160	112890	113080	276943	913557	5
2023.01.20	17:00:00	113085	113185	112985	113030	210346	734062	5
2023.01.20	18:00:00	113030	113060	112790	113060	85743	249950	5
2023.01.23	09:00:00	113200	113355	112655	112905	708271	1762277	5
2023.01.23	10:00:00	112905	113880	112860	113485	1017255	2761090	5
2023.01.23	11:00:00	113490	113540	112615	113315	838013	2446046	5
2023.01.23	12:00:00	113315	113635	113155	113555	601237	1844641	5
2023.01.23	13:00:00	113550	113765	113090	113225	469731	1467617	5
2023.01.23	14:00:00	113230	113470	113060	113260	396470	1222138	5
2023.01.23	15:00:00	113265	113290	112895	113130	395015	1271611	5
2023.01.23	16:00:00	113130	113210	112550	112725	400436	1355166	5
2023.01.23	17:00:00	112725	112885	112375	112670	373740	1213369	5
2023.01.23	18:00:00	112670	112680	112275	112360	97805	296194	5
2023.01.24	09:00:00	112065	112920	111870	112795	598130	1661958	5
2023.01.24	10:00:00	112795	113400	112455	112865	874100	2622968	5
2023.01.24	11:00:00	112870	113605	112705	112725	832122	2605666	5
2023.01.24	12:00:00	112725	113300	112635	113105	549682	1713484	5
2023.01.24	13:00:00	113105	113370	112845	113190	415750	1281187	5
2023.01.24	14:00:00	113190	113255	112945	113055	271427	899987	5
2023.01.24	15:00:00	113055	113185	112955	113030	275654	946088	5
2023.01.24	16:00:00	113030	113800	112875	113715	420639	1430028	5
2023.01.24	17:00:00	113715	113870	113525	113760	313920	1154137	5
2023.01.24	18:00:00	113755	114000	113750	113900	106551	347833	5
2023.01.25	09:00:00	113475	114065	113200	113635	616862	1569846	5
2023.01.25	10:00:00	113630	113875	112685	113170	925683	2669961	5
2023.01.25	11:00:00	113170	113340	112670	112920	789097	2310661	5
2023.01.25	12:00:00	112925	114665	112585	114600	814883	2461651	5
2023.01.25	13:00:00	114595	114905	114275	114315	506821	1585350	5
2023.01.25	14:00:00	114315	114680	114285	114380	322666	1012330	5
2023.01.25	15:00:00	114380	114785	114275	114615	353089	1141994	5
2023.01.25	16:00:00	114615	115145	114535	115045	404233	1335924	5
2023.01.25	17:00:00	115045	115170	114920	115055	218053	732612	5
2023.01.25	18:00:00	115060	115295	115045	115295	61897	215721	5
2023.01.26	09:00:00	115045	115530	114955	115280	688895	1821243	5
2023.01.26	10:00:00	115280	115585	114680	115015	999847	2726476	5
2023.01.26	11:00:00	115015	115470	114420	114675	897891	2712766	5
2023.01.26	12:00:00	114675	114990	114400	114460	576100	1821087	5
2023.01.26	13:00:00	114460	114730	114375	114520	365865	1161774	5
2023.01.26	14:00:00	114525	114775	114270	114595	341805	1122055	5
2023.01.26	15:00:00	114595	115075	114520	114745	403539	1342216	5
2023.01.26	16:00:00	114745	114975	114685	114860	292310	1041880	5
2023.01.26	17:00:00	114855	115125	114735	115060	214527	777506	5
2023.01.26	18:00:00	115065	115105	114635	114635	67455	219990	5
2023.01.27	09:00:00	114830	115070	114430	114560	548465	1529152	5
2023.01.27	10:00:00	114555	114755	114120	114225	855016	2563604	5
2023.01.27	11:00:00	114230	114275	113095	113355	778248	2391691	5
2023.01.27	12:00:00	113360	113575	112625	112780	563972	1764337	5
2023.01.27	13:00:00	112785	113060	112655	112995	312517	950474	5
2023.01.27	14:00:00	112995	113315	112940	113235	327461	1000916	5
2023.01.27	15:00:00	113235	113410	113050	113180	318779	971876	5
2023.01.27	16:00:00	113175	113270	112930	113040	299559	919563	5
2023.01.27	17:00:00	113040	113325	112990	113115	240931	765836	5
2023.01.27	18:00:00	113110	113165	112825	112860	84641	251602	5
2023.01.30	09:00:00	112610	113445	112400	113400	612231	1633973	5
2023.01.30	10:00:00	113400	113625	112615	113200	996698	2786019	5
2023.01.30	11:00:00	113195	113300	112690	112715	787018	2293687	5
2023.01.30	12:00:00	112720	113220	112610	112870	573120	1753476	5
2023.01.30	13:00:00	112870	112995	112665	112825	349238	1080778	5
2023.01.30	14:00:00	112825	112970	112670	112865	364363	1137824	5
2023.01.30	15:00:00	112870	113195	112660	112835	408603	1306153	5
2023.01.30	16:00:00	112840	112950	112375	112540	326043	1076342	5
2023.01.30	17:00:00	112545	112765	112415	112725	260375	861459	5
2023.01.30	18:00:00	112725	113090	112725	113065	83999	259694	5
2023.01.31	09:00:00	112655	112995	112490	112815	474720	1280596	5
2023.01.31	10:00:00	112820	113505	112725	113425	1045211	2953295	5
2023.01.31	11:00:00	113420	114095	113420	113835	743099	2229472	5
2023.01.31	12:00:00	113840	114050	113570	113915	453906	1329441	5
2023.01.31	13:00:00	113920	113965	113535	113745	341570	1029778	5
2023.01.31	14:00:00	113745	113940	113725	113760	280619	868238	5
2023.01.31	15:00:00	113765	114015	113705	113870	281638	862978	5
2023.01.31	16:00:00	113875	114170	113850	114035	303855	945953	5
2023.01.31	17:00:00	114040	114265	114005	114240	216258	713273	5
2023.01.31	18:00:00	114240	114260	113920	113980	84952	256609	5
2023.02.01	09:00:00	113860	114080	113640	113775	531799	1427909	5
2023.02.01	10:00:00	113775	114110	113000	113050	1007907	2848926	5
2023.02.01	11:00:00	113055	113170	112475	112555	751520	2174418	5
2023.02.01	12:00:00	112560	112580	112050	112190	563443	1682451	5
2023.02.01	13:00:00	112185	112465	112065	112115	336164	1068209	5
2023.02.01	14:00:00	112110	112225	111155	111450	557539	1850569	5
2023.02.01	15:00:00	111455	111900	111365	111790	396097	1306621	5
2023.02.01	16:00:00	111790	112545	111415	112280	860527	2510049	5
2023.02.01	17:00:00	112280	113040	112240	112480	574371	1807128	5
2023.02.01	18:00:00	112480	112800	112275	112730	123355	367062	5
2023.02.02	09:00:00	112100	112160	110995	111540	732412	1870098	5
2023.02.02	10:00:00	111545	113445	111510	112975	1085194	3000567	5
2023.02.02	11:00:00	112980	113120	111675	111825	838061	2512165	5
2023.02.02	12:00:00	111825	111910	110865	111620	778375	2434552	5
2023.02.02	13:00:00	111620	111755	111285	111675	421062	1301999	5
2023.02.02	14:00:00	111675	111875	111555	111750	379653	1267169	5
2023.02.02	15:00:00	111750	111825	111195	111275	357396	1163176	5
2023.02.02	16:00:00	111275	111550	110365	110515	586174	1890294	5
2023.02.02	17:00:00	110520	110560	110100	110455	392120	1260781	5
2023.02.02	18:00:00	110455	110575	110220	110365	87285	278304	5
2023.02.03	09:00:00	109850	110150	109405	109970	699858	1898491	5
2023.02.03	10:00:00	109975	110420	109375	110095	1094677	2854924	5
2023.02.03	11:00:00	110095	110965	110040	110520	864505	2562491	5
2023.02.03	12:00:00	110510	110770	109945	110160	689025	2032377	5
2023.02.03	13:00:00	110160	110320	109835	109890	450677	1337630	5
2023.02.03	14:00:00	109885	110180	109730	109820	389210	1209784	5
2023.02.03	15:00:00	109825	109840	109170	109455	522961	1601703	5
2023.02.03	16:00:00	109460	109525	108625	108715	438209	1390755	5
2023.02.03	17:00:00	108715	109080	108465	108920	319438	1069845	5
2023.02.03	18:00:00	108920	108975	108705	108830	77663	257167	5
2023.02.06	09:00:00	108350	108550	108115	108395	576217	1459125	5
2023.02.06	10:00:00	108395	108840	107995	108290	1057969	2998171	5
2023.02.06	11:00:00	108285	108575	107795	108105	959377	2846757	5
2023.02.06	12:00:00	108105	108270	107700	108225	661444	2003091	5
2023.02.06	13:00:00	108225	108625	108130	108300	509104	1571169	5
2023.02.06	14:00:00	108295	108480	108195	108300	408615	1261871	5
2023.02.06	15:00:00	108300	108765	108105	108705	554333	1785492	5
2023.02.06	16:00:00	108705	109015	108630	108825	417027	1395563	5
2023.02.06	17:00:00	108820	109140	108555	108960	400272	1318635	5
2023.02.06	18:00:00	108960	109260	108830	109000	96416	306401	5
2023.02.07	09:00:00	109355	109695	109075	109145	689926	1810574	5
2023.02.07	10:00:00	109145	109260	108280	108900	1196569	3301329	5
2023.02.07	11:00:00	108895	109105	108220	108585	887700	2594130	5
2023.02.07	12:00:00	108585	108615	107850	108095	615633	1877977	5
2023.02.07	13:00:00	108090	108300	107955	108040	402274	1243557	5
2023.02.07	14:00:00	108035	108755	107725	108575	683793	1984591	5
2023.02.07	15:00:00	108575	108640	107435	107845	862353	2367831	5
2023.02.07	16:00:00	107840	108440	107825	108075	490695	1429103	5
2023.02.07	17:00:00	108075	108345	107970	108155	350787	1025539	5
2023.02.07	18:00:00	108150	108165	107835	108100	96038	251463	5
2023.02.08	09:00:00	108500	109275	108450	108960	664489	1807849	5
2023.02.08	10:00:00	108955	109155	108615	108885	945797	2805052	5
2023.02.08	11:00:00	108890	109555	108530	109275	956120	2940366	5
2023.02.08	12:00:00	109275	109510	108820	109090	626589	1848746	5
2023.02.08	13:00:00	109090	109480	108650	109160	587329	1804225	5
2023.02.08	14:00:00	109165	109365	108865	109180	415421	1246563	5
2023.02.08	15:00:00	109180	110035	109165	109835	620035	1975325	5
2023.02.08	16:00:00	109830	110485	109755	110265	468424	1518293	5
2023.02.08	17:00:00	110265	110295	109880	110030	288489	939562	5
2023.02.08	18:00:00	110030	110440	110000	110440	90218	309168	5
2023.02.09	09:00:00	110845	110870	110040	110165	602445	1604120	5
2023.02.09	10:00:00	110170	110175	109555	110160	880229	2481502	5
2023.02.09	11:00:00	110155	110215	108720	108755	1028802	2994923	5
2023.02.09	12:00:00	108755	109185	108665	109000	553235	1658477	5
2023.02.09	13:00:00	109000	109115	108540	108870	465986	1459253	5
2023.02.09	14:00:00	108870	109455	108825	109060	479537	1545318	5
2023.02.09	15:00:00	109060	109075	108360	108545	546476	1752260	5
2023.02.09	16:00:00	108545	108655	108250	108325	481401	1564329	5
2023.02.09	17:00:00	108330	108405	107920	108340	407437	1398114	5
2023.02.09	18:00:00	108340	108460	107975	108095	98558	300017	5
2023.02.10	09:00:00	107650	107770	107120	107425	671538	1826609	5
2023.02.10	10:00:00	107425	108800	107380	108575	1014805	3028668	5
2023.02.10	11:00:00	108575	108675	107895	108120	737555	2307581	5
2023.02.10	12:00:00	108115	108300	107815	107915	574347	1811427	5
2023.02.10	13:00:00	107915	108130	107720	107890	362624	1133202	5
2023.02.10	14:00:00	107890	108060	107770	107995	352230	1156869	5
2023.02.10	15:00:00	107990	108260	107850	107985	405389	1368150	5
2023.02.10	16:00:00	107985	108285	107910	108275	282851	972701	5
2023.02.10	17:00:00	108270	108500	108125	108200	282293	987210	5
2023.02.10	18:00:00	108200	108345	108055	108055	62764	204230	5
2023.02.13	09:00:00	108175	108205	107730	107915	541973	1458168	5
2023.02.13	10:00:00	107915	108050	107470	107725	867187	2503341	5
2023.02.13	11:00:00	107730	109250	107510	109180	979339	3158619	5
2023.02.13	12:00:00	109180	109290	108860	108895	465138	1491017	5
2023.02.13	13:00:00	108900	109135	108750	109120	287770	910848	5
2023.02.13	14:00:00	109120	109350	108940	108995	367271	1238062	5
2023.02.13	15:00:00	109000	109095	108780	108970	322306	1100017	5
2023.02.13	16:00:00	108975	109075	108695	108840	278283	954889	5
2023.02.13	17:00:00	108840	108995	108745	108920	218683	770284	5
2023.02.13	18:00:00	108915	109150	108905	109150	70484	266364	5
2023.02.14	09:00:00	109350	109745	109260	109410	557534	1504387	5
2023.02.14	10:00:00	109405	109700	108550	108945	1244254	3580447	5
2023.02.14	11:00:00	108950	109295	108455	109275	894721	2761225	5
2023.02.14	12:00:00	109270	109345	108055	108135	659449	2186228	5
2023.02.14	13:00:00	108135	108330	107885	108150	456389	1431154	5
2023.02.14	14:00:00	108145	108215	107730	107935	429534	1421522	5
2023.02.14	15:00:00	107935	108250	107860	107865	422243	1455394	5
2023.02.14	16:00:00	107870	108020	107560	107665	379362	1351152	5
2023.02.14	17:00:00	107670	108130	107550	107875	309402	1111918	5
2023.02.14	18:00:00	107875	107915	107680	107770	83979	243658	5
2023.02.15	09:00:00	109800	109920	109145	109225	460026	1342942	5
2023.02.15	10:00:00	109225	110365	109005	109710	888059	2830032	5
2023.02.15	11:00:00	109715	110850	109645	110480	665904	2105667	5
2023.02.15	12:00:00	110485	110980	110370	110855	440705	1400191	5
2023.02.15	13:00:00	110855	110915	110570	110725	297352	1006715	5
2023.02.15	14:00:00	110725	111430	110620	111420	404769	1410519	5
2023.02.15	15:00:00	111420	112050	111335	111855	474021	1726604	5
2023.02.15	16:00:00	111860	112100	111465	111490	316143	1190832	5
2023.02.15	17:00:00	111490	111535	111060	111450	296666	1123195	5
2023.02.15	18:00:00	111455	111645	111405	111465	66922	244638	5
2023.02.16	09:00:00	111540	111785	110670	110760	575021	1582918	5
2023.02.16	10:00:00	110760	110995	110410	110985	921071	2670328	5
2023.02.16	11:00:00	110985	111180	110075	110300	748277	2429271	5
2023.02.16	12:00:00	110300	110700	110075	110495	545241	1787066	5
2023.02.16	13:00:00	110500	110835	110355	110585	392901	1301165	5
2023.02.16	14:00:00	110585	110895	110460	110825	402456	1400025	5
2023.02.16	15:00:00	110830	111590	110825	111410	566922	2086379	5
2023.02.16	16:00:00	111415	112255	111195	112090	549174	2027562	5
2023.02.16	17:00:00	112085	112135	111480	111770	402741	1554362	5
2023.02.16	18:00:00	111770	112200	111600	112185	87252	362336	5
2023.02.17	09:00:00	111245	111320	110940	111220	490420	1403557	5
2023.02.17	10:00:00	111220	111370	110690	111285	857243	2477632	5
2023.02.17	11:00:00	111285	111440	110675	111005	826283	2589983	5
2023.02.17	12:00:00	111010	111635	110980	111050	694056	2180011	5
2023.02.17	13:00:00	111050	111275	110930	111235	375324	1228504	5
2023.02.17	14:00:00	111230	111525	111175	111255	378099	1261619	5
2023.02.17	15:00:00	111260	111375	111040	111165	319599	1078092	5
2023.02.17	16:00:00	111165	111330	111085	111330	250874	888388	5
2023.02.17	17:00:00	111325	111385	110855	110865	245606	907821	5
2023.02.17	18:00:00	110860	110995	110695	110695	57360	210036	5
2023.02.22	13:00:00	109885	109915	108275	108735	715956	2208367	5
2023.02.22	14:00:00	108735	109135	108560	108870	522448	1746743	5
2023.02.22	15:00:00	108865	109040	108645	108740	390799	1317795	5
2023.02.22	16:00:00	108735	108920	108290	108420	604386	2014150	5
2023.02.22	17:00:00	108420	108795	108390	108770	296032	1023915	5
2023.02.22	18:00:00	108775	108830	108495	108495	65725	229675	5
2023.02.23	09:00:00	109110	109270	108725	108745	529164	1453899	5
2023.02.23	10:00:00	108745	109680	108655	109520	905989	2780004	5
2023.02.23	11:00:00	109520	110365	109490	110170	675280	2307756	5
2023.02.23	12:00:00	110165	110205	109100	109260	513947	1862856	5
2023.02.23	13:00:00	109255	109365	108330	108460	544103	1940043	5
2023.02.23	14:00:00	108465	108655	108210	108595	376166	1305458	5
2023.02.23	15:00:00	108590	108700	108370	108665	295239	1130888	5
2023.02.23	16:00:00	108665	109220	108630	109060	356919	1421013	5
2023.02.23	17:00:00	109060	109460	109060	109230	242977	965051	5
2023.02.23	18:00:00	109230	109340	109175	109175	41894	166489	5
2023.02.24	09:00:00	108600	109080	108490	108860	454930	1335295	5
2023.02.24	10:00:00	108865	109100	108520	108760	851139	2717994	5
2023.02.24	11:00:00	108760	108870	107765	107920	704281	2411933	5
2023.02.24	12:00:00	107920	108040	107275	107350	511992	1812405	5
2023.02.24	13:00:00	107345	107710	107310	107645	296612	1107139	5
2023.02.24	14:00:00	107645	107665	107045	107125	328443	1214272	5
2023.02.24	15:00:00	107130	107170	106805	107030	336022	1276728	5
2023.02.24	16:00:00	107030	107430	106965	107400	257720	999191	5
2023.02.24	17:00:00	107395	107440	107235	107420	214477	821332	5
2023.02.24	18:00:00	107420	107490	107205	107490	63695	232197	5
2023.02.27	09:00:00	107955	108045	107510	107580	527211	1430387	5
2023.02.27	10:00:00	107575	107780	107050	107265	934026	2779479	5
2023.02.27	11:00:00	107265	107410	106880	107330	714051	2232165	5
2023.02.27	12:00:00	107330	107820	106660	106945	633645	2088944	5
2023.02.27	13:00:00	106950	107455	106910	107390	428491	1435413	5
2023.02.27	14:00:00	107395	107545	107225	107280	404913	1391238	5
2023.02.27	15:00:00	107285	107950	107230	107605	517828	1757432	5
2023.02.27	16:00:00	107600	107680	107105	107410	360112	1156934	5
2023.02.27	17:00:00	107410	107645	107040	107150	358935	1228251	5
2023.02.27	18:00:00	107150	107225	106925	106925	103635	419886	5
2023.02.28	09:00:00	107100	107380	106880	107195	537363	1412576	5
2023.02.28	10:00:00	107195	108265	107005	108065	969010	2791593	5
2023.02.28	11:00:00	108060	108190	106910	107100	856302	2636060	5
2023.02.28	12:00:00	107100	107360	106690	106715	610283	1935793	5
2023.02.28	13:00:00	106715	107155	106405	106880	621426	1986620	5
2023.02.28	14:00:00	106885	107485	106880	107370	477964	1592578	5
2023.02.28	15:00:00	107375	107410	106935	107145	358809	1205240	5
2023.02.28	16:00:00	107150	107500	106920	106930	364231	1236290	5
2023.02.28	17:00:00	106925	107095	106255	106255	400882	1422659	5
2023.02.28	18:00:00	106260	106350	105720	105745	117915	441005	5
2023.03.01	09:00:00	106360	106685	106235	106315	550863	1586591	5
2023.03.01	10:00:00	106310	106695	105465	105955	1068976	3307114	5
2023.03.01	11:00:00	105950	106230	105050	105155	911404	2933129	5
2023.03.01	12:00:00	105160	105305	104800	104945	656985	2191508	5
2023.03.01	13:00:00	104940	105080	104375	104700	541439	1849946	5
2023.03.01	14:00:00	104700	105035	104495	104795	497590	1663598	5
2023.03.01	15:00:00	104800	105130	104705	104805	396088	1298800	5
2023.03.01	16:00:00	104805	105520	104750	105490	404393	1436051	5
2023.03.01	17:00:00	105485	105855	105155	105765	380078	1358321	5
2023.03.01	18:00:00	105765	105985	105640	105800	72631	267176	5
2023.03.02	09:00:00	106110	106145	105355	105610	538406	1569264	5
2023.03.02	10:00:00	105610	106260	105400	106060	1024335	3125412	5
2023.03.02	11:00:00	106060	106260	105010	105450	933684	3035088	5
2023.03.02	12:00:00	105450	105680	105065	105625	556935	1822704	5
2023.03.02	13:00:00	105625	105765	105365	105410	472606	1570849	5
2023.03.02	14:00:00	105405	105710	105210	105630	364429	1227889	5
2023.03.02	15:00:00	105630	105795	105310	105460	419793	1480212	5
2023.03.02	16:00:00	105455	105595	105035	105395	446473	1550517	5
2023.03.02	17:00:00	105400	105440	104500	104535	391990	1362653	5
2023.03.02	18:00:00	104535	104700	104430	104500	97251	327876	5
2023.03.03	09:00:00	104820	105025	104555	104960	498705	1468582	5
2023.03.03	10:00:00	104965	105290	104810	105015	871017	2807234	5
2023.03.03	11:00:00	105020	105650	104810	105595	851387	2904759	5
2023.03.03	12:00:00	105600	105775	105180	105445	550910	1887078	5
2023.03.03	13:00:00	105450	105650	105355	105395	324110	1159967	5
2023.03.03	14:00:00	105395	105480	105215	105470	335622	1260051	5
2023.03.03	15:00:00	105470	105525	104870	104940	355961	1286951	5
2023.03.03	16:00:00	104940	105315	104855	105185	297602	1113502	5
2023.03.03	17:00:00	105185	105270	104830	104980	267922	1014453	5
2023.03.03	18:00:00	104980	105095	104915	104940	60566	203398	5
2023.03.06	09:00:00	104800	105520	104770	105320	447568	1299308	5
2023.03.06	10:00:00	105320	105410	104520	104555	932886	2906494	5
2023.03.06	11:00:00	104560	104970	104310	104800	740751	2341264	5
2023.03.06	12:00:00	104810	106450	104625	106140	805876	2767661	5
2023.03.06	13:00:00	106145	106225	106040	106130	294295	1132490	5
2023.03.06	14:00:00	106135	106210	105910	106005	289872	1113423	5
2023.03.06	15:00:00	106005	106095	105730	105925	366320	1374083	5
2023.03.06	16:00:00	105930	106295	105860	105985	349281	1274184	5
2023.03.06	17:00:00	105990	106270	105975	106140	256224	932497	5
2023.03.06	18:00:00	106140	106165	105860	105980	84723	290666	5
2023.03.07	09:00:00	106055	106175	105595	105805	477156	1409687	5
2023.03.07	10:00:00	105805	106350	105360	106010	1004982	3155231	5
2023.03.07	11:00:00	106010	106095	105575	105605	683216	2208494	5
2023.03.07	12:00:00	105605	105630	104755	104780	900161	2963006	5
2023.03.07	13:00:00	104780	105180	104720	104945	350999	1138237	5
2023.03.07	14:00:00	104945	105285	104815	104860	366466	1164987	5
2023.03.07	15:00:00	104860	104950	104615	104835	386850	1297897	5
2023.03.07	16:00:00	104830	105250	104800	105045	345900	1192100	5
2023.03.07	17:00:00	105045	105565	105045	105395	324267	1149275	5
2023.03.07	18:00:00	105390	105595	105330	105595	52677	179749	5
2023.03.08	09:00:00	105740	105835	105425	105620	489708	1427030	5
2023.03.08	10:00:00	105615	106790	105595	106460	995078	3009409	5
2023.03.08	11:00:00	106460	107380	106340	107235	753886	2430911	5
2023.03.08	12:00:00	107240	107960	107045	107585	671230	2268843	5
2023.03.08	13:00:00	107585	107665	107335	107470	307424	1111552	5
2023.03.08	14:00:00	107470	107535	107165	107200	298347	1127269	5
2023.03.08	15:00:00	107200	107320	107040	107165	293418	1138227	5
2023.03.08	16:00:00	107165	107440	107135	107390	266106	1099355	5
2023.03.08	17:00:00	107390	107770	107355	107720	298364	1307408	5
2023.03.08	18:00:00	107720	108000	107710	108000	87794	341902	5
2023.03.09	09:00:00	107650	107970	107260	107275	475412	1379553	5
2023.03.09	10:00:00	107280	107545	107055	107505	920776	2886651	5
2023.03.09	11:00:00	107505	107830	107220	107225	842084	2770825	5
2023.03.09	12:00:00	107230	107565	106760	107315	641686	2299549	5
2023.03.09	13:00:00	107315	107490	107080	107195	399767	1458781	5
2023.03.09	14:00:00	107195	107240	106910	107050	380708	1377088	5
2023.03.09	15:00:00	107045	107365	106835	107340	456191	1655541	5
2023.03.09	16:00:00	107340	107815	107185	107230	478308	1733340	5
2023.03.09	17:00:00	107235	107265	106170	106370	492827	1814025	5
2023.03.09	18:00:00	106370	106390	105850	105905	112297	389059	5
2023.03.10	09:00:00	106025	106150	105605	105640	579880	1661908	5
2023.03.10	10:00:00	105645	106035	105025	105055	1124931	3180325	5
2023.03.10	11:00:00	105055	105430	104630	105330	995598	3108136	5
2023.03.10	12:00:00	105330	105720	105150	105590	718176	2280223	5
2023.03.10	13:00:00	105590	106015	104940	105010	631030	2079085	5
2023.03.10	14:00:00	105015	105270	104885	105030	436331	1444228	5
2023.03.10	15:00:00	105030	105165	104155	104390	507198	1858291	5
2023.03.10	16:00:00	104385	104830	104330	104745	407103	1440385	5
2023.03.10	17:00:00	104745	104800	104420	104455	301816	1180267	5
2023.03.10	18:00:00	104455	104750	104425	104750	83564	279887	5
2023.03.13	09:00:00	104550	104890	103200	103515	1013563	2945099	5
2023.03.13	10:00:00	103515	104085	103135	103900	1173326	3486352	5
2023.03.13	11:00:00	103905	104835	103720	104810	1147143	3435044	5
2023.03.13	12:00:00	104815	104850	104225	104395	734570	2240358	5
2023.03.13	13:00:00	104390	104720	104110	104375	578756	1838392	5
2023.03.13	14:00:00	104375	104925	104120	104785	603816	2025457	5
2023.03.13	15:00:00	104790	104810	104175	104335	527631	1683814	5
2023.03.13	16:00:00	104335	104420	103805	103910	512362	1693889	5
2023.03.13	17:00:00	103910	104230	103855	104230	251273	786137	5
2023.03.14	09:00:00	104650	104770	103750	104135	933091	2694451	5
2023.03.14	10:00:00	104135	104700	104000	104640	1000607	3058442	5
2023.03.14	11:00:00	104640	105145	104285	104305	818490	2685184	5
2023.03.14	12:00:00	104305	104725	104260	104320	479814	1547856	5
2023.03.14	13:00:00	104325	104555	104145	104370	396262	1368345	5
2023.03.14	14:00:00	104370	104485	103860	104080	550237	1859579	5
2023.03.14	15:00:00	104080	104205	103700	103895	496069	1597835	5
2023.03.14	16:00:00	103890	103950	103385	103820	517365	1799711	5
2023.03.14	17:00:00	103820	104080	103715	103940	179534	569554	5
2023.03.15	09:00:00	102700	102900	102065	102360	779162	2220992	5
2023.03.15	10:00:00	102365	102595	101800	101935	1150417	3332150	5
2023.03.15	11:00:00	101940	102300	101485	101865	936835	2830643	5
2023.03.15	12:00:00	101870	102510	101760	102270	599615	1913622	5
2023.03.15	13:00:00	102275	102460	101985	102400	508106	1625355	5
2023.03.15	14:00:00	102405	103265	102395	103245	707248	2271404	5
2023.03.15	15:00:00	103245	103935	102970	103645	685652	2238012	5
2023.03.15	16:00:00	103645	103770	103220	103605	507153	1652073	5
2023.03.15	17:00:00	103610	103890	103490	103650	164363	547801	5
2023.03.16	09:00:00	103590	103870	103420	103635	587873	1665304	5
2023.03.16	10:00:00	103635	104275	103285	104190	1145322	3244480	5
2023.03.16	11:00:00	104190	104300	103220	103920	866041	2687479	5
2023.03.16	12:00:00	103920	104165	103565	104085	583555	1894128	5
2023.03.16	13:00:00	104080	104245	103705	104090	407341	1333159	5
2023.03.16	14:00:00	104095	104735	104095	104655	449201	1502349	5
2023.03.16	15:00:00	104655	104775	104335	104475	357625	1211882	5
2023.03.16	16:00:00	104470	104535	104205	104305	331753	1190869	5
2023.03.16	17:00:00	104305	104590	104165	104380	210341	705580	5
2023.03.17	09:00:00	104275	104335	103600	103685	462661	1396735	5
2023.03.17	10:00:00	103690	103710	102775	102945	751587	2377665	5
2023.03.17	11:00:00	102940	103085	102335	102620	576179	1911089	5
2023.03.17	12:00:00	102615	102990	102470	102910	384580	1339208	5
2023.03.17	13:00:00	102915	103290	102855	102990	400892	1438119	5
2023.03.17	14:00:00	102995	103055	102735	102985	312979	1180791	5
2023.03.17	15:00:00	102990	103190	102730	103105	365699	1342578	5
2023.03.17	16:00:00	103100	103155	102905	103015	324313	1177937	5
2023.03.17	17:00:00	103015	103115	102630	102630	194449	713720	5
2023.03.20	09:00:00	102760	103080	102605	102735	559097	1642672	5
2023.03.20	10:00:00	102735	103070	101880	102245	1014923	3236313	5
2023.03.20	11:00:00	102245	102575	101730	102415	700563	2217160	5
2023.03.20	12:00:00	102415	102475	101515	101545	523265	1805094	5
2023.03.20	13:00:00	101545	101720	101360	101695	293243	1108362	5
2023.03.20	14:00:00	101690	101775	101315	101545	316382	1145975	5
2023.03.20	15:00:00	101540	101920	101445	101855	331956	1317216	5
2023.03.20	16:00:00	101850	102040	101635	101695	330203	1244454	5
2023.03.20	17:00:00	101700	101885	101595	101640	157982	576056	5
2023.03.21	09:00:00	102430	102500	101800	101840	516866	1623059	5
2023.03.21	10:00:00	101845	102345	101730	102165	841811	2627312	5
2023.03.21	11:00:00	102175	102230	101535	102020	717731	2319015	5
2023.03.21	12:00:00	102020	102150	101705	101805	368415	1200222	5
2023.03.21	13:00:00	101805	101990	101760	101940	199628	713694	5
2023.03.21	14:00:00	101940	102040	101770	101890	248596	884808	5
2023.03.21	15:00:00	101895	101935	101675	101895	297340	1110233	5
2023.03.21	16:00:00	101895	101985	101630	101760	310722	1222354	5
2023.03.21	17:00:00	101760	102005	101710	101840	157768	574456	5
2023.03.22	09:00:00	101750	101890	101450	101585	448567	1402360	5
2023.03.22	10:00:00	101585	101640	100950	101220	783684	2503482	5
2023.03.22	11:00:00	101220	101545	101170	101495	531433	1702010	5
2023.03.22	12:00:00	101500	101800	101415	101705	363340	1222842	5
2023.03.22	13:00:00	101705	101765	101405	101410	235331	821139	5
2023.03.22	14:00:00	101410	101445	101170	101330	302728	1051937	5
2023.03.22	15:00:00	101335	102650	101050	101925	1021281	3174462	5
2023.03.22	16:00:00	101930	101955	100675	100745	741099	2499991	5
2023.03.22	17:00:00	100740	100985	100675	100675	189332	652387	5
2023.03.23	09:00:00	100755	101290	100540	101245	589944	1764261	5
2023.03.23	10:00:00	101240	101780	100995	101140	865260	2736446	5
2023.03.23	11:00:00	101140	101185	100065	100395	743192	2399621	5
2023.03.23	12:00:00	100400	100510	100050	100275	339664	1134325	5
2023.03.23	13:00:00	100280	100280	99740	99780	395653	1388516	5
2023.03.23	14:00:00	99780	99790	98725	98755	595246	2102294	5
2023.03.23	15:00:00	98755	98980	97440	97875	715158	2411389	5
2023.03.23	16:00:00	97870	98480	97600	98395	597441	2006043	5
2023.03.23	17:00:00	98400	98510	97555	97555	210812	749728	5
2023.03.24	09:00:00	97350	98620	97250	98610	708123	2074259	5
2023.03.24	10:00:00	98610	99000	98275	98715	989182	3094564	5
2023.03.24	11:00:00	98720	99025	98215	98745	707686	2392835	5
2023.03.24	12:00:00	98750	99705	98385	99585	566418	2082792	5
2023.03.24	13:00:00	99585	99650	99265	99325	345666	1318885	5
2023.03.24	14:00:00	99325	99870	99320	99420	387792	1479616	5
2023.03.24	15:00:00	99420	99660	99235	99260	337231	1271527	5
2023.03.24	16:00:00	99260	99620	99245	99465	318139	1248019	5
2023.03.24	17:00:00	99465	99710	99410	99540	194132	687648	5
2023.03.27	09:00:00	99955	100395	99570	100280	550742	1575637	5
2023.03.27	10:00:00	100275	100350	99525	99760	858723	2658396	5
2023.03.27	11:00:00	99760	100525	99745	99975	696940	2209622	5
2023.03.27	12:00:00	99975	100095	99710	99950	410870	1365189	5
2023.03.27	13:00:00	99955	100320	99900	100100	425872	1481691	5
2023.03.27	14:00:00	100105	100220	99945	100070	242432	804021	5
2023.03.27	15:00:00	100075	100525	100060	100300	345353	1207913	5
2023.03.27	16:00:00	100305	100350	100095	100105	262663	881160	5
2023.03.27	17:00:00	100110	100435	100080	100400	172113	585164	5
2023.03.28	09:00:00	100100	100455	99925	99930	472546	1440210	5
2023.03.28	10:00:00	99940	101280	99770	100970	964560	3130343	5
2023.03.28	11:00:00	100970	101740	100960	101445	634329	2218678	5
2023.03.28	12:00:00	101450	101920	101440	101630	363937	1289444	5
2023.03.28	13:00:00	101625	102065	101620	102030	277587	1029102	5
2023.03.28	14:00:00	102035	102055	101610	101635	239918	899914	5
2023.03.28	15:00:00	101635	101735	101510	101665	258997	967210	5
2023.03.28	16:00:00	101665	101760	101480	101575	231004	884621	5
2023.03.28	17:00:00	101575	102020	101550	101900	175798	709406	5
2023.03.29	09:00:00	102250	102450	102050	102295	555091	1613866	5
2023.03.29	10:00:00	102295	102385	101235	101715	1014149	3184833	5
2023.03.29	11:00:00	101720	102110	101540	101770	620781	1986202	5
2023.03.29	12:00:00	101770	102125	101705	101790	382920	1324178	5
2023.03.29	13:00:00	101790	101855	101280	101360	348765	1233347	5
2023.03.29	14:00:00	101365	101500	100990	101435	374009	1367420	5
2023.03.29	15:00:00	101440	101485	100560	101220	539896	1967240	5
2023.03.29	16:00:00	101220	102675	101100	102155	531144	2066110	5
2023.03.29	17:00:00	102155	102620	102130	102385	205118	704074	5
2023.03.30	09:00:00	103680	104200	103560	103705	668309	1839213	5
2023.03.30	10:00:00	103705	104535	103455	104070	885272	2714252	5
2023.03.30	11:00:00	104070	104125	103030	103590	958959	3135651	5
2023.03.30	12:00:00	103590	103965	103535	103695	418953	1371223	5
2023.03.30	13:00:00	103695	104000	103590	103685	313597	1010721	5
2023.03.30	14:00:00	103680	103885	103300	103625	350040	1186716	5
2023.03.30	15:00:00	103620	103735	103510	103670	283181	975608	5
2023.03.30	16:00:00	103670	104200	103645	104120	381157	1305318	5
2023.03.30	17:00:00	104120	104475	104050	104450	215531	690950	5
2023.03.31	09:00:00	104000	104675	103900	104120	706972	2021098	5
2023.03.31	10:00:00	104125	104465	103720	103835	970962	2907801	5
2023.03.31	11:00:00	103835	104045	103375	103415	662053	2115745	5
2023.03.31	12:00:00	103415	103430	102800	103000	481956	1655019	5
2023.03.31	13:00:00	103005	103100	102550	102685	298813	1037245	5
2023.03.31	14:00:00	102690	102690	101760	102045	498903	1866384	5
2023.03.31	15:00:00	102045	102460	101875	102250	369471	1338485	5
2023.03.31	16:00:00	102250	102755	102120	102315	440710	1665329	5
2023.03.31	17:00:00	102320	102325	101670	101895	271823	843865	5
2023.04.03	09:00:00	102240	102500	102175	102465	509277	1460274	5
2023.04.03	10:00:00	102460	102470	100970	101050	1048218	3295451	5
2023.04.03	11:00:00	101055	101460	100860	101245	684946	2299085	5
2023.04.03	12:00:00	101245	101530	101135	101370	409638	1468314	5
2023.04.03	13:00:00	101375	101510	101215	101405	279305	1068878	5
2023.04.03	14:00:00	101405	101650	101185	101265	352314	1313500	5
2023.04.03	15:00:00	101270	101480	101195	101385	286018	1090245	5
2023.04.03	16:00:00	101380	101860	101330	101700	408430	1563404	5
2023.04.03	17:00:00	101700	101925	101660	101780	209602	725135	5
2023.04.04	09:00:00	102185	102430	101780	102330	556601	1683858	5
2023.04.04	10:00:00	102330	102665	101940	102270	874122	2876014	5
2023.04.04	11:00:00	102270	103320	102270	102415	821898	2912416	5
2023.04.04	12:00:00	102410	102575	101920	102265	545199	1945384	5
2023.04.04	13:00:00	102265	102495	102135	102435	321340	1236230	5
2023.04.04	14:00:00	102435	102580	102325	102375	276899	1048517	5
2023.04.04	15:00:00	102375	102485	102040	102265	325322	1208205	5
2023.04.04	16:00:00	102260	102560	102030	102275	370787	1397799	5
2023.04.04	17:00:00	102270	102335	102100	102305	172627	593562	5
2023.04.05	09:00:00	102155	102355	101685	102110	707919	2098965	5
2023.04.05	10:00:00	102115	102285	101210	101240	989674	3215346	5
2023.04.05	11:00:00	101240	101470	100055	100330	965284	3355672	5
2023.04.05	12:00:00	100330	100955	100190	100940	408020	1463504	5
2023.04.05	13:00:00	100935	101040	100580	100750	378544	1381849	5
2023.04.05	14:00:00	100745	100930	100680	100920	302872	1154877	5
2023.04.05	15:00:00	100915	101370	100810	100910	487445	1880885	5
2023.04.05	16:00:00	100910	101310	100795	101140	354833	1391740	5
2023.04.05	17:00:00	101140	101170	100860	100880	203629	776253	5
2023.04.06	09:00:00	101000	101140	100680	100800	529231	1529203	5
2023.04.06	10:00:00	100800	101720	100660	100725	1008955	3282366	5
2023.04.06	11:00:00	100730	101235	100715	100925	684298	2214661	5
2023.04.06	12:00:00	100930	100990	100505	100960	445006	1497358	5
2023.04.06	13:00:00	100955	101185	100845	100940	324198	1126775	5
2023.04.06	14:00:00	100945	101080	100790	100945	258793	912903	5
2023.04.06	15:00:00	100945	101230	100810	101160	285149	1012522	5
2023.04.06	16:00:00	101160	101160	100880	100965	226667	863879	5
2023.04.06	17:00:00	100965	101330	100925	101330	161869	605870	5
2023.04.10	09:00:00	101130	101445	100845	101400	517793	1681751	5
2023.04.10	10:00:00	101400	102350	101400	101910	920966	3048890	5
2023.04.10	11:00:00	101910	102020	101665	101825	574805	1926596	5
2023.04.10	12:00:00	101825	102265	101800	101995	387986	1355895	5
2023.04.10	13:00:00	101990	102055	101825	101860	255269	925387	5
2023.04.10	14:00:00	101855	101965	101775	101845	249299	901162	5
2023.04.10	15:00:00	101845	102025	101785	101865	277885	1017331	5
2023.04.10	16:00:00	101865	102005	101725	101995	278368	1062614	5
2023.04.10	17:00:00	101990	102120	101910	102115	166847	594932	5
2023.04.11	09:00:00	102500	103575	102440	103450	794108	2276667	5
2023.04.11	10:00:00	103450	105280	103415	104815	1114182	3536133	5
2023.04.11	11:00:00	104815	105725	104780	105245	727445	2468704	5
2023.04.11	12:00:00	105245	105485	105135	105370	369908	1209266	5
2023.04.11	13:00:00	105375	105595	105260	105485	250919	907861	5
2023.04.11	14:00:00	105480	106580	105460	106155	610602	2247539	5
2023.04.11	15:00:00	106160	106400	105980	106145	374980	1381531	5
2023.04.11	16:00:00	106145	106575	106115	106195	373662	1401224	5
2023.04.11	17:00:00	106195	106910	106190	106670	385036	1139808	5
2023.04.12	09:00:00	108505	109555	108185	108775	872622	2319911	5
2023.04.12	10:00:00	108770	109875	108560	108995	1019432	3089321	5
2023.04.12	11:00:00	108990	109270	108425	108650	649265	2051758	5
2023.04.12	12:00:00	108650	109180	108380	109010	436771	1406521	5
2023.04.12	13:00:00	109005	109715	108990	109700	343837	1179890	5
2023.04.12	14:00:00	109700	110480	109675	109900	522817	1831017	5
2023.04.12	15:00:00	109910	110215	109705	109935	449401	1499136	5
2023.04.12	16:00:00	109930	109995	108940	109080	436394	1570524	5
2023.04.12	17:00:00	109085	109115	108705	108900	204780	682253	5
2023.04.13	09:00:00	109000	109400	108760	109075	636608	1708806	5
2023.04.13	10:00:00	109070	109285	108285	108880	1191569	3611365	5
2023.04.13	11:00:00	108880	109040	108455	108525	703331	2326963	5
2023.04.13	12:00:00	108530	108720	108335	108650	384764	1298996	5
2023.04.13	13:00:00	108650	108660	108215	108455	316495	1074908	5
2023.04.13	14:00:00	108455	108925	108405	108800	356513	1249798	5
2023.04.13	15:00:00	108800	108815	108535	108595	300305	1061958	5
2023.04.13	16:00:00	108600	108645	108340	108570	285776	1015762	5
2023.04.13	17:00:00	108575	108680	108325	108350	174231	565277	5
2023.04.14	09:00:00	108250	108850	108090	108190	724085	1919915	5
2023.04.14	10:00:00	108190	108365	106765	108255	1125675	3483051	5
2023.04.14	11:00:00	108255	108290	107640	107925	742863	2355494	5
2023.04.14	12:00:00	107925	108130	107735	108075	380785	1274734	5
2023.04.14	13:00:00	108080	108495	107965	108465	402627	1342811	5
2023.04.14	14:00:00	108460	108755	108145	108155	353842	1262815	5
2023.04.14	15:00:00	108150	108385	108145	108200	269166	1005253	5
2023.04.14	16:00:00	108200	108330	107805	108295	337490	1277276	5
2023.04.14	17:00:00	108300	108935	108290	108800	243171	837525	5
2023.04.17	09:00:00	108880	108900	108170	108345	651901	1899278	5
2023.04.17	10:00:00	108340	108830	107925	108535	1032315	3304427	5
2023.04.17	11:00:00	108535	108570	107800	108015	601723	2034780	5
2023.04.17	12:00:00	108010	108070	107740	107875	372945	1289021	5
2023.04.17	13:00:00	107875	107970	107610	107670	328650	1207701	5
2023.04.17	14:00:00	107665	107920	107545	107835	291184	1109656	5
2023.04.17	15:00:00	107835	107880	107615	107660	307353	1211175	5
2023.04.17	16:00:00	107655	108070	107635	108050	268116	1022275	5
2023.04.17	17:00:00	108050	108200	107830	107930	193740	731689	5
2023.04.18	09:00:00	108420	109375	108400	108625	693333	2010334	5
2023.04.18	10:00:00	108620	108635	106925	107885	1127263	3791416	5
2023.04.18	11:00:00	107885	108350	107525	108215	644251	2335765	5
2023.04.18	12:00:00	108210	108250	107785	107915	386878	1409643	5
2023.04.18	13:00:00	107910	108110	107790	107815	272541	1086878	5
2023.04.18	14:00:00	107815	108130	107680	107700	282326	1109695	5
2023.04.18	15:00:00	107705	107935	107490	107885	393032	1572505	5
2023.04.18	16:00:00	107880	108350	107825	108080	389955	1485903	5
2023.04.18	17:00:00	108085	108160	107800	107800	142825	549816	5
2023.04.19	09:00:00	106930	107150	106375	106775	724463	2193920	5
2023.04.19	10:00:00	106775	107015	105745	105930	1025853	3239100	5
2023.04.19	11:00:00	105935	106515	105885	106390	616387	2016331	5
2023.04.19	12:00:00	106390	106420	105935	105975	363581	1178552	5
2023.04.19	13:00:00	105975	106185	105880	106140	282456	970668	5
2023.04.19	14:00:00	106140	106250	105880	105995	298024	1038245	5
2023.04.19	15:00:00	105995	106120	105315	105580	466038	1750745	5
2023.04.19	16:00:00	105575	105855	105535	105580	335203	1302148	5
2023.04.19	17:00:00	105575	105980	105500	105850	182144	632389	5
2023.04.20	09:00:00	105500	106420	105320	106170	671702	1987753	5
2023.04.20	10:00:00	106175	106195	104735	105475	1171707	3649727	5
2023.04.20	11:00:00	105480	106320	105425	105950	689323	2352815	5
2023.04.20	12:00:00	105955	106075	105660	105945	345106	1201201	5
2023.04.20	13:00:00	105950	106145	105850	106080	254254	952679	5
2023.04.20	14:00:00	106080	106380	106005	106190	304061	1170582	5
2023.04.20	15:00:00	106190	106190	105745	106030	346287	1327473	5
2023.04.20	16:00:00	106035	106155	105850	106060	270095	996415	5
2023.04.20	17:00:00	106060	106215	105975	106140	157174	550356	5
2023.04.24	09:00:00	105650	105840	105050	105515	573074	1733597	5
2023.04.24	10:00:00	105520	105945	104855	105835	1065762	3390406	5
2023.04.24	11:00:00	105835	106585	105755	105785	717873	2402441	5
2023.04.24	12:00:00	105785	106050	105625	105865	384051	1297809	5
2023.04.24	13:00:00	105865	105910	105565	105675	284371	983653	5
2023.04.24	14:00:00	105675	105835	105595	105625	281113	1073733	5
2023.04.24	15:00:00	105630	105735	105520	105560	243446	927612	5
2023.04.24	16:00:00	105560	105725	105475	105680	216585	864605	5
2023.04.24	17:00:00	105675	105795	105610	105785	108040	383305	5
2023.04.25	09:00:00	105375	105490	105005	105270	682452	2028037	5
2023.04.25	10:00:00	105270	105275	104265	104485	1082963	3344612	5
2023.04.25	11:00:00	104485	104720	104175	104355	584726	1957160	5
2023.04.25	12:00:00	104355	104810	104265	104665	425238	1481487	5
2023.04.25	13:00:00	104660	104865	104520	104710	242961	897146	5
2023.04.25	14:00:00	104705	104920	104220	104470	456583	1689898	5
2023.04.25	15:00:00	104475	104600	104380	104570	230291	800770	5
2023.04.25	16:00:00	104570	104880	104530	104700	295470	1034612	5
2023.04.25	17:00:00	104695	105510	104675	105510	201043	700104	5
2023.04.26	09:00:00	105165	105865	104655	104875	656848	1968308	5
2023.04.26	10:00:00	104870	105250	104345	104395	830425	2709923	5
2023.04.26	11:00:00	104395	104590	104060	104470	620738	2176530	5
2023.04.26	12:00:00	104470	104615	104335	104430	306529	1120875	5
2023.04.26	13:00:00	104435	104630	104305	104560	276890	1040680	5
2023.04.26	14:00:00	104555	104605	103920	103945	299922	1142409	5
2023.04.26	15:00:00	103950	104165	103750	104105	358054	1366280	5
2023.04.26	16:00:00	104105	104250	103885	103940	264571	948325	5
2023.04.26	17:00:00	103940	104260	103860	104220	170566	544109	5
2023.04.27	09:00:00	104455	104510	103425	103615	700801	2040108	5
2023.04.27	10:00:00	103615	104330	103480	104200	912092	2926764	5
2023.04.27	11:00:00	104200	104700	104100	104180	606397	2027958	5
2023.04.27	12:00:00	104175	104380	103800	103825	359735	1227657	5
2023.04.27	13:00:00	103820	104065	103625	104050	334854	1203669	5
2023.04.27	14:00:00	104055	104430	103840	104315	393714	1450155	5
2023.04.27	15:00:00	104320	104440	104010	104020	281743	974602	5
2023.04.27	16:00:00	104015	104485	104010	104420	294824	1042910	5
2023.04.27	17:00:00	104420	104675	104360	104455	168563	574925	5
2023.04.28	09:00:00	104200	104915	104000	104790	565659	1628849	5
2023.04.28	10:00:00	104790	105045	103875	104220	920714	2974870	5
2023.04.28	11:00:00	104220	105655	104080	104885	780829	2707312	5
2023.04.28	12:00:00	104885	105635	104590	105390	485861	1746204	5
2023.04.28	13:00:00	105390	105970	105375	105920	321528	1157429	5
2023.04.28	14:00:00	105920	105935	105635	105710	255612	930740	5
2023.04.28	15:00:00	105705	105770	105360	105495	270394	981215	5
2023.04.28	16:00:00	105500	105780	105385	105780	265684	994318	5
2023.04.28	17:00:00	105780	105915	105250	105250	176126	680657	5
2023.05.02	09:00:00	105175	105435	104875	105260	558216	1543733	5
2023.05.02	10:00:00	105260	105575	103680	103800	1166838	3551938	5
2023.05.02	11:00:00	103805	103890	103175	103390	744538	2611760	5
2023.05.02	12:00:00	103390	103495	102915	103335	405166	1493611	5
2023.05.02	13:00:00	103335	103465	103220	103330	256557	969824	5
2023.05.02	14:00:00	103330	103420	103100	103330	238692	948935	5
2023.05.02	15:00:00	103325	103355	103160	103290	227113	886891	5
2023.05.02	16:00:00	103295	103420	103150	103165	229930	976357	5
2023.05.02	17:00:00	103165	103315	102900	102900	203321	760140	5
2023.05.03	09:00:00	103190	103610	103050	103395	689749	1913526	5
2023.05.03	10:00:00	103395	103765	102770	102870	1148035	3663422	5
2023.05.03	11:00:00	102870	103250	102725	103195	655900	2303515	5
2023.05.03	12:00:00	103190	103320	102915	103170	426425	1489409	5
2023.05.03	13:00:00	103165	103300	102990	103115	241561	860510	5
2023.05.03	14:00:00	103115	103590	103045	103355	271125	970956	5
2023.05.03	15:00:00	103370	103735	103210	103500	674186	2239639	5
2023.05.03	16:00:00	103495	103670	102980	103190	444351	1556832	5
2023.05.03	17:00:00	103185	103430	103080	103100	129819	512569	5
2023.05.04	09:00:00	103150	104315	103025	104035	738308	2203839	5
2023.05.04	10:00:00	104040	104800	103365	103525	996729	3199125	5
2023.05.04	11:00:00	103525	103560	102750	102880	856153	2875184	5
2023.05.04	12:00:00	102885	103115	102320	102525	490631	1716483	5
2023.05.04	13:00:00	102520	103080	102475	103070	298612	1059173	5
2023.05.04	14:00:00	103070	104470	102910	104035	601850	2346535	5
2023.05.04	15:00:00	104040	104055	103460	103765	372391	1450606	5
2023.05.04	16:00:00	103765	103945	103330	103535	378900	1472553	5
2023.05.04	17:00:00	103530	104355	103485	104355	159418	601333	5
2023.05.05	09:00:00	104100	104550	103755	104200	679111	1827663	5
2023.05.05	10:00:00	104195	104775	103970	104210	1022795	3192122	5
2023.05.05	11:00:00	104210	104570	103975	104490	589283	1971305	5
2023.05.05	12:00:00	104485	105155	104350	105095	465131	1611537	5
2023.05.05	13:00:00	105090	105875	105035	105755	430778	1604664	5
2023.05.05	14:00:00	105755	106380	105625	106345	407844	1608960	5
2023.05.05	15:00:00	106345	106645	106120	106425	419605	1615223	5
2023.05.05	16:00:00	106425	106565	106250	106535	293158	1143699	5
2023.05.05	17:00:00	106530	106945	106470	106580	216749	755267	5
2023.05.08	09:00:00	107100	107725	106545	107460	693232	2034028	5
2023.05.08	10:00:00	107460	107830	107040	107350	1005803	3319662	5
2023.05.08	11:00:00	107355	107795	107085	107780	587945	2048317	5
2023.05.08	12:00:00	107780	107940	107060	107810	624928	2289475	5
2023.05.08	13:00:00	107810	108035	107545	107675	352532	1338284	5
2023.05.08	14:00:00	107680	107775	107325	107510	310136	1169160	5
2023.05.08	15:00:00	107505	107540	106960	107405	367464	1354912	5
2023.05.08	16:00:00	107405	107540	107190	107390	275535	1013727	5
2023.05.08	17:00:00	107390	107470	107020	107020	188598	650254	5
2023.05.09	09:00:00	106800	106935	106570	106695	519883	1535139	5
2023.05.09	10:00:00	106690	107895	106670	107875	924744	3222040	5
2023.05.09	11:00:00	107870	108335	107805	108120	687314	2434229	5
2023.05.09	12:00:00	108120	108665	108115	108510	497730	1805290	5
2023.05.09	13:00:00	108510	109055	108440	108660	410166	1535497	5
2023.05.09	14:00:00	108655	108670	108460	108555	235577	968148	5
2023.05.09	15:00:00	108555	108640	108160	108240	331755	1326711	5
2023.05.09	16:00:00	108240	108415	108190	108380	247078	1060302	5
2023.05.09	17:00:00	108380	108845	108370	108700	232209	799705	5
2023.05.10	09:00:00	108250	108820	108060	108285	760523	2095993	5
2023.05.10	10:00:00	108285	108740	107590	108265	1011953	3310633	5
2023.05.10	11:00:00	108260	108555	108015	108130	681004	2427569	5
2023.05.10	12:00:00	108135	108540	108105	108360	368602	1361243	5
2023.05.10	13:00:00	108365	108515	108225	108400	215727	818872	5
2023.05.10	14:00:00	108405	108570	108090	108360	363994	1381546	5
2023.05.10	15:00:00	108355	108815	108350	108635	346297	1307534	5
2023.05.10	16:00:00	108635	109000	108590	108755	283688	1109824	5
2023.05.10	17:00:00	108750	108890	108595	108885	168843	629824	5
2023.05.11	09:00:00	108315	108460	107745	107815	560275	1680934	5
2023.05.11	10:00:00	107825	108325	107465	108245	908808	3118775	5
2023.05.11	11:00:00	108240	108650	107960	108290	695331	2519571	5
2023.05.11	12:00:00	108295	108680	108250	108400	394726	1471183	5
2023.05.11	13:00:00	108400	108425	108150	108380	269280	979032	5
2023.05.11	14:00:00	108380	109195	108375	108990	455915	1805258	5
2023.05.11	15:00:00	108995	109930	108855	109280	531683	2151538	5
2023.05.11	16:00:00	109275	109425	109155	109410	271654	1108603	5
2023.05.11	17:00:00	109410	109670	109300	109300	163703	611880	5
2023.05.12	09:00:00	109300	109300	108625	108845	506810	1535564	5
2023.05.12	10:00:00	108845	109800	108435	109725	1006181	3455147	5
2023.05.12	11:00:00	109725	109880	109350	109660	650899	2276202	5
2023.05.12	12:00:00	109660	109900	109435	109520	365611	1287694	5
2023.05.12	13:00:00	109520	109580	109245	109440	295285	1116292	5
2023.05.12	14:00:00	109445	109465	109155	109375	306507	1139637	5
2023.05.12	15:00:00	109380	109680	109190	109505	343491	1272600	5
2023.05.12	16:00:00	109500	109665	109350	109660	267492	1011948	5
2023.05.12	17:00:00	109660	109750	109555	109650	121094	439897	5
2023.05.15	09:00:00	110100	110150	109690	109950	512528	1426546	5
2023.05.15	10:00:00	109955	110190	109345	109810	980058	3178418	5
2023.05.15	11:00:00	109815	109930	109510	109670	556303	1870622	5
2023.05.15	12:00:00	109670	109805	109540	109700	281703	995835	5
2023.05.15	13:00:00	109700	110045	109615	109820	333142	1198258	5
2023.05.15	14:00:00	109820	109875	109670	109840	213689	788992	5
2023.05.15	15:00:00	109840	110375	109840	110095	396434	1443034	5
2023.05.15	16:00:00	110100	110235	109860	110125	333028	1257254	5
2023.05.15	17:00:00	110125	110245	110075	110125	162886	618042	5
2023.05.16	09:00:00	109850	110145	109655	110115	544512	1675984	5
2023.05.16	10:00:00	110115	111250	110085	111210	991706	3505354	5
2023.05.16	11:00:00	111215	111230	110005	110120	716380	2644471	5
2023.05.16	12:00:00	110125	110425	110045	110275	379386	1410892	5
2023.05.16	13:00:00	110270	110345	109960	110300	345588	1372828	5
2023.05.16	14:00:00	110300	110320	110080	110140	271836	1110199	5
2023.05.16	15:00:00	110140	110250	109820	109880	292276	1231571	5
2023.05.16	16:00:00	109880	109975	108885	108910	533829	2225262	5
2023.05.16	17:00:00	108910	109220	108770	109050	236043	865829	5
2023.05.17	09:00:00	109400	109870	109150	109760	657158	1893394	5
2023.05.17	10:00:00	109755	110795	109735	110150	1142504	3879509	5
2023.05.17	11:00:00	110150	110415	109980	110080	609915	2154315	5
2023.05.17	12:00:00	110085	110285	109905	110080	421892	1505083	5
2023.05.17	13:00:00	110085	110630	110075	110445	372371	1378381	5
2023.05.17	14:00:00	110445	110495	110225	110375	348658	1320148	5
2023.05.17	15:00:00	110380	110425	110200	110315	320594	1254861	5
2023.05.17	16:00:00	110310	110580	110270	110550	342255	1346115	5
2023.05.17	17:00:00	110550	110815	110445	110695	191891	684950	5
2023.05.18	09:00:00	110450	110565	109550	109825	680179	2019982	5
2023.05.18	10:00:00	109835	110415	109805	109995	949609	3268361	5
2023.05.18	11:00:00	109995	110490	109710	109985	705643	2605031	5
2023.05.18	12:00:00	109990	110335	109960	110265	358579	1375426	5
2023.05.18	13:00:00	110270	110385	110145	110230	277610	1095827	5
2023.05.18	14:00:00	110235	110495	110220	110470	279599	1137049	5
2023.05.18	15:00:00	110465	110980	110465	110840	434971	1695380	5
2023.05.18	16:00:00	110840	111200	110690	111115	323762	1297662	5
2023.05.18	17:00:00	111120	111270	110995	111140	183379	679752	5
2023.05.19	09:00:00	111080	111945	111000	111830	649041	2090715	5
2023.05.19	10:00:00	111830	111850	110585	111200	923082	3363243	5
2023.05.19	11:00:00	111205	111640	110940	111580	510737	1939872	5
2023.05.19	12:00:00	111575	111950	111405	111560	533150	2035827	5
2023.05.19	13:00:00	111560	111825	111410	111740	282636	1038158	5
2023.05.19	14:00:00	111740	112125	111695	111785	318351	1194857	5
2023.05.19	15:00:00	111780	111855	111310	111520	370057	1486728	5
2023.05.19	16:00:00	111525	111715	111365	111650	280487	1139242	5
2023.05.19	17:00:00	111645	111710	111420	111450	174876	611371	5
2023.05.22	09:00:00	111250	111620	111235	111440	469690	1330306	5
2023.05.22	10:00:00	111440	112550	111000	111260	1268589	3992588	5
2023.05.22	11:00:00	111260	111570	111090	111420	620809	2167431	5
2023.05.22	12:00:00	111415	111685	111260	111425	423590	1545008	5
2023.05.22	13:00:00	111425	111470	111230	111380	361691	1514519	5
2023.05.22	14:00:00	111375	111760	111320	111575	356129	1329812	5
2023.05.22	15:00:00	111580	111600	111400	111460	228002	854833	5
2023.05.22	16:00:00	111455	111475	110955	111085	312751	1135947	5
2023.05.22	17:00:00	111085	111255	110835	111255	219839	676561	5
2023.05.23	09:00:00	110870	110995	110555	110870	535132	1503609	5
2023.05.23	10:00:00	110870	111570	110655	111350	1002019	3396042	5
2023.05.23	11:00:00	111345	111860	111200	111765	652265	2338621	5
2023.05.23	12:00:00	111765	112150	111725	111900	399947	1537461	5
2023.05.23	13:00:00	111900	111905	111390	111695	447624	1820976	5
2023.05.23	14:00:00	111695	112050	111615	111685	349102	1377873	5
2023.05.23	15:00:00	111685	111740	110430	110720	615659	2500759	5
2023.05.23	16:00:00	110715	110955	110620	110645	347170	1400646	5
2023.05.23	17:00:00	110645	111115	110640	111095	187713	643470	5
2023.05.24	09:00:00	110665	111075	110035	110130	627017	1913938	5
2023.05.24	10:00:00	110130	110260	109355	109645	981895	3522787	5
2023.05.24	11:00:00	109645	110200	109615	109990	519126	1990999	5
2023.05.24	12:00:00	109985	110400	109920	109980	381889	1461059	5
2023.05.24	13:00:00	109980	109990	109160	109465	477273	1849095	5
2023.05.24	14:00:00	109470	109770	109370	109550	288376	1058823	5
2023.05.24	15:00:00	109545	109850	109490	109520	295382	1046749	5
2023.05.24	16:00:00	109520	109810	109400	109520	322818	1277867	5
2023.05.24	17:00:00	109515	109930	109460	109930	204133	679908	5
2023.05.25	09:00:00	110295	111480	110200	111135	827369	2388756	5
2023.05.25	10:00:00	111140	111880	110595	111005	1141536	3750427	5
2023.05.25	11:00:00	111005	111235	110440	111230	658777	2319082	5
2023.05.25	12:00:00	111230	111385	110260	110665	531913	2010085	5
2023.05.25	13:00:00	110665	111150	110635	110920	314889	1118253	5
2023.05.25	14:00:00	110915	111240	110785	110890	331306	1228184	5
2023.05.25	15:00:00	110890	111090	110500	110750	472537	1840316	5
2023.05.25	16:00:00	110750	110950	110505	110765	308921	1168215	5
2023.05.25	17:00:00	110770	110965	110575	110655	166076	547159	5
2023.05.26	09:00:00	111300	112300	111210	112275	773955	2339806	5
2023.05.26	10:00:00	112275	112405	111710	112160	847067	2884429	5
2023.05.26	11:00:00	112160	112340	111600	111655	626870	2273129	5
2023.05.26	12:00:00	111650	111775	110390	111065	657949	2517763	5
2023.05.26	13:00:00	111065	111900	110940	111880	365086	1456245	5
2023.05.26	14:00:00	111875	112220	111775	111940	446111	1673286	5
2023.05.26	15:00:00	111935	111950	111440	111505	292746	1157153	5
2023.05.26	16:00:00	111510	111840	111295	111570	362024	1426530	5
2023.05.26	17:00:00	111570	111795	111400	111520	181508	550886	5
2023.05.29	09:00:00	111800	111925	111355	111555	379860	1055096	5
2023.05.29	10:00:00	111555	111790	110730	111005	884321	2756613	5
2023.05.29	11:00:00	111005	111240	110810	111235	394500	1286251	5
2023.05.29	12:00:00	111235	111400	110995	111100	366409	1266950	5
2023.05.29	13:00:00	111105	111155	110780	111045	330113	1131968	5
2023.05.29	14:00:00	111045	111050	110650	110850	270496	908583	5
2023.05.29	15:00:00	110845	111370	110765	111080	318065	1037928	5
2023.05.29	16:00:00	111085	111365	110930	111085	240404	819823	5
2023.05.29	17:00:00	111085	111145	110815	110865	175998	562166	5
2023.05.30	09:00:00	111175	111885	111105	111815	579154	1768431	5
2023.05.30	10:00:00	111815	111980	109980	110130	1210318	3988377	5
2023.05.30	11:00:00	110130	110245	109375	109490	688227	2480128	5
2023.05.30	12:00:00	109495	109645	109055	109205	531274	1917281	5
2023.05.30	13:00:00	109205	109400	109060	109235	342792	1235194	5
2023.05.30	14:00:00	109240	109555	109175	109445	304472	1087486	5
2023.05.30	15:00:00	109440	109760	109400	109590	319582	1153023	5
2023.05.30	16:00:00	109585	109835	109505	109670	287093	1073795	5
2023.05.30	17:00:00	109665	109680	109295	109320	217202	723640	5
2023.05.31	09:00:00	108930	109265	108825	109170	615738	1766575	5
2023.05.31	10:00:00	109170	109535	108675	109155	1000380	3344616	5
2023.05.31	11:00:00	109150	109445	108870	109020	694844	2499952	5
2023.05.31	12:00:00	109020	109210	108840	108910	329774	1178737	5
2023.05.31	13:00:00	108915	109120	108700	108965	347914	1284997	5
2023.05.31	14:00:00	108965	109665	108870	109395	443824	1728870	5
2023.05.31	15:00:00	109390	109545	109205	109285	305349	1181150	5
2023.05.31	16:00:00	109285	109425	109050	109140	368554	1466268	5
2023.05.31	17:00:00	109135	109205	108745	108805	270431	896299	5
2023.06.01	09:00:00	109540	109955	109155	109210	607591	1704341	5
2023.06.01	10:00:00	109210	109470	108715	109095	909364	2933775	5
2023.06.01	11:00:00	109085	109830	108860	109760	659576	2377401	5
2023.06.01	12:00:00	109765	110865	109510	110785	724532	2704652	5
2023.06.01	13:00:00	110790	110880	110640	110715	309822	1158189	5
2023.06.01	14:00:00	110715	111045	110650	110845	353960	1331549	5
2023.06.01	15:00:00	110840	111080	110745	110905	295385	1079484	5
2023.06.01	16:00:00	110900	111270	110810	111180	387627	1541782	5
2023.06.01	17:00:00	111185	111580	111080	111575	240749	855429	5
2023.06.02	09:00:00	111880	112885	111805	112880	778329	2023624	5
2023.06.02	10:00:00	112880	113475	112760	113060	882088	3039105	5
2023.06.02	11:00:00	113060	113200	112780	113065	489334	1747550	5
2023.06.02	12:00:00	113070	113420	112960	113340	323893	1181283	5
2023.06.02	13:00:00	113340	113345	112815	112965	307827	1166051	5
2023.06.02	14:00:00	112965	112985	112570	112700	310490	1221029	5
2023.06.02	15:00:00	112695	113240	112520	113115	376591	1503087	5
2023.06.02	16:00:00	113115	113265	112855	113185	321220	1289101	5
2023.06.02	17:00:00	113180	113295	112985	113200	196644	655270	5
2023.06.05	09:00:00	112950	113255	112820	113135	516536	1544037	5
2023.06.05	10:00:00	113140	113500	112805	112835	809714	2633076	5
2023.06.05	11:00:00	112835	113025	112005	112705	784327	2798610	5
2023.06.05	12:00:00	112705	112830	112570	112755	288470	1051878	5
2023.06.05	13:00:00	112760	112900	112635	112750	190758	694401	5
2023.06.05	14:00:00	112745	112885	112610	112875	230668	908466	5
2023.06.05	15:00:00	112880	113110	112640	112910	342455	1337429	5
2023.06.05	16:00:00	112910	113360	112855	113115	319881	1240024	5
2023.06.05	17:00:00	113120	113240	112995	113030	133499	457340	5
2023.06.06	09:00:00	112815	113575	112800	113480	574297	1650182	5
2023.06.06	10:00:00	113485	113940	113260	113810	989392	3198669	5
2023.06.06	11:00:00	113805	114370	113805	114315	639944	2276168	5
2023.06.06	12:00:00	114315	114915	114185	114700	542188	2082819	5
2023.06.06	13:00:00	114700	115000	114590	114870	356401	1345615	5
2023.06.06	14:00:00	114875	115160	114725	114990	374447	1438540	5
2023.06.06	15:00:00	114995	115005	114615	114760	351887	1400857	5
2023.06.06	16:00:00	114760	115135	114670	115015	334509	1298338	5
2023.06.06	17:00:00	115015	115300	114925	115300	203223	699776	5
2023.06.07	09:00:00	115600	116130	115550	116010	657359	1869879	5
2023.06.07	10:00:00	116010	116270	115635	116040	932598	3082614	5
2023.06.07	11:00:00	116040	116230	115360	115545	656227	2322887	5
2023.06.07	12:00:00	115550	115990	115450	115485	471735	1691569	5
2023.06.07	13:00:00	115485	115650	115330	115415	302315	1097050	5
2023.06.07	14:00:00	115420	115475	114870	115180	436557	1623995	5
2023.06.07	15:00:00	115180	115800	115180	115595	417327	1578323	5
2023.06.07	16:00:00	115595	115850	115510	115810	296307	1158149	5
2023.06.07	17:00:00	115810	116180	115750	116085	164001	583652	5
2023.06.09	09:00:00	116360	117145	116340	116805	590848	1853051	5
2023.06.09	10:00:00	116800	116965	116545	116850	677553	2260962	5
2023.06.09	11:00:00	116850	117840	116820	117525	727827	2687183	5
2023.06.09	12:00:00	117525	117720	117370	117585	355218	1292333	5
2023.06.09	13:00:00	117580	117830	117450	117515	296049	1050657	5
2023.06.09	14:00:00	117515	117645	117255	117340	290844	1091560	5
2023.06.09	15:00:00	117340	117430	116935	117145	315690	1180338	5
2023.06.09	16:00:00	117140	117360	116990	117340	286549	1066017	5
2023.06.09	17:00:00	117340	117360	116965	117145	179074	581059	5
2023.06.12	09:00:00	117450	118040	117260	117585	623054	1922641	5
2023.06.12	10:00:00	117585	117595	116815	117115	895861	3033995	5
2023.06.12	11:00:00	117120	117645	117070	117580	569605	2043582	5
2023.06.12	12:00:00	117580	117940	117485	117575	446521	1613995	5
2023.06.12	13:00:00	117575	117590	117345	117455	268734	956089	5
2023.06.12	14:00:00	117450	117525	117285	117395	272779	1001535	5
2023.06.12	15:00:00	117390	117615	117320	117485	305382	1161152	5
2023.06.12	16:00:00	117480	117740	117455	117585	287019	1088185	5
2023.06.12	17:00:00	117590	117825	117395	117790	217110	769985	5
2023.06.13	09:00:00	117950	118170	117430	118145	713788	1987646	5
2023.06.13	10:00:00	118150	118215	117440	117500	809410	2644827	5
2023.06.13	11:00:00	117500	117755	117055	117640	654691	2226107	5
2023.06.13	12:00:00	117635	117690	117120	117150	436733	1537374	5
2023.06.13	13:00:00	117150	117310	116870	117050	325756	1208554	5
2023.06.13	14:00:00	117050	117260	116705	117005	375872	1385683	5
2023.06.13	15:00:00	117005	117275	116425	116700	468556	1706388	5
2023.06.13	16:00:00	116695	116880	116595	116845	284240	1099930	5
2023.06.13	17:00:00	116850	117200	116750	117180	170311	571485	5
2023.06.14	09:00:00	119900	120210	119645	119680	541638	1586375	5
2023.06.14	10:00:00	119685	120895	119685	120735	844808	2672951	5
2023.06.14	11:00:00	120740	120985	120555	120895	551088	1879394	5
2023.06.14	12:00:00	120895	121235	120825	120940	423418	1504585	5
2023.06.14	13:00:00	120945	121470	120800	121275	424422	1543932	5
2023.06.14	14:00:00	121275	121660	120910	120930	482161	1757413	5
2023.06.14	15:00:00	120930	121000	119865	120650	975308	2989966	5
2023.06.14	16:00:00	120650	121745	120280	121375	718790	2489685	5
2023.06.14	17:00:00	121375	121750	121275	121330	230479	790705	5
2023.06.15	09:00:00	120850	121480	120830	121335	630731	1754624	5
2023.06.15	10:00:00	121335	122125	121140	121675	960928	2845551	5
2023.06.15	11:00:00	121675	122255	121620	121950	521363	1717079	5
2023.06.15	12:00:00	121945	122090	121385	121680	507423	1758523	5
2023.06.15	13:00:00	121680	121810	121415	121540	380683	1257194	5
2023.06.15	14:00:00	121535	121670	121195	121570	380604	1303941	5
2023.06.15	15:00:00	121570	122165	121485	121980	399068	1395782	5
2023.06.15	16:00:00	121980	122035	121715	121935	305181	1090314	5
2023.06.15	17:00:00	121935	121945	121630	121855	200455	691080	5
2023.06.16	09:00:00	121850	121920	121020	121110	557869	1573563	5
2023.06.16	10:00:00	121115	121600	120760	121580	879346	2732413	5
2023.06.16	11:00:00	121590	122065	121525	121725	663302	2214093	5
2023.06.16	12:00:00	121730	121780	121375	121410	392456	1322373	5
2023.06.16	13:00:00	121410	121790	121300	121745	280457	968589	5
2023.06.16	14:00:00	121750	121780	121480	121505	243505	887693	5
2023.06.16	15:00:00	121505	121595	121250	121500	318744	1190133	5
2023.06.16	16:00:00	121505	121515	121050	121095	339460	1307655	5
2023.06.16	17:00:00	121095	121280	121035	121075	196238	672838	5
2023.06.19	09:00:00	121040	121300	120830	121120	449785	1248859	5
2023.06.19	10:00:00	121125	121720	120845	121505	894287	2813157	5
2023.06.19	11:00:00	121500	122060	121465	122005	632596	2109330	5
2023.06.19	12:00:00	122005	122270	121900	122190	378024	1273099	5
2023.06.19	13:00:00	122190	122190	122035	122095	225645	753412	5
2023.06.19	14:00:00	122095	122450	122000	122120	308261	969677	5
2023.06.19	15:00:00	122120	122335	122090	122175	246699	765377	5
2023.06.19	16:00:00	122175	122350	122100	122280	223869	683836	5
2023.06.19	17:00:00	122280	122485	122230	122480	228209	732795	5
2023.06.20	09:00:00	122060	122080	121570	121620	563846	1573230	5
2023.06.20	10:00:00	121620	121860	121250	121565	1001551	3113090	5
2023.06.20	11:00:00	121565	121645	120720	120935	774849	2551589	5
2023.06.20	12:00:00	120935	121335	120920	121300	424327	1397301	5
2023.06.20	13:00:00	121295	121785	121210	121685	382516	1308665	5
2023.06.20	14:00:00	121685	121865	121555	121715	377223	1281970	5
2023.06.20	15:00:00	121710	121935	121530	121770	378655	1341388	5
2023.06.20	16:00:00	121770	122000	121650	121845	297358	1040618	5
2023.06.20	17:00:00	121840	122100	121805	122000	166973	574671	5
2023.06.21	09:00:00	121950	122230	121650	121805	537698	1507696	5
2023.06.21	10:00:00	121805	122295	121600	121885	1101602	3424602	5
2023.06.21	11:00:00	121880	122255	121540	122035	742201	2369188	5
2023.06.21	12:00:00	122035	122340	121860	122330	506459	1709517	5
2023.06.21	13:00:00	122325	122730	122240	122580	377807	1259497	5
2023.06.21	14:00:00	122580	122795	122455	122660	308567	1077248	5
2023.06.21	15:00:00	122660	122870	122610	122665	315759	1133430	5
2023.06.21	16:00:00	122665	122835	122515	122655	339486	1241792	5
2023.06.21	17:00:00	122655	122780	122590	122725	159448	564713	5
2023.06.22	09:00:00	121795	122135	121665	121820	575242	1501682	5
2023.06.22	10:00:00	121825	122315	120795	121095	1192695	3541582	5
2023.06.22	11:00:00	121095	121250	120675	120775	655931	2146968	5
2023.06.22	12:00:00	120775	120815	120190	120650	535773	1852335	5
2023.06.22	13:00:00	120650	120715	120360	120460	306518	1128132	5
2023.06.22	14:00:00	120460	120820	120180	120550	462179	1663114	5
2023.06.22	15:00:00	120555	121130	120475	121000	455133	1621040	5
2023.06.22	16:00:00	121005	121275	120825	121165	378492	1375543	5
2023.06.22	17:00:00	121165	121510	121065	121510	196142	651866	5
2023.06.23	09:00:00	120900	121350	120570	121025	645210	1839356	5
2023.06.23	10:00:00	121025	121115	120415	120695	933421	2834761	5
2023.06.23	11:00:00	120690	120985	120310	120855	742278	2464026	5
2023.06.23	12:00:00	120850	121535	120805	121300	568433	1899126	5
2023.06.23	13:00:00	121300	121595	121130	121255	357403	1255828	5
2023.06.23	14:00:00	121255	121415	121120	121250	270668	967699	5
2023.06.23	15:00:00	121245	121260	120735	121000	440447	1614170	5
2023.06.23	16:00:00	120995	121190	120875	121165	338035	1206731	5
2023.06.23	17:00:00	121160	121330	121075	121215	140781	502221	5
2023.06.26	09:00:00	120960	121155	120780	120845	415173	1145207	5
2023.06.26	10:00:00	120845	121135	120260	120815	1062105	3247626	5
2023.06.26	11:00:00	120810	120855	119905	120055	746787	2414494	5
2023.06.26	12:00:00	120060	120140	119750	120085	407426	1403066	5
2023.06.26	13:00:00	120090	120150	119500	119905	389795	1350072	5
2023.06.26	14:00:00	119900	120120	119870	120095	274814	991860	5
2023.06.26	15:00:00	120095	120625	120010	120465	381359	1369682	5
2023.06.26	16:00:00	120470	120635	120250	120390	322160	1174233	5
2023.06.26	17:00:00	120390	120450	119950	119950	169866	625410	5
2023.06.27	09:00:00	120635	121400	120615	121105	682283	1880303	5
2023.06.27	10:00:00	121105	121245	119560	119695	1364182	4124408	5
2023.06.27	11:00:00	119690	119885	118920	119030	841231	2702776	5
2023.06.27	12:00:00	119030	119070	118545	118665	527566	1788256	5
2023.06.27	13:00:00	118665	119115	118565	119030	405714	1394300	5
2023.06.27	14:00:00	119025	119395	118900	119240	350553	1258750	5
2023.06.27	15:00:00	119240	119265	118970	119115	301712	1079250	5
2023.06.27	16:00:00	119115	119725	119110	119665	417531	1494248	5
2023.06.27	17:00:00	119665	119720	119435	119435	176124	623668	5
2023.06.28	09:00:00	119650	119765	118930	119335	692309	2023777	5
2023.06.28	10:00:00	119335	119895	118950	119360	1196875	3630586	5
2023.06.28	11:00:00	119360	119535	119110	119410	632575	2002865	5
2023.06.28	12:00:00	119415	119950	119285	119515	543055	1814995	5
2023.06.28	13:00:00	119520	119685	119315	119405	337392	1158516	5
2023.06.28	14:00:00	119400	119505	118670	118750	501228	1681795	5
2023.06.28	15:00:00	118755	119090	118650	118985	326196	1156530	5
2023.06.28	16:00:00	118985	119130	118450	118745	433495	1623786	5
2023.06.28	17:00:00	118745	118915	118530	118570	200040	668640	5
2023.06.29	09:00:00	119115	119210	118375	119070	832085	2358396	5
2023.06.29	10:00:00	119070	119785	118770	119600	849946	2689567	5
2023.06.29	11:00:00	119600	119685	119190	119495	559476	1825265	5
2023.06.29	12:00:00	119490	120250	119490	120245	531357	1774146	5
2023.06.29	13:00:00	120250	120265	119985	120045	259365	870523	5
2023.06.29	14:00:00	120045	120050	119830	120030	307964	1034683	5
2023.06.29	15:00:00	120030	120260	119840	119955	367904	1270124	5
2023.06.29	16:00:00	119950	120640	119950	120600	461515	1693026	5
2023.06.29	17:00:00	120600	120780	120365	120765	233479	773044	5
2023.06.30	09:00:00	120860	121550	120575	121350	746256	2038822	5
2023.06.30	10:00:00	121355	121510	120685	121030	944085	2776312	5
2023.06.30	11:00:00	121025	121370	120595	120970	753278	2450486	5
2023.06.30	12:00:00	120965	121120	120540	120955	508336	1755923	5
2023.06.30	13:00:00	120955	121115	120765	120970	343670	1206741	5
2023.06.30	14:00:00	120975	120990	120050	120450	487078	1726823	5
2023.06.30	15:00:00	120445	120885	120335	120775	359449	1289909	5
2023.06.30	16:00:00	120775	120780	119965	120000	394942	1457598	5
2023.06.30	17:00:00	120005	120055	119450	119500	245544	813242	5
2023.07.03	09:00:00	119985	120665	119900	120505	553796	1509426	5
2023.07.03	10:00:00	120500	121440	120270	121140	994710	3186814	5
2023.07.03	11:00:00	121135	121575	121105	121430	655025	2153097	5
2023.07.03	12:00:00	121425	121660	121270	121515	400215	1386957	5
2023.07.03	13:00:00	121510	121610	121390	121570	304160	1064564	5
2023.07.03	14:00:00	121565	121740	121280	121295	350854	1138424	5
2023.07.03	15:00:00	121295	121550	121285	121480	248246	777158	5
2023.07.03	16:00:00	121480	121640	121375	121605	259056	821476	5
2023.07.03	17:00:00	121605	121720	121500	121640	190447	582532	5
2023.07.04	09:00:00	121440	121590	121080	121095	482855	1309089	5
2023.07.04	10:00:00	121095	121255	120715	121010	822962	2573874	5
2023.07.04	11:00:00	121005	121445	120755	120945	802672	2662912	5
2023.07.04	12:00:00	120945	121335	120940	121165	340090	1183389	5
2023.07.04	13:00:00	121165	121330	121060	121210	273682	938298	5
2023.07.04	14:00:00	121215	121260	120655	120740	333731	1062584	5
2023.07.04	15:00:00	120740	120960	120485	120895	411974	1301358	5
2023.07.04	16:00:00	120895	121110	120785	120845	240981	807008	5
2023.07.04	17:00:00	120840	120895	120605	120895	182257	571589	5
2023.07.05	09:00:00	120370	120695	119730	120180	823162	2216282	5
2023.07.05	10:00:00	120180	120965	120095	120725	1053878	3319077	5
2023.07.05	11:00:00	120725	121525	120655	121045	743672	2592827	5
2023.07.05	12:00:00	121045	121175	120790	121070	367219	1285290	5
2023.07.05	13:00:00	121070	121545	120930	121430	498342	1733270	5
2023.07.05	14:00:00	121430	121810	121365	121750	449489	1606522	5
2023.07.05	15:00:00	121755	121985	121350	121435	418293	1551770	5
2023.07.05	16:00:00	121430	121620	121200	121380	315827	1191600	5
2023.07.05	17:00:00	121380	121490	121155	121170	193857	687485	5
2023.07.06	09:00:00	121000	121005	120000	120195	774839	2036318	5
2023.07.06	10:00:00	120195	120505	119505	119525	1183610	3655557	5
2023.07.06	11:00:00	119525	119585	118775	118815	795642	2655438	5
2023.07.06	12:00:00	118815	119090	118710	118890	505324	1720020	5
2023.07.06	13:00:00	118895	119250	118650	119050	440809	1506119	5
2023.07.06	14:00:00	119055	119290	119045	119145	307383	1059630	5
2023.07.06	15:00:00	119145	119435	119125	119240	368922	1336084	5
2023.07.06	16:00:00	119235	119280	119000	119045	333273	1213633	5
2023.07.06	17:00:00	119045	119185	118865	119150	228871	789996	5
2023.07.07	09:00:00	119585	120215	119210	119430	929846	2435623	5
2023.07.07	10:00:00	119430	120630	119200	120260	1039579	3263036	5
2023.07.07	11:00:00	120260	120950	120130	120295	653699	2176835	5
2023.07.07	12:00:00	120295	120700	120255	120680	344148	1156571	5
2023.07.07	13:00:00	120680	120985	120570	120855	328984	1151268	5
2023.07.07	14:00:00	120860	121115	120810	120975	341089	1196748	5
2023.07.07	15:00:00	120975	121215	120915	121025	299623	1058318	5
2023.07.07	16:00:00	121020	121075	120435	120500	379236	1421488	5
2023.07.07	17:00:00	120500	120545	120120	120120	203772	730655	5
2023.07.10	09:00:00	119930	120190	119615	119920	601135	1694579	5
2023.07.10	10:00:00	119920	120175	119560	119895	1008759	3183084	5
2023.07.10	11:00:00	119895	120275	119790	120000	648451	2114444	5
2023.07.10	12:00:00	120005	120300	119640	120230	407650	1361048	5
2023.07.10	13:00:00	120225	120280	119545	119735	394175	1341599	5
2023.07.10	14:00:00	119740	119785	119525	119675	348614	1239577	5
2023.07.10	15:00:00	119680	119750	119345	119615	378028	1411947	5
2023.07.10	16:00:00	119615	119675	119335	119570	313084	1135416	5
2023.07.10	17:00:00	119570	119575	119015	119105	238703	828950	5
2023.07.11	09:00:00	119720	119800	118680	118875	773139	2189572	5
2023.07.11	10:00:00	118875	119055	117030	117495	1316696	4231163	5
2023.07.11	11:00:00	117495	117935	117420	117790	517666	1761878	5
2023.07.11	12:00:00	117790	118480	117500	118225	576427	2046190	5
2023.07.11	13:00:00	118225	118950	118190	118905	401767	1402047	5
2023.07.11	14:00:00	118905	119070	118815	118935	325762	1124594	5
2023.07.11	15:00:00	118935	118980	118680	118920	308483	1073561	5
2023.07.11	16:00:00	118915	119190	118895	118955	358370	1268556	5
2023.07.11	17:00:00	118955	119200	118780	119200	202675	735597	5
2023.07.12	09:00:00	119505	120355	119140	119930	1049383	2648255	5
2023.07.12	10:00:00	119935	120475	119690	120210	1021690	3043134	5
2023.07.12	11:00:00	120210	120370	120000	120285	542850	1704791	5
2023.07.12	12:00:00	120285	120405	119465	119885	584909	1956673	5
2023.07.12	13:00:00	119890	119945	119640	119680	283552	904545	5
2023.07.12	14:00:00	119680	119720	119125	119440	476574	1631785	5
2023.07.12	15:00:00	119440	119580	119345	119465	292394	972004	5
2023.07.12	16:00:00	119460	119560	118785	118850	478813	1673278	5
2023.07.12	17:00:00	118845	119020	118675	118800	240638	788111	5
2023.07.13	09:00:00	119395	119910	119310	119420	801611	2109437	5
2023.07.13	10:00:00	119420	121070	119315	120985	1262409	3680143	5
2023.07.13	11:00:00	120980	121125	120810	120955	511315	1578724	5
2023.07.13	12:00:00	120955	120970	120555	120870	383157	1169499	5
2023.07.13	13:00:00	120865	121175	120835	121050	323034	1052704	5
2023.07.13	14:00:00	121055	121115	120710	120885	326717	1047699	5
2023.07.13	15:00:00	120890	120975	120530	120665	373264	1260151	5
2023.07.13	16:00:00	120665	120795	120565	120590	284600	1021840	5
2023.07.13	17:00:00	120590	120765	120470	120470	196877	688892	5
2023.07.14	09:00:00	120730	120965	120345	120380	625025	1648863	5
2023.07.14	10:00:00	120380	120555	119615	120040	988895	3097904	5
2023.07.14	11:00:00	120035	120320	119285	119660	747081	2410005	5
2023.07.14	12:00:00	119660	119895	119590	119710	313681	1008802	5
2023.07.14	13:00:00	119710	119720	119115	119320	444091	1508941	5
2023.07.14	14:00:00	119320	119500	119050	119075	346137	1158435	5
2023.07.14	15:00:00	119070	119185	118825	118905	408452	1376054	5
2023.07.14	16:00:00	118910	119155	118800	119015	338116	1164776	5
2023.07.14	17:00:00	119015	119055	118760	118960	190379	660138	5
2023.07.17	09:00:00	118700	118885	118415	118560	606865	1600624	5
2023.07.17	10:00:00	118560	119040	117810	118740	1246695	3916236	5
2023.07.17	11:00:00	118740	118950	118360	118555	595160	1978183	5
2023.07.17	12:00:00	118560	118875	118495	118710	382630	1267502	5
2023.07.17	13:00:00	118715	119120	118670	119030	351243	1167132	5
2023.07.17	14:00:00	119030	119585	118900	119425	418259	1383625	5
2023.07.17	15:00:00	119420	119430	119125	119165	258279	853811	5
2023.07.17	16:00:00	119160	119540	119070	119525	323896	1093505	5
2023.07.17	17:00:00	119525	119695	119465	119575	198998	659757	5
2023.07.18	09:00:00	119500	119680	119045	119275	769396	2090407	5
2023.07.18	10:00:00	119270	119960	118770	119905	1263005	3771763	5
2023.07.18	11:00:00	119905	119935	119340	119590	698565	2193135	5
2023.07.18	12:00:00	119590	119675	119160	119510	407130	1359531	5
2023.07.18	13:00:00	119510	119585	118645	118670	431045	1540872	5
2023.07.18	14:00:00	118675	119225	118400	119085	524796	1975881	5
2023.07.18	15:00:00	119090	119280	118960	119005	315383	1125566	5
2023.07.18	16:00:00	119000	119250	118805	119185	398509	1413309	5
2023.07.18	17:00:00	119180	119210	118685	118970	231456	797818	5
2023.07.19	09:00:00	119150	119260	118280	118515	756256	2066772	5
2023.07.19	10:00:00	118515	119060	118105	119015	1120712	3405840	5
2023.07.19	11:00:00	119020	119055	118260	118285	642068	2064130	5
2023.07.19	12:00:00	118285	118295	117685	117720	574556	1949386	5
2023.07.19	13:00:00	117725	118105	117690	118085	317042	1100313	5
2023.07.19	14:00:00	118090	118345	117955	118215	319683	1099020	5
2023.07.19	15:00:00	118215	119200	118165	118890	555884	2088083	5
2023.07.19	16:00:00	118890	119035	118600	118740	328187	1213555	5
2023.07.19	17:00:00	118745	118775	118555	118650	155056	548073	5
2023.07.20	09:00:00	118950	119485	118625	119230	766098	2046795	5
2023.07.20	10:00:00	119230	119305	118440	119045	1092744	3366762	5
2023.07.20	11:00:00	119040	119155	118550	119045	744067	2478581	5
2023.07.20	12:00:00	119045	119395	118755	119040	505097	1797412	5
2023.07.20	13:00:00	119040	119095	118740	118840	336534	1146837	5
2023.07.20	14:00:00	118835	119025	118810	118930	267149	940772	5
2023.07.20	15:00:00	118935	119110	118765	118950	354518	1291127	5
2023.07.20	16:00:00	118950	119295	118855	119165	347041	1241886	5
2023.07.20	17:00:00	119160	119345	119060	119345	167731	567409	5
2023.07.21	09:00:00	119100	119440	118835	119305	759869	2062275	5
2023.07.21	10:00:00	119305	120920	119140	120900	1246776	4010361	5
2023.07.21	11:00:00	120900	121495	120805	121075	627134	2192329	5
2023.07.21	12:00:00	121075	121480	121075	121290	402848	1508400	5
2023.07.21	13:00:00	121290	121350	121125	121255	243945	902469	5
2023.07.21	14:00:00	121250	121295	120845	120880	340736	1243032	5
2023.07.21	15:00:00	120880	121455	120850	121215	410527	1563671	5
2023.07.21	16:00:00	121220	121435	121040	121315	358989	1374766	5
2023.07.21	17:00:00	121315	121530	121265	121530	226941	802149	5
2023.07.24	09:00:00	121220	121600	121085	121295	741305	1941953	5
2023.07.24	10:00:00	121300	121720	121000	121350	1122554	3354873	5
2023.07.24	11:00:00	121350	122665	121045	122365	828891	2713638	5
2023.07.24	12:00:00	122365	122810	122260	122635	492828	1668598	5
2023.07.24	13:00:00	122635	122655	122410	122505	209308	714452	5
2023.07.24	14:00:00	122505	122575	121930	121960	417423	1470802	5
2023.07.24	15:00:00	121965	122425	121950	122180	384604	1353509	5
2023.07.24	16:00:00	122175	122410	122025	122410	328134	1162639	5
2023.07.24	17:00:00	122410	122755	122375	122715	218714	753499	5
2023.07.25	09:00:00	123155	124160	123100	124140	835245	2211979	5
2023.07.25	10:00:00	124140	124260	123280	123655	1088842	3496778	5
2023.07.25	11:00:00	123655	123820	122830	122875	641511	2243470	5
2023.07.25	12:00:00	122875	123200	122755	123135	439453	1499026	5
2023.07.25	13:00:00	123130	123165	122810	122885	325846	1097001	5
2023.07.25	14:00:00	122885	123280	122815	123220	320862	1062090	5
2023.07.25	15:00:00	123220	123475	123150	123255	382176	1338455	5
2023.07.25	16:00:00	123260	123345	122920	123040	364935	1309370	5
2023.07.25	17:00:00	123045	123095	122850	122850	197003	657568	5
2023.07.26	09:00:00	122650	123245	122385	122495	852721	2300539	5
2023.07.26	10:00:00	122495	123175	122425	122810	929218	2810514	5
2023.07.26	11:00:00	122815	122825	122220	122695	628610	1981157	5
2023.07.26	12:00:00	122700	122700	122300	122550	355881	1154233	5
2023.07.26	13:00:00	122545	122910	122440	122720	314774	1058613	5
2023.07.26	14:00:00	122720	122810	122340	122550	346834	1090222	5
2023.07.26	15:00:00	122550	123670	122425	123130	750957	2372679	5
2023.07.26	16:00:00	123135	123650	122860	123615	532738	1869244	5
2023.07.26	17:00:00	123615	123695	123175	123175	187530	600716	5
2023.07.27	09:00:00	123655	123875	123265	123350	669768	1645644	5
2023.07.27	10:00:00	123350	123515	121990	122170	1100429	3514257	5
2023.07.27	11:00:00	122165	122170	121540	121970	683201	2381049	5
2023.07.27	12:00:00	121970	122190	121940	122075	320490	1137878	5
2023.07.27	13:00:00	122070	122140	121910	121945	255206	875174	5
2023.07.27	14:00:00	121945	121975	121665	121800	428250	1453730	5
2023.07.27	15:00:00	121795	121800	121200	121280	529112	1877021	5
2023.07.27	16:00:00	121275	121295	120550	120605	596861	2253059	5
2023.07.27	17:00:00	120610	120795	120090	120220	272709	911105	5
2023.07.28	09:00:00	120810	121765	120780	121220	724560	1964441	5
2023.07.28	10:00:00	121220	121490	120405	120780	1033841	3320844	5
2023.07.28	11:00:00	120775	120990	120450	120700	591049	2021957	5
2023.07.28	12:00:00	120705	120985	120630	120970	349507	1212907	5
2023.07.28	13:00:00	120965	121090	120780	120845	294333	1001852	5
2023.07.28	14:00:00	120845	120860	120520	120730	339859	1163630	5
2023.07.28	15:00:00	120730	120815	120610	120745	268114	912170	5
2023.07.28	16:00:00	120750	121070	120710	120970	311016	1120896	5
2023.07.28	17:00:00	120965	121035	120500	120720	194757	645946	5
2023.07.31	09:00:00	121390	121990	121205	121715	519581	1412252	5
2023.07.31	10:00:00	121715	122810	121580	122480	1092280	3569600	5
2023.07.31	11:00:00	122480	122735	122290	122515	482103	1654830	5
2023.07.31	12:00:00	122520	122875	122500	122675	435248	1483624	5
2023.07.31	13:00:00	122680	122700	122495	122535	243999	796849	5
2023.07.31	14:00:00	122530	122725	122145	122610	404887	1360595	5
2023.07.31	15:00:00	122615	122775	122465	122545	372049	1243678	5
2023.07.31	16:00:00	122550	122725	122295	122720	401897	1414582	5
2023.07.31	17:00:00	122720	122745	122520	122655	185342	604992	5
2023.08.01	09:00:00	122225	122240	121385	121520	608690	1745386	5
2023.08.01	10:00:00	121520	122215	121005	122010	1220622	4010349	5
2023.08.01	11:00:00	122005	122225	121220	121325	736378	2547709	5
2023.08.01	12:00:00	121325	121600	121170	121215	450240	1562683	5
2023.08.01	13:00:00	121215	121315	120725	121230	421673	1522109	5
2023.08.01	14:00:00	121230	121805	121195	121580	372698	1349066	5
2023.08.01	15:00:00	121585	121770	121460	121650	337765	1220870	5
2023.08.01	16:00:00	121650	122155	121540	121825	398237	1484620	5
2023.08.01	17:00:00	121830	121950	121620	121620	143415	515054	5
2023.08.02	09:00:00	121030	121445	120895	121315	714084	1970065	5
2023.08.02	10:00:00	121315	121515	120860	121365	1034360	3264183	5
2023.08.02	11:00:00	121365	121430	120265	120420	885075	3075792	5
2023.08.02	12:00:00	120420	121060	120415	120875	419086	1468269	5
2023.08.02	13:00:00	120880	120960	120575	120780	358377	1213210	5
2023.08.02	14:00:00	120780	121080	120755	120910	347358	1182748	5
2023.08.02	15:00:00	120910	121345	120885	121180	398286	1429572	5
2023.08.02	16:00:00	121180	121850	121160	121205	556936	2156999	5
2023.08.02	17:00:00	121205	121590	121110	121145	226552	810772	5
2023.08.03	09:00:00	122240	122900	121980	122335	895217	2262990	5
2023.08.03	10:00:00	122335	123165	121460	121480	1450163	4722538	5
2023.08.03	11:00:00	121480	121990	121080	121575	919245	3245541	5
2023.08.03	12:00:00	121580	122140	121540	121895	451107	1598936	5
2023.08.03	13:00:00	121890	121910	121355	121425	397205	1387562	5
2023.08.03	14:00:00	121425	122000	121155	121735	492639	1821538	5
2023.08.03	15:00:00	121730	121760	121440	121485	349433	1206498	5
2023.08.03	16:00:00	121490	121525	120760	120775	539797	2078403	5
2023.08.03	17:00:00	120775	121230	120600	120705	276978	958393	5
2023.08.04	09:00:00	120680	120690	119650	120345	1122243	2986185	5
2023.08.04	10:00:00	120345	120970	120070	120075	1232493	4050197	5
2023.08.04	11:00:00	120080	121485	120040	121480	819565	2902842	5
2023.08.04	12:00:00	121480	121935	121290	121745	492492	1797216	5
2023.08.04	13:00:00	121745	121845	121530	121575	304110	1106645	5
2023.08.04	14:00:00	121575	121590	121050	121120	384997	1401613	5
2023.08.04	15:00:00	121120	121155	119955	120120	780288	3049063	5
2023.08.04	16:00:00	120125	120165	119540	119565	536118	2142662	5
2023.08.04	17:00:00	119565	119990	119560	119880	207520	742977	5
2023.08.07	09:00:00	120160	120185	119700	119960	694114	1852921	5
2023.08.07	10:00:00	119960	120495	119340	119670	1324565	4192550	5
2023.08.07	11:00:00	119670	119865	119275	119400	700035	2273957	5
2023.08.07	12:00:00	119395	119660	119230	119570	493135	1699618	5
2023.08.07	13:00:00	119575	119760	119500	119725	253111	848121	5
2023.08.07	14:00:00	119720	119950	119510	119945	382287	1262903	5
2023.08.07	15:00:00	119940	120100	119740	119865	387349	1342005	5
2023.08.07	16:00:00	119865	119895	119670	119790	357956	1233178	5
2023.08.07	17:00:00	119790	119860	119400	119530	211447	745521	5
2023.08.08	09:00:00	118675	118680	117615	117980	872072	2483322	5
2023.08.08	10:00:00	117985	118495	117825	118445	1145404	3579285	5
2023.08.08	11:00:00	118450	119140	118315	118760	829222	2672543	5
2023.08.08	12:00:00	118755	119470	118725	119385	482423	1603925	5
2023.08.08	13:00:00	119380	119485	119160	119300	373437	1195287	5
2023.08.08	14:00:00	119300	119885	119280	119760	565315	2013336	5
2023.08.08	15:00:00	119760	119770	119305	119520	369856	1300622	5
2023.08.08	16:00:00	119515	119585	119240	119340	341807	1225816	5
2023.08.08	17:00:00	119340	119470	119225	119250	168428	581282	5
2023.08.09	09:00:00	119740	119740	118910	118965	796931	2291708	5
2023.08.09	10:00:00	118960	119075	118300	118975	1247193	4127893	5
2023.08.09	11:00:00	118975	119020	118445	118470	824565	2901728	5
2023.08.09	12:00:00	118470	118625	118095	118260	570002	2032292	5
2023.08.09	13:00:00	118260	118515	118150	118370	394676	1408897	5
2023.08.09	14:00:00	118365	118610	118360	118490	335492	1163629	5
2023.08.09	15:00:00	118485	118665	118385	118410	379968	1380878	5
2023.08.09	16:00:00	118410	118640	118345	118570	372167	1481532	5
2023.08.09	17:00:00	118565	118700	118525	118620	149937	563043	5
2023.08.10	09:00:00	119100	119525	118780	119285	849873	2351563	5
2023.08.10	10:00:00	119285	119695	118850	119665	1074888	3528415	5
2023.08.10	11:00:00	119660	119695	118905	119195	679019	2334547	5
2023.08.10	12:00:00	119195	119210	118755	119120	492009	1739711	5
2023.08.10	13:00:00	119115	119140	118675	118960	433923	1537857	5
2023.08.10	14:00:00	118965	119020	118640	118670	419894	1491551	5
2023.08.10	15:00:00	118670	118945	118650	118900	311615	1091952	5
2023.08.10	16:00:00	118905	118915	118270	118480	447412	1683457	5
2023.08.10	17:00:00	118480	118585	118090	118090	203862	742150	5
2023.08.11	09:00:00	118350	119010	118030	118470	850334	2433487	5
2023.08.11	10:00:00	118465	119260	118410	118860	949371	3093361	5
2023.08.11	11:00:00	118855	119220	118720	118835	644449	2269416	5
2023.08.11	12:00:00	118835	119025	118515	118690	423517	1546777	5
2023.08.11	13:00:00	118695	119025	118280	118300	431382	1556120	5
2023.08.11	14:00:00	118300	118455	117635	117810	559842	2132670	5
2023.08.11	15:00:00	117815	117930	117550	117875	429179	1591898	5
2023.08.11	16:00:00	117875	118180	117780	118100	346603	1365421	5
2023.08.11	17:00:00	118100	118310	118090	118290	158130	551852	5
2023.08.14	09:00:00	118170	118230	117315	117790	763915	2162267	5
2023.08.14	10:00:00	117795	117990	116710	117130	1226943	4009235	5
2023.08.14	11:00:00	117130	117400	116950	117005	559001	1948112	5
2023.08.14	12:00:00	117000	117340	116815	117235	425232	1479778	5
2023.08.14	13:00:00	117240	117445	117180	117225	313797	1069079	5
2023.08.14	14:00:00	117230	117555	117065	117155	384201	1335039	5
2023.08.14	15:00:00	117155	117200	116750	116850	435811	1650232	5
2023.08.14	16:00:00	116850	117030	116645	116980	400875	1546179	5
2023.08.14	17:00:00	116975	117005	116705	116710	194500	691653	5
2023.08.15	09:00:00	116070	117325	115810	117155	1003399	2924065	5
2023.08.15	10:00:00	117155	117700	116750	117260	1137253	3749244	5
2023.08.15	11:00:00	117255	117265	116270	116335	815664	2801478	5
2023.08.15	12:00:00	116335	117090	116320	116745	476518	1684425	5
2023.08.15	13:00:00	116745	116845	116320	116585	422197	1466126	5
2023.08.15	14:00:00	116585	116830	116495	116805	348974	1254246	5
2023.08.15	15:00:00	116805	116845	116505	116570	319430	1112373	5
2023.08.15	16:00:00	116575	116670	115980	116065	486543	1837207	5
2023.08.15	17:00:00	116065	116165	115665	115765	266771	914770	5
2023.08.16	09:00:00	118440	118835	118175	118405	630798	1802256	5
2023.08.16	10:00:00	118405	119035	118135	118755	1121208	3618754	5
2023.08.16	11:00:00	118755	119660	118635	119450	741428	2693238	5
2023.08.16	12:00:00	119455	119485	119045	119220	367257	1330060	5
2023.08.16	13:00:00	119225	119245	118650	118825	396510	1405000	5
2023.08.16	14:00:00	118825	118875	118545	118835	366761	1285247	5
2023.08.16	15:00:00	118835	118990	118425	118565	490264	1709564	5
2023.08.16	16:00:00	118570	118650	117555	117665	586130	2189747	5
2023.08.16	17:00:00	117670	117880	117620	117820	176230	583102	5
2023.08.17	09:00:00	118560	118810	118355	118665	619710	1803619	5
2023.08.17	10:00:00	118660	118860	118235	118295	1094835	3459790	5
2023.08.17	11:00:00	118300	118530	117650	117680	779226	2643203	5
2023.08.17	12:00:00	117680	117775	117320	117560	519712	1865244	5
2023.08.17	13:00:00	117565	117915	117405	117850	363483	1301645	5
2023.08.17	14:00:00	117855	117880	117375	117525	394371	1412402	5
2023.08.17	15:00:00	117520	117530	117135	117280	472934	1721786	5
2023.08.17	16:00:00	117280	117325	116985	117095	444654	1695842	5
2023.08.17	17:00:00	117095	117260	117045	117250	156353	620302	5
2023.08.18	09:00:00	116990	117185	116780	116885	647536	1841285	5
2023.08.18	10:00:00	116890	117465	116585	117300	1242041	4134357	5
2023.08.18	11:00:00	117300	117635	117085	117510	709672	2504935	5
2023.08.18	12:00:00	117510	117900	117475	117705	456992	1633815	5
2023.08.18	13:00:00	117705	117875	117640	117700	273881	958171	5
2023.08.18	14:00:00	117695	117760	117215	117435	435439	1578416	5
2023.08.18	15:00:00	117440	117540	117140	117465	371466	1345355	5
2023.08.18	16:00:00	117465	117720	117285	117455	372081	1365386	5
2023.08.18	17:00:00	117455	117610	117255	117265	210496	746665	5
2023.08.21	09:00:00	117845	117855	117310	117355	468511	1409312	5
2023.08.21	10:00:00	117350	117510	116615	117025	1143607	3686848	5
2023.08.21	11:00:00	117020	117135	116275	116630	894291	3102177	5
2023.08.21	12:00:00	116635	116800	116310	116510	522260	1763553	5
2023.08.21	13:00:00	116510	116540	116180	116455	378401	1371216	5
2023.08.21	14:00:00	116450	116475	116100	116200	388507	1386604	5
2023.08.21	15:00:00	116205	116555	116200	116450	387758	1422608	5
2023.08.21	16:00:00	116455	116615	116365	116400	364022	1367239	5
2023.08.21	17:00:00	116400	116460	116120	116120	165262	643504	5
2023.08.22	09:00:00	116800	117400	116600	117260	676298	2147381	5
2023.08.22	10:00:00	117265	117800	117065	117420	1196717	3958624	5
2023.08.22	11:00:00	117415	117720	117215	117580	602847	2044508	5
2023.08.22	12:00:00	117580	117660	117385	117435	339573	1172746	5
2023.08.22	13:00:00	117435	117565	117280	117470	307918	1069225	5
2023.08.22	14:00:00	117475	117660	117205	117635	376974	1343526	5
2023.08.22	15:00:00	117640	118040	117555	117950	439074	1656307	5
2023.08.22	16:00:00	117945	118390	117945	118185	409668	1626865	5
2023.08.22	17:00:00	118180	118340	118090	118340	172339	717797	5
2023.08.23	09:00:00	118810	118860	118260	118425	623246	1857827	5
2023.08.23	10:00:00	118430	119355	118350	119300	1103368	3778486	5
2023.08.23	11:00:00	119300	119525	119140	119475	518547	1873495	5
2023.08.23	12:00:00	119475	119750	119415	119705	329806	1169545	5
2023.08.23	13:00:00	119705	119970	119655	119885	295386	1020109	5
2023.08.23	14:00:00	119890	119970	119750	119805	284649	1035413	5
2023.08.23	15:00:00	119805	119880	119625	119825	296317	1104930	5
2023.08.23	16:00:00	119825	120030	119810	119860	325746	1299425	5
2023.08.23	17:00:00	119860	120500	119815	120440	253522	1075379	5
2023.08.24	09:00:00	120095	120200	119575	119615	483170	1571825	5
2023.08.24	10:00:00	119610	120105	119360	120100	984271	3419691	5
2023.08.24	11:00:00	120100	120125	119205	119300	707832	2551686	5
2023.08.24	12:00:00	119300	119345	118720	118795	449963	1753038	5
2023.08.24	13:00:00	118795	119360	118775	119180	480966	1718711	5
2023.08.24	14:00:00	119180	119260	118955	119240	362532	1268885	5
2023.08.24	15:00:00	119240	119325	118930	119120	369188	1370738	5
2023.08.24	16:00:00	119125	119195	118795	118905	375174	1362857	5
2023.08.24	17:00:00	118910	119120	118855	119120	135921	488600	5
2023.08.25	09:00:00	119025	119210	118540	119105	685416	1970854	5
2023.08.25	10:00:00	119100	119175	118100	118285	1034465	3307683	5
2023.08.25	11:00:00	118285	118495	117440	117510	1022949	3189803	5
2023.08.25	12:00:00	117515	117870	117290	117375	596324	1928925	5
2023.08.25	13:00:00	117375	117805	117320	117750	375070	1228933	5
2023.08.25	14:00:00	117745	117815	117250	117565	432388	1468271	5
2023.08.25	15:00:00	117560	118020	117545	117955	389284	1404772	5
2023.08.25	16:00:00	117955	118065	117635	117660	389931	1370779	5
2023.08.25	17:00:00	117660	117765	117480	117700	152053	528041	5
2023.08.28	09:00:00	117995	118200	117800	118075	562893	1595046	5
2023.08.28	10:00:00	118080	118180	117560	118010	1125892	3506081	5
2023.08.28	11:00:00	118010	118245	117710	117900	612036	2080418	5
2023.08.28	12:00:00	117905	118320	117875	118205	398460	1419403	5
2023.08.28	13:00:00	118200	118385	118075	118185	342301	1200657	5
2023.08.28	14:00:00	118185	118315	117875	118000	344155	1230723	5
2023.08.28	15:00:00	118000	118480	117870	118425	443494	1610583	5
2023.08.28	16:00:00	118425	119140	118380	119110	499751	1944843	5
2023.08.28	17:00:00	119110	119185	118945	119040	177092	669653	5
2023.08.29	09:00:00	118920	119795	118825	119730	637148	1882902	5
2023.08.29	10:00:00	119735	119930	119155	119350	825156	2635270	5
2023.08.29	11:00:00	119345	120360	119320	120055	828977	2891374	5
2023.08.29	12:00:00	120055	120155	119875	119890	387176	1269358	5
2023.08.29	13:00:00	119890	119960	119410	119675	422169	1431927	5
2023.08.29	14:00:00	119675	119960	119650	119920	317196	1120745	5
2023.08.29	15:00:00	119920	120155	119810	120135	341337	1203239	5
2023.08.29	16:00:00	120135	120310	119965	120260	379800	1348756	5
2023.08.29	17:00:00	120265	120340	120075	120075	167068	592259	5
2023.08.30	09:00:00	119915	120485	119860	120430	678612	1878577	5
2023.08.30	10:00:00	120435	120595	119995	120060	873887	2764639	5
2023.08.30	11:00:00	120060	120260	119660	119835	767645	2623552	5
2023.08.30	12:00:00	119840	120130	119810	119960	327433	1113189	5
2023.08.30	13:00:00	119960	120060	119780	119940	299944	1029773	5
2023.08.30	14:00:00	119945	120000	119710	119825	305016	1052816	5
2023.08.30	15:00:00	119825	119850	119180	119435	512525	1846167	5
2023.08.30	16:00:00	119440	119500	119200	119315	311129	1088482	5
2023.08.30	17:00:00	119315	119400	119090	119230	175643	632617	5
2023.08.31	09:00:00	119300	119575	119010	119385	710825	2031510	5
2023.08.31	10:00:00	119380	119420	118325	118585	1048886	3243507	5
2023.08.31	11:00:00	118585	118590	117770	118170	689055	2438803	5
2023.08.31	12:00:00	118170	118805	118015	118615	479511	1679227	5
2023.08.31	13:00:00	118615	118715	118335	118440	303990	1034625	5
2023.08.31	14:00:00	118440	118465	117910	118085	353998	1233956	5
2023.08.31	15:00:00	118085	118310	117690	117790	394038	1409799	5
2023.08.31	16:00:00	117790	117895	117430	117440	376421	1427234	5
2023.08.31	17:00:00	117445	117745	117380	117740	202165	755252	5
2023.09.01	09:00:00	118400	118530	117800	118455	733197	2039708	5
2023.09.01	10:00:00	118455	119270	118140	119060	958750	3069942	5
2023.09.01	11:00:00	119060	119550	118760	119235	683061	2252572	5
2023.09.01	12:00:00	119240	119275	118965	119160	332653	1102271	5
2023.09.01	13:00:00	119160	119270	118805	118935	341021	1120196	5
2023.09.01	14:00:00	118940	119415	118930	119385	283596	909504	5
2023.09.01	15:00:00	119390	119500	119260	119365	287132	976902	5
2023.09.01	16:00:00	119365	119615	119265	119340	327934	1155031	5
2023.09.01	17:00:00	119335	119495	119065	119065	159627	539686	5
2023.09.04	09:00:00	119300	119515	119075	119085	461329	1249643	5
2023.09.04	10:00:00	119085	120070	119045	120005	997753	3027552	5
2023.09.04	11:00:00	120005	120135	119820	119865	514516	1600666	5
2023.09.04	12:00:00	119870	119935	119675	119710	302884	952681	5
2023.09.04	13:00:00	119705	119735	119530	119635	291597	935453	5
2023.09.04	14:00:00	119635	119835	119260	119285	355307	1143249	5
2023.09.04	15:00:00	119280	119380	119130	119235	276292	924948	5
2023.09.04	16:00:00	119240	119490	119170	119420	269216	882012	5
2023.09.04	17:00:00	119415	119470	119300	119435	142930	468363	5
2023.09.05	09:00:00	119055	119350	118310	118475	747478	2182061	5
2023.09.05	10:00:00	118475	118880	118065	118835	1221309	4004819	5
2023.09.05	11:00:00	118840	119250	118765	119115	733919	2594880	5
2023.09.05	12:00:00	119110	119475	119070	119220	437954	1534202	5
2023.09.05	13:00:00	119220	119450	119180	119250	318309	1089639	5
2023.09.05	14:00:00	119245	119250	118845	119080	382620	1389003	5
2023.09.05	15:00:00	119080	119260	118905	119010	409395	1519801	5
2023.09.05	16:00:00	119015	119090	118720	118850	432480	1582866	5
2023.09.05	17:00:00	118850	119050	118650	119050	214504	777171	5
2023.09.06	09:00:00	118900	119000	118580	118870	589569	1703444	5
2023.09.06	10:00:00	118870	119400	118660	119320	1072018	3571853	5
2023.09.06	11:00:00	119315	119325	117975	118085	903259	3102174	5
2023.09.06	12:00:00	118090	118165	117880	117990	424285	1523900	5
2023.09.06	13:00:00	117990	118030	117600	117680	406045	1443556	5
2023.09.06	14:00:00	117680	117955	117620	117920	292061	1069091	5
2023.09.06	15:00:00	117920	117965	117510	117540	374355	1407950	5
2023.09.06	16:00:00	117540	117695	117380	117455	320928	1263034	5
2023.09.06	17:00:00	117460	117460	117240	117360	175813	680454	5
2023.09.08	09:00:00	116320	116580	116030	116550	491342	1344009	5
2023.09.08	10:00:00	116550	116745	116145	116425	819925	2643863	5
2023.09.08	11:00:00	116425	116895	116410	116580	604519	2038327	5
2023.09.08	12:00:00	116585	116735	116470	116710	325427	1124196	5
2023.09.08	13:00:00	116715	116795	116480	116690	333892	1191326	5
2023.09.08	14:00:00	116690	116965	116610	116750	343809	1253053	5
2023.09.08	15:00:00	116755	116775	116515	116690	303695	1147770	5
2023.09.08	16:00:00	116695	116745	116445	116670	286035	1089057	5
2023.09.08	17:00:00	116670	116810	116570	116600	158782	590828	5
2023.09.11	09:00:00	117415	117800	117065	117580	540045	1600657	5
2023.09.11	10:00:00	117585	117615	117070	117125	896592	2932405	5
2023.09.11	11:00:00	117125	117680	117115	117365	634153	2185729	5
2023.09.11	12:00:00	117360	117365	116945	117175	466419	1652171	5
2023.09.11	13:00:00	117170	117515	117170	117500	293870	1072272	5
2023.09.11	14:00:00	117500	118015	117450	117860	454608	1707155	5
2023.09.11	15:00:00	117865	118445	117830	118420	455689	1754270	5
2023.09.11	16:00:00	118420	118545	118295	118325	330387	1315448	5
2023.09.11	17:00:00	118330	118540	118260	118540	199989	755385	5
2023.09.12	09:00:00	118540	118800	118355	118480	667823	1915680	5
2023.09.12	10:00:00	118480	119200	118290	119165	1030560	3524676	5
2023.09.12	11:00:00	119165	119395	119080	119280	557254	2035130	5
2023.09.12	12:00:00	119275	119460	119150	119225	382639	1408368	5
2023.09.12	13:00:00	119225	119295	119055	119165	325403	1234859	5
2023.09.12	14:00:00	119165	119490	119130	119250	380593	1467661	5
2023.09.12	15:00:00	119245	119415	119105	119120	365034	1384758	5
2023.09.12	16:00:00	119125	119265	119065	119180	274009	1120757	5
2023.09.12	17:00:00	119175	119345	119035	119035	195275	787621	5
2023.09.13	09:00:00	118955	119430	118760	119330	756582	2210108	5
2023.09.13	10:00:00	119335	120185	118865	120135	1068264	3582116	5
2023.09.13	11:00:00	120130	120625	119700	120525	752118	2771612	5
2023.09.13	12:00:00	120525	120655	120175	120225	354626	1346726	5
2023.09.13	13:00:00	120230	120350	120055	120200	269216	953975	5
2023.09.13	14:00:00	120205	120415	120170	120205	323654	1133895	5
2023.09.13	15:00:00	120205	120235	119545	119745	473102	1784047	5
2023.09.13	16:00:00	119740	119780	119395	119570	347174	1323187	5
2023.09.13	17:00:00	119570	119580	119360	119495	145224	556599	5
2023.09.14	09:00:00	120100	120520	120015	120310	751591	2202635	5
2023.09.14	10:00:00	120310	120595	120005	120270	941877	3204190	5
2023.09.14	11:00:00	120270	120655	119920	120530	687422	2470637	5
2023.09.14	12:00:00	120535	120550	120205	120290	338454	1241362	5
2023.09.14	13:00:00	120285	120450	120255	120425	258942	967399	5
2023.09.14	14:00:00	120425	120930	120405	120800	415613	1620844	5
2023.09.14	15:00:00	120800	120900	120570	120715	387893	1568746	5
2023.09.14	16:00:00	120720	120945	120545	120605	390881	1505300	5
2023.09.14	17:00:00	120600	120615	120380	120380	156965	582780	5
2023.09.15	09:00:00	120750	120980	120625	120765	554234	1647222	5
2023.09.15	10:00:00	120770	120915	120110	120235	856644	2990403	5
2023.09.15	11:00:00	120235	120690	120220	120440	687558	2550629	5
2023.09.15	12:00:00	120435	120490	120100	120205	349788	1324029	5
2023.09.15	13:00:00	120210	120400	120130	120200	256970	941421	5
2023.09.15	14:00:00	120200	120330	119875	120245	346612	1334116	5
2023.09.15	15:00:00	120245	120255	119960	120185	321443	1269400	5
2023.09.15	16:00:00	120185	120195	119755	119905	354554	1415368	5
2023.09.15	17:00:00	119910	120075	119765	119985	176728	664619	5
2023.09.18	09:00:00	119750	120240	119725	120210	468488	1389805	5
2023.09.18	10:00:00	120210	120585	119430	119610	1017311	3555501	5
2023.09.18	11:00:00	119610	120535	119470	120340	745371	2708665	5
2023.09.18	12:00:00	120335	120485	120195	120240	348904	1256429	5
2023.09.18	13:00:00	120240	120265	119800	119950	364441	1375304	5
2023.09.18	14:00:00	119950	120095	119865	119995	263543	964403	5
2023.09.18	15:00:00	120000	120015	119510	119550	349781	1274874	5
2023.09.18	16:00:00	119555	119555	119160	119430	385191	1541425	5
2023.09.18	17:00:00	119435	119590	119310	119590	167512	635758	5
2023.09.19	09:00:00	119680	119715	119280	119315	649131	1997401	5
2023.09.19	10:00:00	119315	119490	118950	119075	1060849	3632777	5
2023.09.19	11:00:00	119075	119385	118920	119165	552564	2042424	5
2023.09.19	12:00:00	119170	119225	118925	118985	429858	1649749	5
2023.09.19	13:00:00	118985	119205	118955	119165	355533	1417665	5
2023.09.19	14:00:00	119160	119540	118980	119440	440019	1804752	5
2023.09.19	15:00:00	119445	119550	118960	118980	425836	1817096	5
2023.09.19	16:00:00	118980	119015	118620	118825	416320	1773237	5
2023.09.19	17:00:00	118825	118940	118645	118850	141751	570959	5
2023.09.20	09:00:00	119035	119295	118970	119100	488285	1500039	5
2023.09.20	10:00:00	119100	119875	119090	119805	827540	2968128	5
2023.09.20	11:00:00	119805	120275	119765	120180	630096	2420950	5
2023.09.20	12:00:00	120180	120415	120125	120195	396639	1580756	5
2023.09.20	13:00:00	120200	120460	120175	120405	253159	966710	5
2023.09.20	14:00:00	120410	120495	120055	120320	422873	1595183	5
2023.09.20	15:00:00	120320	120700	120000	120250	779231	2942390	5
2023.09.20	16:00:00	120250	120315	119730	119820	484845	2052211	5
2023.09.20	17:00:00	119820	119820	119435	119530	246307	984817	5
2023.09.21	09:00:00	118700	118715	117735	117915	821647	2451936	5
2023.09.21	10:00:00	117915	117955	117065	117090	1107951	3766856	5
2023.09.21	11:00:00	117085	117765	117045	117485	692903	2458222	5
2023.09.21	12:00:00	117485	117840	117450	117530	455693	1661703	5
2023.09.21	13:00:00	117530	117760	117440	117565	398332	1465224	5
2023.09.21	14:00:00	117565	117870	117510	117700	377907	1380030	5
2023.09.21	15:00:00	117705	117790	117265	117415	487641	1867801	5
2023.09.21	16:00:00	117415	117450	116860	116890	473755	1979733	5
2023.09.21	17:00:00	116890	117130	116805	116885	190876	755688	5
2023.09.22	09:00:00	117460	117995	117370	117775	513921	1663470	5
2023.09.22	10:00:00	117775	117840	117135	117430	955134	3266981	5
2023.09.22	11:00:00	117435	117665	117215	117495	662274	2365138	5
2023.09.22	12:00:00	117495	117500	117225	117340	350970	1326474	5
2023.09.22	13:00:00	117335	117530	117255	117400	258045	995598	5
2023.09.22	14:00:00	117400	117455	116820	116860	463595	1863770	5
2023.09.22	15:00:00	116855	116880	116635	116825	353588	1439259	5
2023.09.22	16:00:00	116820	117205	116760	116860	396988	1785221	5
2023.09.22	17:00:00	116855	117135	116820	117110	165627	679116	5
2023.09.25	09:00:00	116400	116620	116175	116445	498182	1515915	5
2023.09.25	10:00:00	116445	116785	116215	116740	823012	2758017	5
2023.09.25	11:00:00	116740	116805	116385	116390	566335	1949093	5
2023.09.25	12:00:00	116395	116770	116330	116610	390365	1388661	5
2023.09.25	13:00:00	116610	116780	116340	116380	330294	1246251	5
2023.09.25	14:00:00	116375	116685	116355	116635	291882	1118911	5
2023.09.25	15:00:00	116635	116740	116480	116520	325562	1333483	5
2023.09.25	16:00:00	116525	116800	116445	116780	325796	1322917	5
2023.09.25	17:00:00	116780	117130	116700	117005	224098	905502	5
2023.09.26	09:00:00	116550	116745	115865	115990	616132	1967054	5
2023.09.26	10:00:00	115995	116150	115665	115965	924746	3245081	5
2023.09.26	11:00:00	115965	116085	115520	116015	740848	2678507	5
2023.09.26	12:00:00	116015	116020	115535	115635	441009	1678926	5
2023.09.26	13:00:00	115635	115740	115520	115565	308598	1193709	5
2023.09.26	14:00:00	115565	115575	115015	115365	547746	2294659	5
2023.09.26	15:00:00	115365	115420	115090	115175	340918	1371738	5
2023.09.26	16:00:00	115175	115235	114830	114970	413609	1741190	5
2023.09.26	17:00:00	114975	115030	114685	114805	201472	845786	5
2023.09.27	09:00:00	115400	115585	115240	115580	463251	1497384	5
2023.09.27	10:00:00	115575	115995	115465	115530	889694	3185045	5
2023.09.27	11:00:00	115525	115610	115025	115170	675310	2522259	5
2023.09.27	12:00:00	115175	115320	114915	114955	438720	1572172	5
2023.09.27	13:00:00	114955	115055	114765	114810	360625	1298119	5
2023.09.27	14:00:00	114810	114885	114065	114195	619344	2385711	5
2023.09.27	15:00:00	114195	114770	113985	114565	597610	2291247	5
2023.09.27	16:00:00	114565	114955	114425	114805	460450	1783984	5
2023.09.27	17:00:00	114805	114985	114715	114970	196256	714363	5
2023.09.28	09:00:00	115000	115470	114695	114835	830828	2548390	5
2023.09.28	10:00:00	114840	115335	114730	115320	980129	3112293	5
2023.09.28	11:00:00	115320	115920	115250	115905	873203	3083845	5
2023.09.28	12:00:00	115900	116140	115645	116090	536580	1947055	5
2023.09.28	13:00:00	116095	116295	115930	116075	403382	1449173	5
2023.09.28	14:00:00	116075	116145	115815	116060	372703	1307110	5
2023.09.28	15:00:00	116055	116135	115890	116030	355939	1282969	5
2023.09.28	16:00:00	116035	116620	116025	116390	498582	1993810	5
2023.09.28	17:00:00	116385	116570	116300	116570	170133	646167	5
2023.09.29	09:00:00	116965	117730	116925	117655	751627	2285553	5
2023.09.29	10:00:00	117655	117665	117030	117345	788717	2773221	5
2023.09.29	11:00:00	117340	117370	116940	117125	709657	2555306	5
2023.09.29	12:00:00	117130	117265	116755	116850	479239	1751611	5
2023.09.29	13:00:00	116845	116970	116635	116710	360672	1342329	5
2023.09.29	14:00:00	116705	116775	116410	116440	442189	1592427	5
2023.09.29	15:00:00	116445	116860	116425	116840	406338	1485611	5
2023.09.29	16:00:00	116840	117235	116730	117130	461245	1706868	5
2023.09.29	17:00:00	117130	117390	117120	117225	202921	749139	5
2023.10.02	09:00:00	117000	117195	116775	117030	494680	1520428	5
2023.10.02	10:00:00	117025	117295	116120	116260	1035720	3661514	5
2023.10.02	11:00:00	116260	116450	115595	115725	831997	3085643	5
2023.10.02	12:00:00	115720	115895	115525	115650	463111	1702045	5
2023.10.02	13:00:00	115655	115900	115555	115735	358495	1295634	5
2023.10.02	14:00:00	115730	115835	115550	115660	291717	1100322	5
2023.10.02	15:00:00	115660	115790	115230	115345	438837	1739893	5
2023.10.02	16:00:00	115355	115665	115345	115555	378703	1489999	5
2023.10.02	17:00:00	115560	115680	115530	115580	162104	643461	5
2023.10.03	09:00:00	115000	115005	114455	114790	655042	2076117	5
2023.10.03	10:00:00	114790	115525	114765	115365	917277	3214958	5
2023.10.03	11:00:00	115365	115370	114665	114700	1065625	3798602	5
2023.10.03	12:00:00	114700	114910	114455	114525	576763	2081333	5
2023.10.03	13:00:00	114525	114865	114490	114625	404686	1473589	5
2023.10.03	14:00:00	114625	114710	114070	114150	478188	1823163	5
2023.10.03	15:00:00	114150	114295	113670	113750	519984	2066108	5
2023.10.03	16:00:00	113750	113845	113580	113805	413190	1520381	5
2023.10.03	17:00:00	113805	113950	113555	113620	211674	833649	5
2023.10.04	09:00:00	114290	114530	113920	113995	744328	2252574	5
2023.10.04	10:00:00	113995	114235	113535	113695	973900	3328982	5
2023.10.04	11:00:00	113700	114025	113420	113900	865320	2954997	5
2023.10.04	12:00:00	113900	114260	113745	114210	628175	2268496	5
2023.10.04	13:00:00	114205	114580	114080	114330	434857	1587809	5
2023.10.04	14:00:00	114335	114360	113925	114050	415813	1559922	5
2023.10.04	15:00:00	114050	114105	113810	113940	359068	1349378	5
2023.10.04	16:00:00	113945	114285	113915	114010	375352	1459992	5
2023.10.04	17:00:00	114015	114150	113780	113780	171441	650273	5
2023.10.05	09:00:00	114000	114020	113505	113910	686266	2043870	5
2023.10.05	10:00:00	113910	114720	113850	114625	944095	3217340	5
2023.10.05	11:00:00	114630	114640	113295	113340	958730	3369241	5
2023.10.05	12:00:00	113340	113430	113075	113210	564208	2047055	5
2023.10.05	13:00:00	113210	113435	113120	113210	345113	1214460	5
2023.10.05	14:00:00	113215	113310	113030	113300	366363	1312523	5
2023.10.05	15:00:00	113300	113720	113205	113700	408768	1570732	5
2023.10.05	16:00:00	113700	113785	113520	113700	342931	1331355	5
2023.10.05	17:00:00	113695	113815	113580	113750	151202	584536	5
2023.10.06	09:00:00	113800	113910	112305	112635	1061002	3099084	5
2023.10.06	10:00:00	112635	112995	112175	112220	1227944	3871227	5
2023.10.06	11:00:00	112225	112775	111860	112685	983114	3263159	5
2023.10.06	12:00:00	112690	114055	112650	113930	850541	3135940	5
2023.10.06	13:00:00	113935	114180	113715	114000	529239	1900446	5
2023.10.06	14:00:00	114005	114615	113990	114555	442552	1630478	5
2023.10.06	15:00:00	114550	114795	114450	114675	372997	1354238	5
2023.10.06	16:00:00	114680	114755	114395	114460	379071	1454510	5
2023.10.06	17:00:00	114460	114745	114420	114700	174306	614555	5
2023.10.09	09:00:00	113620	114085	113440	113735	577405	1739247	5
2023.10.09	10:00:00	113735	114185	113730	113905	978404	3312840	5
2023.10.09	11:00:00	113910	114175	113670	114015	668840	2357362	5
2023.10.09	12:00:00	114010	114235	113890	114030	435728	1533575	5
2023.10.09	13:00:00	114030	114210	113940	114130	348004	1219730	5
2023.10.09	14:00:00	114135	115440	114065	115405	665245	2632596	5
2023.10.09	15:00:00	115405	115495	115160	115285	473916	1875549	5
2023.10.09	16:00:00	115285	115470	115020	115465	397579	1481935	5
2023.10.09	17:00:00	115465	115695	115400	115690	181555	700692	5
2023.10.10	09:00:00	115900	116340	115775	115915	673516	1904859	5
2023.10.10	10:00:00	115910	116580	115745	116575	996233	3266745	5
2023.10.10	11:00:00	116570	117040	116565	116790	656827	2471433	5
2023.10.10	12:00:00	116790	116980	116635	116850	442198	1675803	5
2023.10.10	13:00:00	116850	116945	116750	116800	298357	1153091	5
2023.10.10	14:00:00	116800	116945	116580	116900	426934	1640530	5
2023.10.10	15:00:00	116900	117095	116805	116915	396717	1621123	5
2023.10.10	16:00:00	116920	117180	116855	117010	369764	1542924	5
2023.10.10	17:00:00	117015	117045	116760	116760	174577	705365	5
2023.10.11	09:00:00	117295	117695	117035	117065	688693	2025818	5
2023.10.11	10:00:00	117060	117220	116675	116690	969396	3326213	5
2023.10.11	11:00:00	116690	117130	116655	116820	691493	2492092	5
2023.10.11	12:00:00	116815	116840	116485	116620	445367	1597144	5
2023.10.11	13:00:00	116615	116690	116385	116610	410119	1546534	5
2023.10.11	14:00:00	116610	116710	116425	116640	327891	1233079	5
2023.10.11	15:00:00	116640	117075	116625	116900	448794	1703479	5
2023.10.11	16:00:00	116900	117340	116860	117210	363961	1492817	5
2023.10.11	17:00:00	117215	117465	117175	117405	171892	664823	5
2023.10.13	09:00:00	116300	116910	116215	116875	608706	1784815	5
2023.10.13	10:00:00	116875	117185	116405	117145	959065	3215867	5
2023.10.13	11:00:00	117145	117145	116585	116750	701359	2372567	5
2023.10.13	12:00:00	116745	116830	116225	116300	492882	1703940	5
2023.10.13	13:00:00	116300	116830	116240	116645	378941	1403915	5
2023.10.13	14:00:00	116645	116725	115710	116035	551126	2132306	5
2023.10.13	15:00:00	116040	116160	115760	115970	384731	1434381	5
2023.10.13	16:00:00	115975	116280	115825	115865	383259	1445790	5
2023.10.13	17:00:00	115865	115980	115685	115875	173945	611478	5
2023.10.16	09:00:00	116400	116835	116350	116745	648134	1929404	5
2023.10.16	10:00:00	116745	116775	116100	116415	1097873	3679979	5
2023.10.16	11:00:00	116420	117035	116095	116705	769563	2697413	5
2023.10.16	12:00:00	116705	116805	116425	116630	362738	1288425	5
2023.10.16	13:00:00	116635	116770	116515	116755	263735	916326	5
2023.10.16	14:00:00	116755	116885	116260	116710	479001	1788923	5
2023.10.16	15:00:00	116705	116720	116475	116640	370078	1409087	5
2023.10.16	16:00:00	116640	117000	116600	116710	381733	1504785	5
2023.10.16	17:00:00	116715	116745	116420	116420	188794	751327	5
2023.10.17	09:00:00	116140	116575	115700	115705	767214	2305038	5
2023.10.17	10:00:00	115710	115870	115560	115815	891265	3036115	5
2023.10.17	11:00:00	115810	116755	115745	116715	828013	3127387	5
2023.10.17	12:00:00	116715	116950	116610	116910	460205	1693448	5
2023.10.17	13:00:00	116905	116970	116685	116710	326111	1230283	5
2023.10.17	14:00:00	116710	116745	116020	116095	526556	2018201	5
2023.10.17	15:00:00	116100	116210	115635	115705	550798	2126986	5
2023.10.17	16:00:00	115700	116035	115685	115965	352688	1402925	5
2023.10.17	17:00:00	115965	115985	115720	115720	171336	597812	5
2023.10.18	09:00:00	117150	117400	116820	117070	666738	2012900	5
2023.10.18	10:00:00	117065	117170	116655	116755	801263	2782627	5
2023.10.18	11:00:00	116755	116965	116195	116285	687642	2534486	5
2023.10.18	12:00:00	116280	116730	116260	116550	457215	1796185	5
2023.10.18	13:00:00	116550	116670	116240	116385	422924	1626921	5
2023.10.18	14:00:00	116385	117065	116300	116570	647826	2565164	5
2023.10.18	15:00:00	116570	116605	115845	115960	522342	2051381	5
2023.10.18	16:00:00	115960	116020	115700	115810	447103	1786474	5
2023.10.18	17:00:00	115810	115895	115730	115750	155000	622036	5
2023.10.19	09:00:00	115650	115955	115555	115725	681388	2076716	5
2023.10.19	10:00:00	115725	116150	115580	116090	1000085	3402459	5
2023.10.19	11:00:00	116090	116290	115810	115930	700522	2466803	5
2023.10.19	12:00:00	115925	116595	115845	116340	601983	2229730	5
2023.10.19	13:00:00	116340	116920	116020	116625	1013773	3786429	5
2023.10.19	14:00:00	116625	116915	116355	116410	628575	2322793	5
2023.10.19	15:00:00	116405	116595	115855	116160	547656	2155784	5
2023.10.19	16:00:00	116165	116300	115780	115830	430517	1815544	5
2023.10.19	17:00:00	115830	115885	115555	115675	173110	728237	5
2023.10.20	09:00:00	115470	115575	114840	115020	601967	1943288	5
2023.10.20	10:00:00	115025	115825	115025	115350	1067326	3997872	5
2023.10.20	11:00:00	115350	115395	114190	114405	885322	3407824	5
2023.10.20	12:00:00	114405	114690	114380	114645	501278	1880392	5
2023.10.20	13:00:00	114650	114785	114290	114720	454755	1789194	5
2023.10.20	14:00:00	114725	115300	114615	115205	577021	2285777	5
2023.10.20	15:00:00	115210	115360	114760	114905	494919	1960778	5
2023.10.20	16:00:00	114910	114990	114730	114825	339562	1377915	5
2023.10.20	17:00:00	114820	114875	114525	114770	167318	688438	5
2023.10.23	09:00:00	114290	114315	113850	113985	574960	1802877	5
2023.10.23	10:00:00	113990	114520	113785	114475	1132604	4050886	5
2023.10.23	11:00:00	114475	114870	114340	114755	813452	2946848	5
2023.10.23	12:00:00	114760	115270	114735	115170	539129	2010377	5
2023.10.23	13:00:00	115165	115365	114830	115335	420645	1525457	5
2023.10.23	14:00:00	115340	115375	114780	114865	507608	1838021	5
2023.10.23	15:00:00	114870	115010	114650	114800	518603	1844062	5
2023.10.23	16:00:00	114800	114875	114305	114390	540598	2022555	5
2023.10.23	17:00:00	114385	114775	114375	114615	218936	778475	5
2023.10.24	09:00:00	115395	115555	115030	115510	651864	2053050	5
2023.10.24	10:00:00	115515	115765	115020	115720	1045326	3581531	5
2023.10.24	11:00:00	115725	115860	115330	115425	901769	3118643	5
2023.10.24	12:00:00	115430	115500	114925	115155	624340	2313625	5
2023.10.24	13:00:00	115150	115195	114355	114535	564040	2113859	5
2023.10.24	14:00:00	114535	115070	114400	114960	503266	1877536	5
2023.10.24	15:00:00	114955	115180	114885	115025	376366	1415412	5
2023.10.24	16:00:00	115020	115830	114985	115510	584568	2380295	5
2023.10.24	17:00:00	115510	115735	115405	115450	281993	1112594	5
2023.10.25	09:00:00	115400	115525	115135	115470	556648	1631084	5
2023.10.25	10:00:00	115465	115695	114730	115085	1054258	3583084	5
2023.10.25	11:00:00	115090	115095	114535	114950	834703	2882712	5
2023.10.25	12:00:00	114945	115255	114925	115030	614811	2222320	5
2023.10.25	13:00:00	115035	115070	114520	114545	464271	1642965	5
2023.10.25	14:00:00	114545	114615	114225	114440	601632	2214328	5
2023.10.25	15:00:00	114440	114445	114180	114380	476136	1791637	5
2023.10.25	16:00:00	114380	114615	114255	114445	437369	1640583	5
2023.10.25	17:00:00	114450	114545	114310	114310	187538	663983	5
2023.10.26	09:00:00	113820	114740	113680	114720	761760	2218951	5
2023.10.26	10:00:00	114715	115215	114510	115005	1060265	3349860	5
2023.10.26	11:00:00	115010	115520	114800	115475	900542	3021611	5
2023.10.26	12:00:00	115470	115495	115115	115205	476080	1669048	5
2023.10.26	13:00:00	115210	115220	114860	115080	478455	1666385	5
2023.10.26	14:00:00	115080	115455	114910	115300	674878	2416928	5
2023.10.26	15:00:00	115300	116070	115295	116045	626919	2358207	5
2023.10.26	16:00:00	116045	116755	116035	116360	682328	2591101	5
2023.10.26	17:00:00	116355	116720	116335	116720	279804	1004909	5
2023.10.27	09:00:00	116665	116780	116410	116430	607364	1855158	5
2023.10.27	10:00:00	116435	116860	116135	116300	1062503	3690590	5
2023.10.27	11:00:00	116300	116555	116065	116200	823076	2879903	5
2023.10.27	12:00:00	116195	116620	116180	116420	511659	1871121	5
2023.10.27	13:00:00	116420	116420	115425	115495	546316	2111322	5
2023.10.27	14:00:00	115490	115610	114660	114785	767149	2994854	5
2023.10.27	15:00:00	114780	114835	114340	114500	650694	2493804	5
2023.10.27	16:00:00	114505	114875	114460	114755	481195	1798675	5
2023.10.27	17:00:00	114755	114980	114630	114960	210895	800465	5
2023.10.30	09:00:00	115550	115910	115380	115495	570117	1855734	5
2023.10.30	10:00:00	115495	115630	115175	115355	850266	2936330	5
2023.10.30	11:00:00	115355	115420	114455	115000	940886	3625504	5
2023.10.30	12:00:00	115000	115250	113775	114295	782048	3012778	5
2023.10.30	13:00:00	114295	114395	113645	113915	497366	1746850	5
2023.10.30	14:00:00	113915	114160	113880	114105	350369	1226172	5
2023.10.30	15:00:00	114110	114205	113770	113935	425034	1515617	5
2023.10.30	16:00:00	113940	114165	113600	113770	483052	1818921	5
2023.10.30	17:00:00	113770	113945	113650	113800	221670	818501	5
2023.10.31	09:00:00	114250	114570	114025	114195	733470	2268453	5
2023.10.31	10:00:00	114190	114245	113415	114120	1102425	3830491	5
2023.10.31	11:00:00	114120	114925	113970	114580	905800	3408217	5
2023.10.31	12:00:00	114585	114980	114555	114955	608359	2221585	5
2023.10.31	13:00:00	114960	114960	114575	114595	472594	1718400	5
2023.10.31	14:00:00	114595	114745	114265	114560	486679	1895204	5
2023.10.31	15:00:00	114555	114595	114100	114465	501184	1970806	5
2023.10.31	16:00:00	114465	114735	114230	114725	426307	1672955	5
2023.10.31	17:00:00	114720	114800	114380	114670	226442	851892	5
2023.11.01	09:00:00	114530	115185	114220	115135	796312	2465206	5
2023.11.01	10:00:00	115130	115820	114930	115640	887110	3118422	5
2023.11.01	11:00:00	115640	116335	115630	116100	777019	2741270	5
2023.11.01	12:00:00	116100	116230	115855	116005	526150	1839602	5
2023.11.01	13:00:00	116005	116060	115655	115990	392031	1452545	5
2023.11.01	14:00:00	115985	116500	115835	116380	496595	1797383	5
2023.11.01	15:00:00	116380	116635	115820	116380	840495	3049089	5
2023.11.01	16:00:00	116375	116830	116330	116655	560249	2184094	5
2023.11.01	17:00:00	116655	116905	116465	116905	250870	956945	5
2023.11.03	09:00:00	117765	118960	117715	118930	844894	2557129	5
2023.11.03	10:00:00	118925	119455	118320	119295	908574	3275037	5
2023.11.03	11:00:00	119290	119540	118510	119015	729552	2620569	5
2023.11.03	12:00:00	119015	119370	118865	119090	412877	1514578	5
2023.11.03	13:00:00	119090	119695	119075	119480	453133	1746726	5
2023.11.03	14:00:00	119480	119685	119265	119520	383846	1427018	5
2023.11.03	15:00:00	119520	119875	119500	119740	395245	1510268	5
2023.11.03	16:00:00	119740	119815	119500	119665	284277	1168964	5
2023.11.03	17:00:00	119660	119845	119625	119785	166671	735971	5
2023.11.06	09:00:00	119650	120125	119650	119960	500851	1532242	5
2023.11.06	10:00:00	119960	120125	119490	119745	747339	2566236	5
2023.11.06	11:00:00	119740	119910	119455	119615	757109	2816427	5
2023.11.06	12:00:00	119615	120035	119290	120010	587126	2198235	5
2023.11.06	13:00:00	120010	120020	119510	119725	362854	1386644	5
2023.11.06	14:00:00	119725	119870	119595	119730	359326	1427099	5
2023.11.06	15:00:00	119730	119735	119385	119615	396274	1566413	5
2023.11.06	16:00:00	119615	119870	119450	119860	362044	1499029	5
2023.11.06	17:00:00	119865	119895	119710	119825	219353	870536	5
2023.11.06	18:00:00	119830	119860	119700	119860	44685	208304	5
2023.11.07	09:00:00	119350	119420	118995	119265	542091	1629684	5
2023.11.07	10:00:00	119270	120265	119250	120205	876755	3172791	5
2023.11.07	11:00:00	120205	120495	119815	120310	812204	3168856	5
2023.11.07	12:00:00	120310	120355	120120	120290	417711	1574506	5
2023.11.07	13:00:00	120285	120475	120100	120355	433795	1631310	5
2023.11.07	14:00:00	120350	120410	120160	120335	350308	1368130	5
2023.11.07	15:00:00	120330	120850	120305	120790	463131	1885027	5
2023.11.07	16:00:00	120785	120875	120560	120595	338903	1412891	5
2023.11.07	17:00:00	120595	120725	120450	120615	294896	1279826	5
2023.11.07	18:00:00	120620	120620	120405	120445	52469	236507	5
2023.11.08	09:00:00	120210	120705	120100	120635	557879	1722452	5
2023.11.08	10:00:00	120630	120955	120380	120890	865415	3284624	5
2023.11.08	11:00:00	120890	121240	120605	120635	739804	2849588	5
2023.11.08	12:00:00	120640	120700	120260	120275	555551	2218364	5
2023.11.08	13:00:00	120275	120535	120025	120110	461569	1827077	5
2023.11.08	14:00:00	120110	120160	119665	119770	501215	2050531	5
2023.11.08	15:00:00	119770	120425	119725	120240	517725	2160036	5
2023.11.08	16:00:00	120240	120480	120155	120295	332302	1359185	5
2023.11.08	17:00:00	120295	120465	120270	120330	223828	906663	5
2023.11.08	18:00:00	120330	120360	120250	120355	43286	182424	5
2023.11.09	09:00:00	120545	120935	120300	120865	527080	1654679	5
2023.11.09	10:00:00	120865	120910	120435	120605	859504	3133648	5
2023.11.09	11:00:00	120605	121465	120590	121410	778919	2923888	5
2023.11.09	12:00:00	121415	121425	121040	121085	552560	2091174	5
2023.11.09	13:00:00	121085	121320	120970	121130	343806	1300603	5
2023.11.09	14:00:00	121135	121205	120725	120825	409976	1638170	5
2023.11.09	15:00:00	120825	120870	119930	120615	704637	2973076	5
2023.11.09	16:00:00	120620	120620	119670	119805	616074	2525519	5
2023.11.09	17:00:00	119805	120315	119525	120160	367488	1493722	5
2023.11.09	18:00:00	120160	120295	120050	120295	38140	163420	5
2023.11.10	09:00:00	120545	121030	120310	120905	591817	1825329	5
2023.11.10	10:00:00	120905	121335	120700	121160	893417	3081341	5
2023.11.10	11:00:00	121160	121480	121045	121315	672294	2483207	5
2023.11.10	12:00:00	121315	121640	121100	121615	586512	2134727	5
2023.11.10	13:00:00	121615	121840	121510	121640	387215	1440521	5
2023.11.10	14:00:00	121640	122010	121630	121810	422505	1623389	5
2023.11.10	15:00:00	121810	121880	121540	121740	383777	1497995	5
2023.11.10	16:00:00	121745	121840	121475	121575	309978	1255101	5
2023.11.10	17:00:00	121575	121880	121495	121805	238836	945720	5
2023.11.10	18:00:00	121810	121910	121715	121850	53934	207712	5
2023.11.13	09:00:00	121555	121620	121260	121365	390864	1264900	5
2023.11.13	10:00:00	121365	121520	121060	121320	842939	2966294	5
2023.11.13	11:00:00	121315	121440	120900	120935	694780	2579257	5
2023.11.13	12:00:00	120940	121510	120865	121445	494553	1865335	5
2023.11.13	13:00:00	121440	121625	121285	121435	404892	1593567	5
2023.11.13	14:00:00	121435	121465	121115	121260	390871	1643691	5
2023.11.13	15:00:00	121260	121615	121115	121360	353457	1397619	5
2023.11.13	16:00:00	121365	121585	121255	121490	276907	1217585	5
2023.11.13	17:00:00	121490	121615	121430	121520	146443	682332	5
2023.11.13	18:00:00	121520	121660	121460	121615	49545	192790	5
2023.11.14	09:00:00	121575	121945	121550	121930	464436	1423685	5
2023.11.14	10:00:00	121925	124790	121890	123470	1115831	3514434	5
2023.11.14	11:00:00	123465	124415	123350	124245	707434	2616243	5
2023.11.14	12:00:00	124240	124295	123885	124110	483851	1770591	5
2023.11.14	13:00:00	124115	124390	124055	124070	344849	1332153	5
2023.11.14	14:00:00	124075	124170	123900	124135	348590	1322889	5
2023.11.14	15:00:00	124130	124365	124130	124300	315189	1232547	5
2023.11.14	16:00:00	124300	124345	124110	124295	262172	1008882	5
2023.11.14	17:00:00	124295	124465	124265	124420	253085	994521	5
2023.11.14	18:00:00	124425	124700	124325	124615	75392	297625	5
2023.11.16	09:00:00	124475	124720	124125	124165	494504	1527620	5
2023.11.16	10:00:00	124165	125145	124155	125120	917124	3112496	5
2023.11.16	11:00:00	125120	125235	124750	124780	773407	2848971	5
2023.11.16	12:00:00	124775	125095	124670	125065	563149	2030067	5
2023.11.16	13:00:00	125065	125110	124510	124750	479702	1825623	5
2023.11.16	14:00:00	124755	125345	124735	125195	457765	1786111	5
2023.11.16	15:00:00	125200	125555	125125	125455	451924	1784201	5
2023.11.16	16:00:00	125450	125780	125425	125680	342621	1373364	5
2023.11.16	17:00:00	125685	125780	125555	125765	240929	1000880	5
2023.11.16	18:00:00	125770	125830	125625	125830	58494	283409	5
2023.11.17	09:00:00	125835	125975	125465	125960	586977	1853814	5
2023.11.17	10:00:00	125955	126150	125585	125735	773378	2612881	5
2023.11.17	11:00:00	125735	125960	125530	125865	662593	2338895	5
2023.11.17	12:00:00	125870	126240	125825	125950	480691	1757510	5
2023.11.17	13:00:00	125950	125995	125765	125965	353187	1230161	5
2023.11.17	14:00:00	125965	126365	125960	126280	346638	1297265	5
2023.11.17	15:00:00	126280	126440	126110	126130	306812	1176010	5
2023.11.17	16:00:00	126130	126245	125815	125960	326566	1294066	5
2023.11.17	17:00:00	125955	126120	125710	125775	280576	1108495	5
2023.11.17	18:00:00	125770	125945	125730	125895	50831	177773	5
2023.11.20	09:00:00	126165	126315	125895	126265	436595	1355997	5
2023.11.20	10:00:00	126265	126395	125845	126195	623172	2143380	5
2023.11.20	11:00:00	126195	126600	126010	126515	692891	2504119	5
2023.11.20	12:00:00	126515	126730	126400	126480	405216	1419695	5
2023.11.20	13:00:00	126485	126590	126345	126415	276640	1006242	5
2023.11.20	14:00:00	126415	126760	126395	126710	278127	1065121	5
2023.11.20	15:00:00	126710	127105	126705	127025	365854	1430255	5
2023.11.20	16:00:00	127025	127070	126620	126875	419293	1696605	5
2023.11.20	17:00:00	126880	127070	126820	126950	217499	840577	5
2023.11.20	18:00:00	126950	127115	126865	127100	57716	238899	5
2023.11.21	09:00:00	126790	126990	126410	126510	431698	1329396	5
2023.11.21	10:00:00	126515	126720	126160	126490	799800	2790854	5
2023.11.21	11:00:00	126490	126810	126380	126495	752915	2743732	5
2023.11.21	12:00:00	126500	126570	125980	126325	588282	2171008	5
2023.11.21	13:00:00	126325	126395	126170	126335	290091	1108270	5
2023.11.21	14:00:00	126340	126720	126305	126580	381077	1485648	5
2023.11.21	15:00:00	126585	126605	125870	126075	446518	1768181	5
2023.11.21	16:00:00	126075	126385	125925	126340	323313	1217009	5
2023.11.21	17:00:00	126335	126645	126295	126590	222922	862487	5
2023.11.21	18:00:00	126595	126600	126450	126525	57960	249372	5
2023.11.22	09:00:00	126620	127195	126620	127115	471944	1507574	5
2023.11.22	10:00:00	127115	127590	126785	127545	920711	3197619	5
2023.11.22	11:00:00	127545	127730	127195	127370	726998	2617525	5
2023.11.22	12:00:00	127375	127375	127030	127040	557748	1906628	5
2023.11.22	13:00:00	127040	127400	126940	127385	392015	1378013	5
2023.11.22	14:00:00	127385	127445	126430	126675	585521	2353121	5
2023.11.22	15:00:00	126680	127100	126660	126945	382473	1470764	5
2023.11.22	16:00:00	126945	126960	126245	126540	421229	1690903	5
2023.11.22	17:00:00	126545	126800	126530	126775	228240	922936	5
2023.11.22	18:00:00	126780	126885	126710	126855	44341	207613	5
2023.11.23	09:00:00	126600	126845	126390	126750	408362	1230486	5
2023.11.23	10:00:00	126755	127090	126470	126965	738150	2495598	5
2023.11.23	11:00:00	126965	127480	126910	127430	487175	1734841	5
2023.11.23	12:00:00	127435	127545	127335	127365	229762	807642	5
2023.11.23	13:00:00	127360	127400	127230	127300	201770	705914	5
2023.11.23	14:00:00	127305	127345	127175	127310	187991	654034	5
2023.11.23	15:00:00	127310	127395	127120	127255	189249	726580	5
2023.11.23	16:00:00	127255	127435	127215	127235	157666	596353	5
2023.11.23	17:00:00	127235	127420	127160	127375	136887	547057	5
2023.11.23	18:00:00	127380	127495	127330	127495	28283	148493	5
2023.11.24	09:00:00	127350	127360	126785	126855	461235	1301421	5
2023.11.24	10:00:00	126855	126940	126315	126370	624347	2174719	5
2023.11.24	11:00:00	126375	126770	126270	126725	590025	2153361	5
2023.11.24	12:00:00	126720	126915	126645	126740	431046	1590392	5
2023.11.24	13:00:00	126740	126750	126225	126255	337076	1292243	5
2023.11.24	14:00:00	126255	126430	126085	126325	363626	1449029	5
2023.11.24	15:00:00	126325	126420	126130	126140	233181	894802	5
2023.11.24	16:00:00	126135	126300	126040	126300	200478	803358	5
2023.11.24	17:00:00	126300	126365	126110	126230	144963	593980	5
2023.11.24	18:00:00	126230	126340	126130	126340	42938	190788	5
2023.11.27	09:00:00	126095	126605	126060	126515	453490	1431029	5
2023.11.27	10:00:00	126520	126645	126055	126130	897678	3211963	5
2023.11.27	11:00:00	126125	126245	125895	126165	747789	2702196	5
2023.11.27	12:00:00	126165	126235	125605	125710	507839	1817842	5
2023.11.27	13:00:00	125710	125825	125485	125755	336856	1175554	5
2023.11.27	14:00:00	125750	126080	125670	126015	323852	1159883	5
2023.11.27	15:00:00	126015	126470	125945	126300	376150	1471223	5
2023.11.27	16:00:00	126300	126445	126150	126260	282664	1137702	5
2023.11.27	17:00:00	126265	126405	126125	126385	217477	913193	5
2023.11.27	18:00:00	126385	126480	126355	126480	46200	218964	5
2023.11.28	09:00:00	126115	126435	125995	126095	553710	1687650	5
2023.11.28	10:00:00	126095	126720	126010	126255	826761	3047186	5
2023.11.28	11:00:00	126260	126955	125960	126885	758610	2951432	5
2023.11.28	12:00:00	126880	127360	126835	127330	467943	1903250	5
2023.11.28	13:00:00	127330	127495	127195	127455	303445	1243314	5
2023.11.28	14:00:00	127455	127525	127250	127380	294348	1222033	5
2023.11.28	15:00:00	127380	127395	127055	127095	327678	1353605	5
2023.11.28	16:00:00	127095	127260	126870	127210	302576	1290370	5
2023.11.28	17:00:00	127210	127300	127065	127085	194636	802104	5
2023.11.28	18:00:00	127085	127250	127060	127200	53318	240841	5
2023.11.29	09:00:00	127400	127700	127215	127615	404395	1326934	5
2023.11.29	10:00:00	127620	127885	126975	126995	750352	2804532	5
2023.11.29	11:00:00	127000	127260	126845	127125	610035	2371916	5
2023.11.29	12:00:00	127120	127385	126805	127370	541170	2165601	5
2023.11.29	13:00:00	127365	127375	126685	127100	444448	1878834	5
2023.11.29	14:00:00	127100	127330	126975	127230	313780	1290252	5
2023.11.29	15:00:00	127235	127295	126995	127225	342736	1428559	5
2023.11.29	16:00:00	127220	127325	126830	126955	305397	1291475	5
2023.11.29	17:00:00	126955	126965	126465	126515	265020	1127871	5
2023.11.29	18:00:00	126515	126695	126490	126695	52556	233668	5
2023.11.30	09:00:00	127000	127335	126825	127310	439934	1458541	5
2023.11.30	10:00:00	127315	127755	127140	127525	725157	2629593	5
2023.11.30	11:00:00	127530	127540	126750	126995	700211	2562629	5
2023.11.30	12:00:00	126995	127135	126625	127110	547762	1988587	5
2023.11.30	13:00:00	127115	127245	126995	127115	359859	1317509	5
2023.11.30	14:00:00	127115	127565	127035	127540	325105	1288398	5
2023.11.30	15:00:00	127535	127670	127410	127575	321465	1335005	5
2023.11.30	16:00:00	127575	127915	127515	127710	303770	1295233	5
2023.11.30	17:00:00	127710	127895	127585	127870	228907	975152	5
2023.11.30	18:00:00	127870	127965	127785	127815	65331	306224	5
2023.12.01	09:00:00	128090	128250	127805	127805	451598	1375604	5
2023.12.01	10:00:00	127805	127960	127360	127375	728946	2479118	5
2023.12.01	11:00:00	127380	127475	127070	127375	643261	2305191	5
2023.12.01	12:00:00	127380	127865	127275	127625	624969	2339761	5
2023.12.01	13:00:00	127625	128310	127440	128260	670463	2551506	5
2023.12.01	14:00:00	128255	128560	128215	128525	371194	1385408	5
2023.12.01	15:00:00	128520	128590	128265	128335	299909	1110786	5
2023.12.01	16:00:00	128335	128615	128300	128415	272706	1053672	5
2023.12.01	17:00:00	128415	128650	128330	128500	226720	920956	5
2023.12.01	18:00:00	128505	128645	128465	128465	57729	226824	5
2023.12.04	09:00:00	127935	128010	127655	127760	341289	935262	5
2023.12.04	10:00:00	127755	127965	127595	127880	671798	2238968	5
2023.12.04	11:00:00	127875	128195	127715	127790	671408	2317585	5
2023.12.04	12:00:00	127790	127915	127240	127335	582915	2135764	5
2023.12.04	13:00:00	127330	127575	127285	127565	350100	1310919	5
2023.12.04	14:00:00	127560	127595	127185	127495	399262	1517425	5
2023.12.04	15:00:00	127490	127500	127090	127125	385306	1460086	5
2023.12.04	16:00:00	127125	127290	127010	127250	301331	1203034	5
2023.12.04	17:00:00	127250	127330	127080	127235	235505	922004	5
2023.12.04	18:00:00	127235	127310	127165	127310	54000	197366	5
2023.12.05	09:00:00	127100	127295	126825	127290	543004	1503790	5
2023.12.05	10:00:00	127285	127860	127025	127655	846505	2984130	5
2023.12.05	11:00:00	127655	127705	126825	127245	765816	2847137	5
2023.12.05	12:00:00	127245	127790	126780	127195	768934	2829407	5
2023.12.05	13:00:00	127200	127345	126840	127130	455884	1704293	5
2023.12.05	14:00:00	127130	127465	126920	127365	458034	1766308	5
2023.12.05	15:00:00	127365	127725	127215	127485	396873	1592613	5
2023.12.05	16:00:00	127485	127800	127430	127540	288500	1155351	5
2023.12.05	17:00:00	127545	127635	127150	127165	236297	913957	5
2023.12.05	18:00:00	127165	127235	127070	127100	86053	325170	5
2023.12.06	09:00:00	127495	127825	127480	127725	419094	1225183	5
2023.12.06	10:00:00	127725	127880	127115	127160	857496	2861634	5
2023.12.06	11:00:00	127160	127415	126880	126940	721432	2504183	5
2023.12.06	12:00:00	126945	127025	126655	126675	534797	1828782	5
2023.12.06	13:00:00	126680	126710	126265	126350	470298	1797854	5
2023.12.06	14:00:00	126355	126375	126070	126150	384587	1464944	5
2023.12.06	15:00:00	126150	126375	126080	126325	320288	1254508	5
2023.12.06	16:00:00	126325	126415	126005	126160	395720	1681636	5
2023.12.06	17:00:00	126160	126205	125890	125990	299654	1239144	5
2023.12.06	18:00:00	125990	126010	125735	125735	76746	342183	5
2023.12.07	09:00:00	125935	126335	125830	126325	414955	1221880	5
2023.12.07	10:00:00	126330	126770	126200	126725	664266	2415007	5
2023.12.07	11:00:00	126720	126835	126285	126330	675989	2481326	5
2023.12.07	12:00:00	126325	126545	126030	126130	521966	1904247	5
2023.12.07	13:00:00	126135	126290	125755	126265	453907	1788390	5
2023.12.07	14:00:00	126260	126320	126075	126265	371848	1407809	5
2023.12.07	15:00:00	126270	126435	126035	126075	410056	1619047	5
2023.12.07	16:00:00	126070	126350	126050	126070	333778	1329220	5
2023.12.07	17:00:00	126070	126280	125940	126110	270459	1044081	5
2023.12.07	18:00:00	126115	126305	126100	126295	70899	236819	5
2023.12.08	09:00:00	126415	126555	126105	126465	462971	1415261	5
2023.12.08	10:00:00	126465	126700	125855	126050	977158	3332741	5
2023.12.08	11:00:00	126045	127000	125670	126820	847798	3325946	5
2023.12.08	12:00:00	126825	127400	126820	127075	515047	1901654	5
2023.12.08	13:00:00	127070	127100	126515	126665	452870	1646570	5
2023.12.08	14:00:00	126665	126720	125945	126615	488908	1775549	5
2023.12.08	15:00:00	126610	126825	126555	126640	301334	1041783	5
2023.12.08	16:00:00	126640	127435	126590	127375	417547	1620840	5
2023.12.08	17:00:00	127380	127495	127255	127360	215240	880803	5
2023.12.08	18:00:00	127360	127375	127105	127240	52355	238642	5
2023.12.11	09:00:00	127125	127300	126610	126720	381123	1199700	5
2023.12.11	10:00:00	126720	127140	126565	127125	719102	2698289	5
2023.12.11	11:00:00	127125	127235	126855	126990	666937	2539920	5
2023.12.11	12:00:00	126995	127190	126735	127120	450435	1757162	5
2023.12.11	13:00:00	127120	127220	126885	126940	329551	1289354	5
2023.12.11	14:00:00	126940	126965	126660	126775	360613	1516989	5
2023.12.11	15:00:00	126775	127065	126720	126915	377304	1614575	5
2023.12.11	16:00:00	126915	127070	126780	127055	267004	1180200	5
2023.12.11	17:00:00	127055	127145	126975	127070	199415	798667	5
2023.12.11	18:00:00	127070	127185	127035	127165	36180	156182	5
2023.12.12	09:00:00	127410	127590	127200	127250	390990	1191072	5
2023.12.12	10:00:00	127245	127445	126710	126780	775590	2479502	5
2023.12.12	11:00:00	126780	127005	126170	126285	649395	2440366	5
2023.12.12	12:00:00	126285	126630	126155	126590	371418	1402017	5
2023.12.12	13:00:00	126590	126645	126320	126370	291534	1083664	5
2023.12.12	14:00:00	126365	126385	126010	126090	355347	1403460	5
2023.12.12	15:00:00	126095	126365	126070	126360	274259	1041625	5
2023.12.12	16:00:00	126355	126600	126265	126550	262338	965860	5
2023.12.12	17:00:00	126545	126565	126340	126530	258069	877343	5
2023.12.12	18:00:00	126530	126615	126430	126525	78436	205629	5
2023.12.13	09:00:00	128690	128750	128315	128500	392727	1106688	5
2023.12.13	10:00:00	128495	129230	128390	129185	701475	2410786	5
2023.12.13	11:00:00	129180	129310	128820	128905	522857	1852745	5
2023.12.13	12:00:00	128900	128965	128570	128800	400352	1459190	5
2023.12.13	13:00:00	128795	128820	128505	128690	317332	1176100	5
2023.12.13	14:00:00	128690	128895	128615	128735	294671	1114414	5
2023.12.13	15:00:00	128730	129135	128640	129035	297453	1151589	5
2023.12.13	16:00:00	129040	130930	129035	130840	897332	3515899	5
2023.12.13	17:00:00	130840	131985	130780	131910	600120	2291706	5
2023.12.13	18:00:00	131910	132325	131750	132210	83066	368697	5
2023.12.14	09:00:00	132625	133010	132405	132925	498436	1455455	5
2023.12.14	10:00:00	132920	133350	132705	132980	794501	2764247	5
2023.12.14	11:00:00	132985	133320	132680	132955	635410	2369001	5
2023.12.14	12:00:00	132950	133100	132765	132840	439292	1693661	5
2023.12.14	13:00:00	132845	133010	132650	132935	340667	1241096	5
2023.12.14	14:00:00	132935	133055	132825	133015	291733	1105541	5
2023.12.14	15:00:00	133020	133040	132455	132570	353570	1407571	5
2023.12.14	16:00:00	132575	132810	132545	132655	327366	1312255	5
2023.12.14	17:00:00	132655	133050	132525	132980	271582	1140839	5
2023.12.14	18:00:00	132980	133030	132850	132910	50882	200682	5
2023.12.15	09:00:00	133100	133400	133070	133345	377532	1006666	5
2023.12.15	10:00:00	133350	133760	132905	133260	796745	2841687	5
2023.12.15	11:00:00	133255	133280	132290	132385	618550	2263659	5
2023.12.15	12:00:00	132385	132565	132165	132525	390751	1449522	5
2023.12.15	13:00:00	132525	132615	132320	132430	303338	1074870	5
2023.12.15	14:00:00	132430	132665	132320	132330	273339	986015	5
2023.12.15	15:00:00	132325	132535	132035	132130	352173	1315739	5
2023.12.15	16:00:00	132130	132345	131930	132330	298803	1176756	5
2023.12.15	17:00:00	132330	132540	132160	132215	270299	1025638	5
2023.12.15	18:00:00	132220	132400	132215	132320	62610	213929	5
2023.12.18	09:00:00	132450	132915	132445	132895	294119	903658	5
2023.12.18	10:00:00	132900	133040	132705	132805	575473	2033652	5
2023.12.18	11:00:00	132805	132985	132530	132810	612148	2249865	5
2023.12.18	12:00:00	132810	133135	132735	132890	411068	1502058	5
2023.12.18	13:00:00	132890	133110	132870	133090	232413	827882	5
2023.12.18	14:00:00	133090	133490	133090	133415	310574	1259218	5
2023.12.18	15:00:00	133410	133475	133310	133415	219415	857185	5
2023.12.18	16:00:00	133415	133495	133245	133325	226336	902996	5
2023.12.18	17:00:00	133325	133330	133145	133285	209035	802374	5
2023.12.18	18:00:00	133285	133290	133115	133115	62538	235646	5
2023.12.19	09:00:00	133150	133560	133010	133515	436748	1366510	5
2023.12.19	10:00:00	133515	133975	133505	133885	467831	1751053	5
2023.12.19	11:00:00	133885	134045	133745	133930	411757	1491705	5
2023.12.19	12:00:00	133925	133955	133620	133820	427222	1669297	5
2023.12.19	13:00:00	133825	133825	133340	133415	375726	1494095	5
2023.12.19	14:00:00	133410	133510	133320	133475	262526	1075943	5
2023.12.19	15:00:00	133470	134020	133220	133730	478789	2058438	5
2023.12.19	16:00:00	133735	134015	133660	133780	292604	1227396	5
2023.12.19	17:00:00	133785	133950	133705	133935	193322	784891	5
2023.12.19	18:00:00	133930	134020	133850	133990	66744	259157	5
2023.12.20	09:00:00	133610	133905	133540	133665	404468	1200454	5
2023.12.20	10:00:00	133670	134325	133570	134275	659800	2341699	5
2023.12.20	11:00:00	134280	134295	133405	133550	593879	2177099	5
2023.12.20	12:00:00	133545	133615	133355	133500	365780	1334290	5
2023.12.20	13:00:00	133500	133855	133435	133695	380068	1413709	5
2023.12.20	14:00:00	133695	133940	133505	133900	355754	1321739	5
2023.12.20	15:00:00	133905	133950	133610	133635	277883	1020828	5
2023.12.20	16:00:00	133635	133745	132720	132940	495058	1951871	5
2023.12.20	17:00:00	132945	133070	132530	132705	493745	1952295	5
2023.12.20	18:00:00	132705	132770	132575	132730	92178	333646	5
2023.12.21	09:00:00	133375	133700	133270	133675	309397	936206	5
2023.12.21	10:00:00	133680	133945	133455	133730	720847	2368906	5
2023.12.21	11:00:00	133725	134185	133470	133650	670241	2300928	5
2023.12.21	12:00:00	133655	133860	133415	133810	491533	1719760	5
2023.12.21	13:00:00	133805	134100	133705	133765	390497	1388340	5
2023.12.21	14:00:00	133760	133880	133490	133585	434768	1556052	5
2023.12.21	15:00:00	133580	133725	133320	133675	399603	1425866	5
2023.12.21	16:00:00	133675	133865	133505	133680	301214	1117740	5
2023.12.21	17:00:00	133675	134080	133595	134035	245522	930425	5
2023.12.21	18:00:00	134035	134240	134030	134240	52911	195398	5
2023.12.22	09:00:00	134100	134360	134025	134340	309992	951136	5
2023.12.22	10:00:00	134345	134495	134040	134280	641321	2341487	5
2023.12.22	11:00:00	134275	134360	133940	133980	487882	1819389	5
2023.12.22	12:00:00	133980	134480	133910	134345	421992	1611332	5
2023.12.22	13:00:00	134350	134780	134290	134650	305375	1201067	5
2023.12.22	14:00:00	134650	134920	134615	134895	259373	1065805	5
2023.12.22	15:00:00	134890	134890	134545	134620	200476	863037	5
2023.12.22	16:00:00	134615	134680	134280	134630	317119	1362586	5
2023.12.22	17:00:00	134635	134675	134360	134505	178809	779312	5
2023.12.22	18:00:00	134510	134725	134495	134495	52476	207160	5
2023.12.26	09:00:00	134760	134940	134520	134915	310152	880134	5
2023.12.26	10:00:00	134915	135320	134845	135235	399993	1409818	5
2023.12.26	11:00:00	135240	135265	134950	135245	428706	1415553	5
2023.12.26	12:00:00	135240	135460	135205	135350	256914	866721	5
2023.12.26	13:00:00	135345	135400	135275	135380	118407	429103	5
2023.12.26	14:00:00	135375	135500	135245	135260	199703	727969	5
2023.12.26	15:00:00	135260	135380	135210	135240	203573	758239	5
2023.12.26	16:00:00	135235	135340	135120	135295	220081	864698	5
2023.12.26	17:00:00	135295	135435	135205	135390	193942	751988	5
2023.12.26	18:00:00	135395	135550	135355	135480	47277	202648	5
2023.12.27	09:00:00	135400	135655	135120	135145	350635	1089117	5
2023.12.27	10:00:00	135145	135360	135070	135295	390823	1406483	5
2023.12.27	11:00:00	135295	135550	135185	135430	534922	1977544	5
2023.12.27	12:00:00	135425	135850	135415	135825	334757	1294724	5
2023.12.27	13:00:00	135825	135940	135755	135820	203199	806059	5
2023.12.27	14:00:00	135820	135865	135725	135760	161952	650555	5
2023.12.27	15:00:00	135760	135900	135620	135630	271567	1130705	5
2023.12.27	16:00:00	135630	135795	135530	135680	286014	1166129	5
2023.12.27	17:00:00	135680	135955	135640	135930	177201	732754	5
2023.12.27	18:00:00	135935	136100	135915	136070	49005	204144	5
2023.12.28	09:00:00	135780	135960	135425	135555	355893	1128151	5
2023.12.28	10:00:00	135555	135895	135490	135615	480162	1635741	5
2023.12.28	11:00:00	135620	135830	135455	135695	484914	1686039	5
2023.12.28	12:00:00	135690	136085	135615	136060	322176	1203439	5
2023.12.28	13:00:00	136055	136085	135775	135800	222532	879506	5
2023.12.28	14:00:00	135795	135945	135720	135855	237141	952870	5
2023.12.28	15:00:00	135855	136005	135645	135900	279890	1126904	5
2023.12.28	16:00:00	135895	135960	135725	135795	186652	748125	5
2023.12.28	17:00:00	135790	135910	135625	135795	170452	718763	5
2023.12.28	18:00:00	135795	135935	135725	135850	44906	188070	5
2024.01.02	09:00:00	135250	135265	134755	135090	320526	1034893	5
2024.01.02	10:00:00	135095	135205	134595	134870	596987	2093131	5
2024.01.02	11:00:00	134875	135350	134820	135270	609162	2132242	5
2024.01.02	12:00:00	135270	135295	134440	134510	475556	1695720	5
2024.01.02	13:00:00	134505	134785	134340	134665	319306	1163592	5
2024.01.02	14:00:00	134665	134960	134630	134640	272602	1042569	5
2024.01.02	15:00:00	134640	134660	133815	133845	406363	1693569	5
2024.01.02	16:00:00	133845	133880	133550	133735	282057	1229266	5
2024.01.02	17:00:00	133735	134295	133730	134225	230341	984775	5
2024.01.02	18:00:00	134225	134305	134155	134230	55554	235270	5
2024.01.03	09:00:00	133925	134095	133620	133945	418760	1268504	5
2024.01.03	10:00:00	133945	134340	133690	133775	599409	2187867	5
2024.01.03	11:00:00	133775	134585	133760	134140	653269	2447787	5
2024.01.03	12:00:00	134145	134745	134065	134495	660314	2395907	5
2024.01.03	13:00:00	134495	134695	134365	134530	316362	1148994	5
2024.01.03	14:00:00	134530	134975	134310	134950	354887	1361590	5
2024.01.03	15:00:00	134945	135150	134690	134795	340793	1348405	5
2024.01.03	16:00:00	134795	135110	134555	134635	437993	1648028	5
2024.01.03	17:00:00	134635	134740	134370	134460	271729	1059323	5
2024.01.03	18:00:00	134460	134600	134330	134600	54474	206967	5
2024.01.04	09:00:00	134650	134715	134105	134195	329532	1056305	5
2024.01.04	10:00:00	134195	134215	133465	133575	535393	2026675	5
2024.01.04	11:00:00	133575	133595	132655	133180	725623	2875551	5
2024.01.04	12:00:00	133180	133470	133105	133300	414506	1572132	5
2024.01.04	13:00:00	133300	133450	132920	133030	406673	1522630	5
2024.01.04	14:00:00	133030	133060	132520	132615	408910	1672464	5
2024.01.04	15:00:00	132625	132865	132480	132740	321476	1333388	5
2024.01.04	16:00:00	132740	132800	132390	132760	386534	1670516	5
2024.01.04	17:00:00	132755	132850	132465	132585	302049	1253128	5
2024.01.04	18:00:00	132590	132710	132510	132530	75781	310790	5
2024.01.05	09:00:00	132310	132475	132115	132150	383476	1128174	5
2024.01.05	10:00:00	132150	133030	131840	133020	945988	3287205	5
2024.01.05	11:00:00	133015	133280	132670	133170	652629	2472425	5
2024.01.05	12:00:00	133170	134040	133165	133685	578672	2249733	5
2024.01.05	13:00:00	133685	133700	133305	133320	354236	1318812	5
2024.01.05	14:00:00	133320	133355	132880	132980	413012	1628981	5
2024.01.05	15:00:00	132985	133430	132820	133330	407453	1571017	5
2024.01.05	16:00:00	133330	133485	132900	133010	377927	1458625	5
2024.01.05	17:00:00	133010	133465	132935	133420	264341	994793	5
2024.01.05	18:00:00	133420	133535	133350	133520	48325	196419	5
2024.01.08	09:00:00	132840	132890	132420	132750	451171	1315720	5
2024.01.08	10:00:00	132750	132820	132305	132580	674125	2234389	5
2024.01.08	11:00:00	132580	133035	132520	132950	743420	2594399	5
2024.01.08	12:00:00	132955	133490	132765	133405	532232	1949200	5
2024.01.08	13:00:00	133405	133600	133235	133310	406636	1503677	5
2024.01.08	14:00:00	133305	133500	133250	133410	286045	1123478	5
2024.01.08	15:00:00	133405	133540	133215	133365	318009	1312665	5
2024.01.08	16:00:00	133365	133865	133340	133645	341146	1398315	5
2024.01.08	17:00:00	133650	133860	133510	133755	264754	1065688	5
2024.01.08	18:00:00	133760	134050	133675	134050	67329	260670	5
2024.01.09	09:00:00	133490	133495	132955	133105	447017	1368852	5
2024.01.09	10:00:00	133105	133105	132610	133010	741786	2588400	5
2024.01.09	11:00:00	133010	133075	132360	132580	809629	2962783	5
2024.01.09	12:00:00	132585	132815	132410	132775	463429	1695580	5
2024.01.09	13:00:00	132775	132890	132695	132745	324249	1225220	5
2024.01.09	14:00:00	132750	132930	132585	132780	392072	1562824	5
2024.01.09	15:00:00	132785	133025	132615	132830	405748	1628353	5
2024.01.09	16:00:00	132835	132985	132605	132740	322777	1318419	5
2024.01.09	17:00:00	132745	132855	132630	132685	248758	985646	5
2024.01.09	18:00:00	132685	132785	132560	132560	58895	240288	5
2024.01.10	09:00:00	132700	133060	132485	132630	475923	1520562	5
2024.01.10	10:00:00	132630	132835	132290	132410	794113	2846336	5
2024.01.10	11:00:00	132415	132465	131880	132010	665657	2464653	5
2024.01.10	12:00:00	132005	132040	131595	131845	445946	1633848	5
2024.01.10	13:00:00	131840	131885	131665	131810	299160	1130990	5
2024.01.10	14:00:00	131805	132065	131660	131975	282428	1104402	5
2024.01.10	15:00:00	131970	131990	131640	131845	348814	1346727	5
2024.01.10	16:00:00	131845	132145	131835	132140	302131	1206207	5
2024.01.10	17:00:00	132140	132225	131820	131920	294901	1217413	5
2024.01.10	18:00:00	131920	132040	131885	131910	44138	189474	5
2024.01.11	09:00:00	132050	132050	131570	131840	490564	1443620	5
2024.01.11	10:00:00	131840	132245	131355	131630	1078351	3387239	5
2024.01.11	11:00:00	131635	132430	131555	131785	946823	3266648	5
2024.01.11	12:00:00	131785	131840	130950	131410	695148	2386125	5
2024.01.11	13:00:00	131410	131555	131165	131375	428402	1414313	5
2024.01.11	14:00:00	131375	131605	131250	131470	366272	1211758	5
2024.01.11	15:00:00	131475	131910	131375	131885	417003	1459952	5
2024.01.11	16:00:00	131885	132040	131790	131940	312324	1117470	5
2024.01.11	17:00:00	131935	131965	131750	131865	228118	850686	5
2024.01.11	18:00:00	131870	131900	131675	131730	41221	190355	5
2024.01.12	09:00:00	131580	131840	131380	131835	409337	1338564	5
2024.01.12	10:00:00	131830	132455	131460	132395	910255	3276831	5
2024.01.12	11:00:00	132395	133040	132250	132520	624685	2326829	5
2024.01.12	12:00:00	132515	132685	131790	132005	526857	1846009	5
2024.01.12	13:00:00	132005	132245	131885	132110	334335	1168686	5
2024.01.12	14:00:00	132115	132470	132030	132390	339868	1218524	5
2024.01.12	15:00:00	132395	132405	132150	132255	220974	828266	5
2024.01.12	16:00:00	132250	132395	132105	132145	236977	895017	5
2024.01.12	17:00:00	132140	132225	131950	132105	224872	856323	5
2024.01.12	18:00:00	132105	132245	132005	132005	48952	194638	5
2024.01.15	09:00:00	131695	131985	131455	131500	363110	1198527	5
2024.01.15	10:00:00	131500	131805	131260	131685	558365	2052297	5
2024.01.15	11:00:00	131680	131895	131530	131745	398027	1526652	5
2024.01.15	12:00:00	131745	131850	131455	131830	306283	1169418	5
2024.01.15	13:00:00	131830	132230	131790	132170	308224	1258639	5
2024.01.15	14:00:00	132175	132440	132085	132400	284162	1195080	5
2024.01.15	15:00:00	132400	132460	132175	132290	209777	819973	5
2024.01.15	16:00:00	132295	132645	132200	132495	217219	895381	5
2024.01.15	17:00:00	132495	132700	132435	132675	172854	686547	5
2024.01.15	18:00:00	132680	132830	132605	132665	55612	226138	5
2024.01.16	09:00:00	131945	132010	131380	131710	497834	1590934	5
2024.01.16	10:00:00	131710	131855	131100	131275	835488	3101256	5
2024.01.16	11:00:00	131270	131565	130710	130780	735417	2786678	5
2024.01.16	12:00:00	130780	130980	130510	130815	511552	2036065	5
2024.01.16	13:00:00	130815	130845	130305	130560	576413	2135285	5
2024.01.16	14:00:00	130560	130590	130055	130230	455521	1748254	5
2024.01.16	15:00:00	130230	130470	130025	130245	343753	1358619	5
2024.01.16	16:00:00	130245	130585	130040	130545	313784	1252266	5
2024.01.16	17:00:00	130540	130590	130180	130255	275738	1115092	5
2024.01.16	18:00:00	130250	130290	130015	130070	63017	246311	5
2024.01.17	09:00:00	129600	129960	128980	129660	663440	2137486	5
2024.01.17	10:00:00	129665	130165	129475	129660	780991	2752122	5
2024.01.17	11:00:00	129660	129945	129525	129800	574992	2156640	5
2024.01.17	12:00:00	129800	130010	129425	129475	504626	1866723	5
2024.01.17	13:00:00	129470	129700	129350	129480	321536	1194353	5
2024.01.17	14:00:00	129480	129580	129175	129480	336590	1327823	5
2024.01.17	15:00:00	129485	129545	129140	129385	296823	1171082	5
2024.01.17	16:00:00	129385	129730	129250	129500	297995	1210885	5
2024.01.17	17:00:00	129495	129605	129365	129520	201323	808780	5
2024.01.17	18:00:00	129525	129525	129150	129170	62033	258487	5
2024.01.18	09:00:00	129730	130200	129695	130115	544545	1764507	5
2024.01.18	10:00:00	130115	130125	129025	129100	706433	2757781	5
2024.01.18	11:00:00	129100	129355	128575	128870	671269	2719167	5
2024.01.18	12:00:00	128865	128870	128355	128425	489975	1993817	5
2024.01.18	13:00:00	128425	128635	128235	128360	354508	1417242	5
2024.01.18	14:00:00	128365	128395	128130	128230	336361	1319011	5
2024.01.18	15:00:00	128225	128485	128155	128345	312071	1237852	5
2024.01.18	16:00:00	128345	128590	128325	128505	270281	1193104	5
2024.01.18	17:00:00	128510	128580	128140	128155	221365	948109	5
2024.01.18	18:00:00	128150	128220	128040	128050	68967	287863	5
2024.01.19	09:00:00	128690	128890	128390	128540	466306	1495374	5
2024.01.19	10:00:00	128535	128585	128080	128295	737717	2776350	5
2024.01.19	11:00:00	128295	128305	127435	127680	635839	2519276	5
2024.01.19	12:00:00	127685	127800	127355	127615	460176	1780219	5
2024.01.19	13:00:00	127615	127670	127295	127515	318634	1309824	5
2024.01.19	14:00:00	127510	127925	127410	127820	328189	1404454	5
2024.01.19	15:00:00	127820	128255	127765	128030	299902	1324217	5
2024.01.19	16:00:00	128035	128565	128015	128545	315763	1408296	5
2024.01.19	17:00:00	128550	128600	128355	128485	200565	887830	5
2024.01.19	18:00:00	128485	128570	128230	128250	55307	244083	5
2024.01.22	09:00:00	128450	128470	128110	128430	419064	1377963	5
2024.01.22	10:00:00	128430	128615	127875	128420	745243	2834678	5
2024.01.22	11:00:00	128415	128540	127680	128510	703267	2733512	5
2024.01.22	12:00:00	128510	128645	127855	127985	526139	2038067	5
2024.01.22	13:00:00	127985	127995	127330	127595	433190	1731449	5
2024.01.22	14:00:00	127595	127775	127445	127525	305889	1276495	5
2024.01.22	15:00:00	127525	127530	126835	127115	423727	1783385	5
2024.01.22	16:00:00	127115	127170	126580	127135	311560	1279720	5
2024.01.22	17:00:00	127130	127445	127130	127400	198033	853836	5
2024.01.22	18:00:00	127400	127405	127070	127250	55262	240186	5
2024.01.23	09:00:00	127600	128180	127480	128160	501521	1741614	5
2024.01.23	10:00:00	128160	128300	127660	128275	725231	2764549	5
2024.01.23	11:00:00	128275	128370	127775	128055	776553	2987146	5
2024.01.23	12:00:00	128050	128570	127750	127975	563000	2149721	5
2024.01.23	13:00:00	127975	128500	127935	128480	381146	1468813	5
2024.01.23	14:00:00	128480	128830	128465	128790	353167	1439506	5
2024.01.23	15:00:00	128785	128960	128670	128845	295423	1241130	5
2024.01.23	16:00:00	128845	128935	128550	128890	300909	1288530	5
2024.01.23	17:00:00	128895	129045	128760	129035	223667	918182	5
2024.01.23	18:00:00	129030	129155	128945	129030	55443	238961	5
2024.01.24	09:00:00	129760	130215	129755	130040	460359	1640735	5
2024.01.24	10:00:00	130045	130045	129585	129975	608741	2347606	5
2024.01.24	11:00:00	129975	130115	129225	129235	652584	2583052	5
2024.01.24	12:00:00	129230	129315	128935	129105	529539	2135671	5
2024.01.24	13:00:00	129105	129230	128865	129170	381172	1511558	5
2024.01.24	14:00:00	129170	129485	128920	129445	376889	1572742	5
2024.01.24	15:00:00	129450	129530	128600	128710	467994	2002368	5
2024.01.24	16:00:00	128710	128730	128310	128515	404830	1758639	5
2024.01.24	17:00:00	128510	128595	128300	128395	277474	1186079	5
2024.01.24	18:00:00	128395	128450	128250	128315	58666	241583	5
2024.01.25	09:00:00	128740	128965	128520	128795	392683	1352590	5
2024.01.25	10:00:00	128790	129230	128440	128850	738827	2796159	5
2024.01.25	11:00:00	128845	129265	128620	129255	608476	2282183	5
2024.01.25	12:00:00	129260	129315	128570	128770	534411	2040660	5
2024.01.25	13:00:00	128775	128925	128525	128875	351452	1335404	5
2024.01.25	14:00:00	128875	129055	128640	128895	355724	1413644	5
2024.01.25	15:00:00	128895	129210	128755	128875	351154	1387788	5
2024.01.25	16:00:00	128880	129220	128735	128850	313194	1295823	5
2024.01.25	17:00:00	128855	128880	128400	128755	276908	1160523	5
2024.01.25	18:00:00	128755	128830	128580	128670	56738	247022	5
2024.01.26	09:00:00	129125	129725	128785	128795	394811	1211540	5
2024.01.26	10:00:00	128795	129075	128370	128780	781927	2752366	5
2024.01.26	11:00:00	128780	129520	128410	129110	785700	2940420	5
2024.01.26	12:00:00	129105	129535	128735	129060	490672	1837924	5
2024.01.26	13:00:00	129055	129660	128920	129630	326713	1277817	5
2024.01.26	14:00:00	129635	129755	129295	129375	352039	1389560	5
2024.01.26	15:00:00	129370	129705	129325	129620	313177	1201971	5
2024.01.26	16:00:00	129620	129805	129395	129760	288471	1117559	5
2024.01.26	17:00:00	129765	129775	129365	129450	235763	892326	5
2024.01.26	18:00:00	129445	129530	129325	129325	56240	215741	5
2024.01.29	09:00:00	129630	129655	129200	129240	387117	1275837	5
2024.01.29	10:00:00	129235	129580	128955	129395	650216	2380447	5
2024.01.29	11:00:00	129390	129470	128565	128810	719803	2625360	5
2024.01.29	12:00:00	128810	128990	128500	128690	494230	1805612	5
2024.01.29	13:00:00	128685	128900	128560	128705	363579	1333858	5
2024.01.29	14:00:00	128705	128730	128450	128600	340962	1312838	5
2024.01.29	15:00:00	128600	128645	128320	128610	373712	1440303	5
2024.01.29	16:00:00	128605	128760	128550	128635	318054	1344417	5
2024.01.29	17:00:00	128640	129120	128635	129075	364937	1493427	5
2024.01.29	18:00:00	129080	129100	128885	129100	59605	240332	5
2024.01.30	09:00:00	128820	129260	128710	128750	546983	1885580	5
2024.01.30	10:00:00	128750	128835	128105	128210	740769	2845871	5
2024.01.30	11:00:00	128205	128300	127870	128150	584958	2300482	5
2024.01.30	12:00:00	128155	128190	127495	127785	638292	2541208	5
2024.01.30	13:00:00	127785	128100	127655	128090	400291	1598720	5
2024.01.30	14:00:00	128095	128150	127735	127840	416653	1726079	5
2024.01.30	15:00:00	127845	128005	127725	127895	338690	1440903	5
2024.01.30	16:00:00	127895	128105	127820	127940	311051	1283287	5
2024.01.30	17:00:00	127940	128055	127785	127920	228068	918379	5
2024.01.30	18:00:00	127920	127925	127660	127660	72793	304337	5
2024.01.31	09:00:00	127595	128085	127530	127955	475211	1683100	5
2024.01.31	10:00:00	127955	128825	127830	128770	803875	3064886	5
2024.01.31	11:00:00	128770	129340	128655	129030	652046	2618553	5
2024.01.31	12:00:00	129030	129310	129000	129225	421101	1629562	5
2024.01.31	13:00:00	129220	129285	128865	129055	328371	1301052	5
2024.01.31	14:00:00	129060	129195	128970	129125	265113	1084222	5
2024.01.31	15:00:00	129125	129480	128965	129415	316788	1329879	5
2024.01.31	16:00:00	129415	130060	129020	129540	884411	3448565	5
2024.01.31	17:00:00	129535	129560	128215	128350	689714	2917096	5
2024.01.31	18:00:00	128345	128365	127900	127990	79647	338194	5
2024.02.01	09:00:00	128485	128510	128050	128415	436275	1461449	5
2024.02.01	10:00:00	128415	128565	128150	128300	658082	2524075	5
2024.02.01	11:00:00	128300	128725	128090	128340	732179	2815616	5
2024.02.01	12:00:00	128345	128425	127845	127910	624128	2427313	5
2024.02.01	13:00:00	127905	128300	127545	128245	426434	1715116	5
2024.02.01	14:00:00	128240	128715	128010	128220	504058	1977865	5
2024.02.01	15:00:00	128220	128545	127940	128485	402438	1618089	5
2024.02.01	16:00:00	128485	128645	128190	128485	329202	1282112	5
2024.02.01	17:00:00	128480	128715	128345	128695	225190	861741	5
2024.02.01	18:00:00	128700	128950	128660	128790	61363	263845	5
2024.02.02	09:00:00	129035	129075	128605	128800	370083	1229530	5
2024.02.02	10:00:00	128800	129280	127440	127545	980808	3703473	5
2024.02.02	11:00:00	127545	127765	127155	127315	723085	2882685	5
2024.02.02	12:00:00	127310	127385	126910	127100	482559	1940918	5
2024.02.02	13:00:00	127105	127135	126910	127025	253730	963478	5
2024.02.02	14:00:00	127030	127240	126860	127110	348594	1368713	5
2024.02.02	15:00:00	127110	127460	127075	127440	336614	1379873	5
2024.02.02	16:00:00	127445	127795	127350	127735	352439	1486269	5
2024.02.02	17:00:00	127735	127745	127400	127485	292852	1234372	5
2024.02.02	18:00:00	127485	127595	127380	127580	56106	222803	5
2024.02.05	09:00:00	127320	127540	127185	127355	456794	1460553	5
2024.02.05	10:00:00	127355	128015	127320	127995	622299	2346124	5
2024.02.05	11:00:00	127990	128075	127435	127520	614408	2367452	5
2024.02.05	12:00:00	127530	127535	126620	126750	614163	2465788	5
2024.02.05	13:00:00	126750	127010	126610	126955	283781	1147147	5
2024.02.05	14:00:00	126950	127470	126950	127410	366739	1578016	5
2024.02.05	15:00:00	127410	127695	127275	127640	392612	1696232	5
2024.02.05	16:00:00	127640	128070	127585	127960	337807	1465862	5
2024.02.05	17:00:00	127960	128045	127735	127840	292972	1175347	5
2024.02.05	18:00:00	127840	127965	127760	127800	62014	255812	5
2024.02.06	09:00:00	127995	128340	127870	128095	456210	1487869	5
2024.02.06	10:00:00	128095	129735	128035	129685	904649	3441922	5
2024.02.06	11:00:00	129685	129970	129305	129910	628290	2497591	5
2024.02.06	12:00:00	129910	130390	129730	130150	490031	1935039	5
2024.02.06	13:00:00	130155	130335	130075	130110	290479	1124713	5
2024.02.06	14:00:00	130110	130240	130055	130130	274306	1148066	5
2024.02.06	15:00:00	130130	130520	130085	130455	354752	1604209	5
2024.02.06	16:00:00	130455	130505	130250	130395	299470	1307783	5
2024.02.06	17:00:00	130390	130830	130335	130790	287200	1201864	5
2024.02.06	18:00:00	130800	131110	130715	131110	117173	471610	5
2024.02.07	09:00:00	130650	130650	130140	130235	523721	1796882	5
2024.02.07	10:00:00	130235	130450	129910	129930	680956	2609943	5
2024.02.07	11:00:00	129925	130205	129645	130035	746033	2900757	5
2024.02.07	12:00:00	130040	130190	129900	130015	440669	1678010	5
2024.02.07	13:00:00	130015	130090	129705	129775	358085	1358135	5
2024.02.07	14:00:00	129775	129875	129555	129790	404334	1667279	5
2024.02.07	15:00:00	129795	129995	129630	129875	434437	1802961	5
2024.02.07	16:00:00	129870	130185	129805	130155	286446	1164442	5
2024.02.07	17:00:00	130160	130300	130015	130190	254542	999623	5
2024.02.07	18:00:00	130190	130200	129945	130045	58048	236911	5
2024.02.08	09:00:00	129835	129880	129475	129820	521292	1746909	5
2024.02.08	10:00:00	129820	130195	129555	129850	720231	2653494	5
2024.02.08	11:00:00	129845	129880	128800	128865	672306	2553312	5
2024.02.08	12:00:00	128865	128885	128635	128775	388076	1517197	5
2024.02.08	13:00:00	128775	128810	128150	128225	429618	1778666	5
2024.02.08	14:00:00	128220	128310	127955	128055	378728	1597577	5
2024.02.08	15:00:00	128055	128475	128015	128450	427160	1749940	5
2024.02.08	16:00:00	128450	128540	128255	128360	342175	1386826	5
2024.02.08	17:00:00	128365	128495	128110	128165	257139	1018864	5
2024.02.08	18:00:00	128170	128400	128100	128280	80633	307748	5
2024.02.09	09:00:00	128600	128635	128175	128210	430983	1495935	5
2024.02.09	10:00:00	128210	129020	128070	128805	915852	3452861	5
2024.02.09	11:00:00	128800	128830	127770	128405	774378	3036914	5
2024.02.09	12:00:00	128405	128410	127810	127840	474736	1850964	5
2024.02.09	13:00:00	127840	128010	127575	127810	375239	1469897	5
2024.02.09	14:00:00	127815	128145	127765	128120	318151	1278335	5
2024.02.09	15:00:00	128115	128390	128110	128305	330358	1334496	5
2024.02.09	16:00:00	128305	128455	128095	128190	277933	1109143	5
2024.02.09	17:00:00	128190	128225	127915	128030	229808	855022	5
2024.02.09	18:00:00	128035	128270	127915	128060	80700	280522	5
2024.02.14	13:00:00	129420	129770	129150	129400	616550	2122251	5
2024.02.14	14:00:00	129395	129410	129005	129115	474631	1785675	5
2024.02.14	15:00:00	129110	129215	128765	128930	473120	1872396	5
2024.02.14	16:00:00	128930	129170	128810	128915	322087	1274698	5
2024.02.14	17:00:00	128915	129175	128900	129090	247790	969269	5
2024.02.14	18:00:00	129090	129225	129050	129200	49158	197567	5
2024.02.15	09:00:00	129465	129745	129365	129670	419816	1404568	5
2024.02.15	10:00:00	129665	129705	129125	129280	784786	2920360	5
2024.02.15	11:00:00	129280	129615	128985	129355	725717	2654807	5
2024.02.15	12:00:00	129355	129625	129160	129505	500079	1892077	5
2024.02.15	13:00:00	129500	129520	129215	129350	390785	1447285	5
2024.02.15	14:00:00	129355	129765	129335	129550	352472	1348563	5
2024.02.15	15:00:00	129545	129870	129525	129740	359524	1372167	5
2024.02.15	16:00:00	129740	129925	129615	129820	331848	1259120	5
2024.02.15	17:00:00	129820	129910	129740	129860	208259	819807	5
2024.02.15	18:00:00	129860	129900	129735	129900	42793	199603	5
2024.02.16	09:00:00	130180	130485	130085	130400	428730	1498404	5
2024.02.16	10:00:00	130400	130860	129690	130050	972245	3873050	5
2024.02.16	11:00:00	130045	130380	129975	130085	676909	2603710	5
2024.02.16	12:00:00	130085	130850	130050	130610	484150	1851066	5
2024.02.16	13:00:00	130610	130675	130335	130380	292724	1100775	5
2024.02.16	14:00:00	130385	130755	130300	130750	298555	1140046	5
2024.02.16	15:00:00	130750	131045	130610	130965	370579	1483633	5
2024.02.16	16:00:00	130965	131165	130870	130970	301047	1197223	5
2024.02.16	17:00:00	130970	131040	130770	130805	252533	981040	5
2024.02.16	18:00:00	130810	130865	130750	130830	47907	219951	5
2024.02.19	09:00:00	130465	130575	130300	130320	288522	959076	5
2024.02.19	10:00:00	130320	130445	130085	130255	494302	1874682	5
2024.02.19	11:00:00	130255	130540	130120	130445	560148	2137843	5
2024.02.19	12:00:00	130445	130595	130355	130485	367580	1459358	5
2024.02.19	13:00:00	130490	130725	130465	130715	255280	1015438	5
2024.02.19	14:00:00	130710	130775	130530	130745	208132	822250	5
2024.02.19	15:00:00	130740	130800	130620	130670	170393	666846	5
2024.02.19	16:00:00	130665	130775	130640	130740	148760	551676	5
2024.02.19	17:00:00	130740	130970	130685	130915	151299	577693	5
2024.02.19	18:00:00	130920	131065	130920	131035	44492	229117	5
2024.02.20	09:00:00	130395	130440	130085	130220	417781	1519820	5
2024.02.20	10:00:00	130220	131285	130140	131125	906319	3463266	5
2024.02.20	11:00:00	131125	131730	131080	131630	626573	2598010	5
2024.02.20	12:00:00	131630	131845	131580	131790	388458	1604549	5
2024.02.20	13:00:00	131790	131805	131490	131505	284417	1146678	5
2024.02.20	14:00:00	131510	131775	131440	131765	387322	1573361	5
2024.02.20	15:00:00	131770	131810	131540	131650	334599	1339420	5
2024.02.20	16:00:00	131650	131735	131490	131685	285820	1240150	5
2024.02.20	17:00:00	131685	131885	131585	131870	266836	1108430	5
2024.02.20	18:00:00	131875	132070	131845	132070	72973	336897	5
2024.02.21	09:00:00	131520	131675	131460	131545	368917	1186673	5
2024.02.21	10:00:00	131545	131895	131475	131585	807652	2969623	5
2024.02.21	11:00:00	131590	131985	131535	131715	672770	2591045	5
2024.02.21	12:00:00	131715	131820	131455	131615	407456	1513227	5
2024.02.21	13:00:00	131620	131855	131495	131790	370782	1408400	5
2024.02.21	14:00:00	131790	131865	131300	131330	441291	1711501	5
2024.02.21	15:00:00	131325	131700	131215	131625	416007	1580667	5
2024.02.21	16:00:00	131630	131920	131460	131825	440815	1728275	5
2024.02.21	17:00:00	131825	132010	131610	131990	264870	997562	5
2024.02.21	18:00:00	131995	132245	131885	132245	56701	269015	5
2024.02.22	09:00:00	132950	133000	132515	132530	395291	1332110	5
2024.02.22	10:00:00	132535	132730	132315	132430	630938	2210851	5
2024.02.22	11:00:00	132430	132540	132070	132190	667278	2611920	5
2024.02.22	12:00:00	132190	132245	131870	132015	495631	1934243	5
2024.02.22	13:00:00	132015	132180	131965	132115	306564	1157234	5
2024.02.22	14:00:00	132115	132240	131910	131920	307971	1181974	5
2024.02.22	15:00:00	131920	132355	131820	132340	377784	1529968	5
2024.02.22	16:00:00	132335	132605	132290	132325	350240	1505988	5
2024.02.22	17:00:00	132330	132375	131910	131965	345814	1489513	5
2024.02.22	18:00:00	131965	132105	131950	132055	59103	247920	5
2024.02.23	09:00:00	132260	132445	132085	132390	339462	1179907	5
2024.02.23	10:00:00	132390	132480	132035	132080	692526	2617947	5
2024.02.23	11:00:00	132085	132085	131455	131575	565722	2411039	5
2024.02.23	12:00:00	131570	131655	131315	131365	346915	1398768	5
2024.02.23	13:00:00	131360	131370	130860	131210	445376	1916877	5
2024.02.23	14:00:00	131205	131475	131200	131450	325781	1356800	5
2024.02.23	15:00:00	131445	131520	131140	131190	319112	1344723	5
2024.02.23	16:00:00	131190	131230	130960	131160	306628	1301210	5
2024.02.23	17:00:00	131160	131275	131065	131185	222142	939910	5
2024.02.23	18:00:00	131180	131515	131145	131515	55108	225728	5
2024.02.26	09:00:00	131235	131320	130880	130900	336006	1070859	5
2024.02.26	10:00:00	130900	131785	130860	131735	646913	2458053	5
2024.02.26	11:00:00	131730	131755	131240	131545	531579	1996600	5
2024.02.26	12:00:00	131545	131720	131015	131080	431735	1637335	5
2024.02.26	13:00:00	131075	131140	130920	131060	282167	1195048	5
2024.02.26	14:00:00	131065	131625	131010	131520	356157	1491371	5
2024.02.26	15:00:00	131520	131555	131355	131540	272031	1141866	5
2024.02.26	16:00:00	131540	131585	131325	131455	243408	1011353	5
2024.02.26	17:00:00	131455	131585	131360	131425	214559	914265	5
2024.02.26	18:00:00	131415	131530	131285	131285	54084	219574	5
2024.02.27	09:00:00	131850	132475	131830	132390	398911	1368386	5
2024.02.27	10:00:00	132385	132940	132360	132735	612713	2373525	5
2024.02.27	11:00:00	132735	133030	132630	132975	560008	2116460	5
2024.02.27	12:00:00	132970	133155	132965	133065	325195	1258044	5
2024.02.27	13:00:00	133065	133265	133000	133175	282778	1136562	5
2024.02.27	14:00:00	133180	133230	133060	133120	232069	913376	5
2024.02.27	15:00:00	133115	133480	133075	133405	355579	1541216	5
2024.02.27	16:00:00	133400	133495	133295	133380	236796	967959	5
2024.02.27	17:00:00	133385	133585	133285	133535	246843	1052419	5
2024.02.27	18:00:00	133540	133600	133375	133375	74595	306073	5
2024.02.28	09:00:00	132900	132920	132640	132790	381337	1200698	5
2024.02.28	10:00:00	132790	133080	132665	132815	679665	2499617	5
2024.02.28	11:00:00	132815	132850	132380	132510	647111	2494420	5
2024.02.28	12:00:00	132510	132795	132435	132700	405205	1538785	5
2024.02.28	13:00:00	132700	132780	132300	132440	427077	1637956	5
2024.02.28	14:00:00	132435	132485	131880	131985	399579	1588505	5
2024.02.28	15:00:00	131980	132120	131625	131645	457348	1852154	5
2024.02.28	16:00:00	131640	131855	131420	131730	413519	1739454	5
2024.02.28	17:00:00	131730	131945	131710	131835	244505	985107	5
2024.02.28	18:00:00	131835	131885	131670	131825	73716	266338	5
2024.02.29	09:00:00	132200	132270	131285	131295	430854	1499290	5
2024.02.29	10:00:00	131290	131520	130910	131020	785638	3077488	5
2024.02.29	11:00:00	131025	131120	130545	130830	677053	2717482	5
2024.02.29	12:00:00	130830	131070	130465	130675	530965	2041346	5
2024.02.29	13:00:00	130675	130795	130535	130730	348365	1369417	5
2024.02.29	14:00:00	130730	130785	130510	130730	292098	1132405	5
2024.02.29	15:00:00	130730	130770	130550	130630	237196	952499	5
2024.02.29	16:00:00	130635	130725	130270	130450	341747	1424915	5
2024.02.29	17:00:00	130450	130770	130340	130600	276021	1155853	5
2024.02.29	18:00:00	130595	130895	130550	130800	79109	311776	5
2024.03.01	09:00:00	130970	131315	130620	131020	425872	1376518	5
2024.03.01	10:00:00	131015	131035	130570	130780	635381	2412878	5
2024.03.01	11:00:00	130780	131020	130230	130275	569681	2213675	5
2024.03.01	12:00:00	130275	131295	130270	131255	592860	2366325	5
2024.03.01	13:00:00	131255	131290	130970	131085	278558	1088345	5
2024.03.01	14:00:00	131085	131155	130670	130730	304342	1214295	5
2024.03.01	15:00:00	130735	130930	130655	130655	342107	1295954	5
2024.03.01	16:00:00	130660	130900	130565	130875	292838	1096011	5
2024.03.01	17:00:00	130870	130895	130720	130815	198212	742760	5
2024.03.01	18:00:00	130815	130860	130500	130500	58908	233404	5
2024.03.04	09:00:00	130680	130875	130570	130610	361998	1113435	5
2024.03.04	10:00:00	130615	130825	130410	130595	658965	2390450	5
2024.03.04	11:00:00	130590	130630	129865	129990	577041	2153050	5
2024.03.04	12:00:00	129985	129995	129740	129865	311500	1181080	5
2024.03.04	13:00:00	129865	130285	129845	130170	302037	1261618	5
2024.03.04	14:00:00	130175	130220	129930	129985	283975	1152120	5
2024.03.04	15:00:00	129985	130055	129865	129990	232777	932793	5
2024.03.04	16:00:00	129990	130045	129845	129945	223416	897928	5
2024.03.04	17:00:00	129945	130030	129820	129890	204618	855331	5
2024.03.04	18:00:00	129890	129930	129815	129815	57633	209050	5
2024.03.05	09:00:00	129700	130080	129625	129895	434837	1407533	5
2024.03.05	10:00:00	129900	130070	129670	129845	697703	2579489	5
2024.03.05	11:00:00	129845	130160	129755	129845	597790	2341812	5
2024.03.05	12:00:00	129850	130520	129845	130230	637576	2517470	5
2024.03.05	13:00:00	130230	130250	129555	129880	396724	1567871	5
2024.03.05	14:00:00	129880	130065	129670	129700	303975	1204094	5
2024.03.05	15:00:00	129700	129875	129660	129715	288791	1141943	5
2024.03.05	16:00:00	129715	129795	129270	129415	387662	1602173	5
2024.03.05	17:00:00	129410	129660	129370	129645	251061	1053275	5
2024.03.05	18:00:00	129645	129750	129530	129750	62374	232787	5
2024.03.06	09:00:00	130175	130485	130115	130235	388051	1242726	5
2024.03.06	10:00:00	130235	130640	129880	130495	795296	2867294	5
2024.03.06	11:00:00	130495	130560	130240	130300	576751	2159019	5
2024.03.06	12:00:00	130300	130535	129965	130115	545879	2057151	5
2024.03.06	13:00:00	130120	130745	129945	130680	415619	1661193	5
2024.03.06	14:00:00	130680	130775	130550	130605	329189	1332437	5
2024.03.06	15:00:00	130605	130660	130365	130405	382824	1615431	5
2024.03.06	16:00:00	130405	130425	130120	130325	457411	2051304	5
2024.03.06	17:00:00	130325	130465	130205	130310	291624	1212243	5
2024.03.06	18:00:00	130315	130405	130220	130265	62545	225588	5
2024.03.07	09:00:00	130580	130615	130160	130240	373533	1207012	5
2024.03.07	10:00:00	130245	130540	130110	130145	676543	2431266	5
2024.03.07	11:00:00	130140	130185	129475	129555	672330	2664766	5
2024.03.07	12:00:00	129555	129755	129425	129725	389855	1531912	5
2024.03.07	13:00:00	129730	129800	129505	129610	347213	1437264	5
2024.03.07	14:00:00	129605	129660	129370	129605	361100	1603303	5
2024.03.07	15:00:00	129600	129815	129530	129735	279187	1188838	5
2024.03.07	16:00:00	129740	129740	129570	129620	275011	1190388	5
2024.03.07	17:00:00	129620	129785	129550	129750	178204	781903	5
2024.03.07	18:00:00	129750	129795	129610	129685	56201	223297	5
2024.03.08	09:00:00	127500	127550	127220	127345	400522	1344816	5
2024.03.08	10:00:00	127350	128085	127100	127760	907741	3149252	5
2024.03.08	11:00:00	127765	128050	127635	127880	722028	2746504	5
2024.03.08	12:00:00	127880	128765	127870	128640	586137	2383614	5
2024.03.08	13:00:00	128635	128660	128245	128350	474022	1885367	5
2024.03.08	14:00:00	128350	128880	128325	128480	518781	2077385	5
2024.03.08	15:00:00	128480	128800	128375	128480	440439	1879893	5
2024.03.08	16:00:00	128485	128815	128460	128510	346303	1454314	5
2024.03.08	17:00:00	128510	128535	128075	128405	368927	1500001	5
2024.03.08	18:00:00	128405	128480	128230	128305	81974	290048	5
2024.03.11	09:00:00	127695	127835	127235	127320	454487	1525467	5
2024.03.11	10:00:00	127325	127725	127245	127525	870234	3256440	5
2024.03.11	11:00:00	127525	128240	127460	128130	790158	3052368	5
2024.03.11	12:00:00	128130	128135	127585	127760	393017	1513721	5
2024.03.11	13:00:00	127760	127825	127620	127680	257090	1016666	5
2024.03.11	14:00:00	127680	127970	127610	127680	375041	1522114	5
2024.03.11	15:00:00	127680	127770	127535	127750	314672	1323179	5
2024.03.11	16:00:00	127750	128070	127305	127520	531998	2204237	5
2024.03.11	17:00:00	127525	127600	127340	127575	171425	675114	5
2024.03.11	18:00:00	127575	127595	127470	127560	48213	108584	5
2024.03.12	09:00:00	127870	128845	127855	128560	791708	2610917	5
2024.03.12	10:00:00	128560	128780	128040	128100	935387	3456650	5
2024.03.12	11:00:00	128100	128425	127805	128240	656777	2398941	5
2024.03.12	12:00:00	128235	128720	128175	128710	449496	1651737	5
2024.03.12	13:00:00	128705	128960	128590	128835	387919	1407347	5
2024.03.12	14:00:00	128840	128900	128675	128845	378880	1378191	5
2024.03.12	15:00:00	128845	129325	128780	129170	457511	1846883	5
2024.03.12	16:00:00	129170	129275	128925	128995	343234	1441494	5
2024.03.12	17:00:00	128990	129075	128850	128945	197645	775304	5
2024.03.12	18:00:00	128935	129040	128905	128905	30485	98634	5
2024.03.13	09:00:00	128940	128955	128480	128600	475263	1631862	5
2024.03.13	10:00:00	128600	129470	128550	129430	1022623	3826161	5
2024.03.13	11:00:00	129425	129510	129065	129075	511648	1895165	5
2024.03.13	12:00:00	129075	129360	129065	129325	349571	1285681	5
2024.03.13	13:00:00	129330	129400	129105	129165	287412	1090069	5
2024.03.13	14:00:00	129165	129740	129085	129710	438087	1694355	5
2024.03.13	15:00:00	129710	129740	129310	129330	312088	1324635	5
2024.03.13	16:00:00	129325	129420	129050	129390	364643	1613260	5
2024.03.13	17:00:00	129390	129435	129235	129330	176990	777119	5
2024.03.13	18:00:00	129325	129480	129295	129325	49565	120687	5
2024.03.14	09:00:00	129550	129580	129065	129170	598028	1996917	5
2024.03.14	10:00:00	129170	129415	128595	128665	970389	3614712	5
2024.03.14	11:00:00	128665	129290	128625	129005	650404	2608098	5
2024.03.14	12:00:00	129010	129120	128825	128865	414132	1666720	5
2024.03.14	13:00:00	128865	128925	128630	128705	316936	1301330	5
2024.03.14	14:00:00	128705	128735	128270	128705	415654	1764422	5
2024.03.14	15:00:00	128710	128955	128685	128860	342425	1484043	5
2024.03.14	16:00:00	128865	128880	128415	128820	411472	1691018	5
2024.03.14	17:00:00	128820	129020	128760	128930	208648	849531	5
2024.03.14	18:00:00	128930	129025	128915	129000	41878	105110	5
2024.03.15	09:00:00	128930	129020	128615	128760	553220	1786806	5
2024.03.15	10:00:00	128760	129060	128210	128330	889952	3511300	5
2024.03.15	11:00:00	128330	128370	127870	127950	631284	2592965	5
2024.03.15	12:00:00	127950	128040	127825	127840	284428	1158553	5
2024.03.15	13:00:00	127840	127855	127515	127560	354158	1542069	5
2024.03.15	14:00:00	127560	127725	127535	127690	271321	1155115	5
2024.03.15	15:00:00	127690	127755	127595	127700	242437	1053268	5
2024.03.15	16:00:00	127695	127775	127555	127735	286323	1230301	5
2024.03.15	17:00:00	127735	127835	127645	127690	185296	730177	5
2024.03.15	18:00:00	127680	127695	127460	127490	79020	168018	5
2024.03.18	09:00:00	128200	128570	128095	128270	472638	1631971	5
2024.03.18	10:00:00	128265	128580	127775	127795	890097	3348438	5
2024.03.18	11:00:00	127795	127980	127270	127335	619140	2577839	5
2024.03.18	12:00:00	127335	127525	127290	127470	278479	1201036	5
2024.03.18	13:00:00	127470	127645	127425	127595	268686	1126144	5
2024.03.18	14:00:00	127595	127690	127430	127670	299527	1373813	5
2024.03.18	15:00:00	127670	127940	127600	127830	306141	1372117	5
2024.03.18	16:00:00	127825	127895	127660	127875	275606	1223628	5
2024.03.18	17:00:00	127880	128005	127790	127810	171399	686275	5
2024.03.18	18:00:00	127810	127890	127735	127805	56944	127266	5
2024.03.19	09:00:00	127845	128265	127600	128250	539648	1878105	5
2024.03.19	10:00:00	128250	128515	128130	128270	845125	3269971	5
2024.03.19	11:00:00	128270	128745	128085	128665	622773	2480935	5
2024.03.19	12:00:00	128660	128680	128395	128535	378971	1576279	5
2024.03.19	13:00:00	128540	128680	128430	128660	276836	1158878	5
2024.03.19	14:00:00	128660	128950	128610	128875	371338	1692813	5
2024.03.19	15:00:00	128875	128975	128550	128685	373816	1722117	5
2024.03.19	16:00:00	128685	128745	128320	128485	437276	2061488	5
2024.03.19	17:00:00	128490	128625	128430	128490	142986	593517	5
2024.03.19	18:00:00	128485	128640	128485	128585	54309	127623	5
2024.03.20	09:00:00	128460	128655	128170	128600	529674	1787462	5
2024.03.20	10:00:00	128595	128940	128430	128785	906869	3398296	5
2024.03.20	11:00:00	128790	128810	128230	128440	576393	2238593	5
2024.03.20	12:00:00	128435	128660	128380	128635	301479	1213780	5
2024.03.20	13:00:00	128640	128985	128620	128950	327312	1370583	5
2024.03.20	14:00:00	128945	129245	128930	129070	394990	1677694	5
2024.03.20	15:00:00	129065	130030	129050	129940	1103039	4242991	5
2024.03.20	16:00:00	129940	130170	129835	130125	463792	1880559	5
2024.03.20	17:00:00	130125	130410	130015	130330	198005	808512	5
2024.03.20	18:00:00	130325	130655	130310	130405	83404	183864	5
2024.03.21	09:00:00	130330	130510	130005	130075	399097	1343892	5
2024.03.21	10:00:00	130080	130350	129435	129460	800634	3244575	5
2024.03.21	11:00:00	129460	129465	129205	129315	437142	1818465	5
2024.03.21	12:00:00	129315	129345	129160	129270	233057	965107	5
2024.03.21	13:00:00	129265	129280	129030	129205	243812	1048435	5
2024.03.21	14:00:00	129205	129315	129125	129185	239539	1029724	5
2024.03.21	15:00:00	129185	129290	128980	129250	294078	1289045	5
2024.03.21	16:00:00	129255	129275	128980	129020	297817	1312436	5
2024.03.21	17:00:00	129015	129155	128865	128910	163488	714534	5
2024.03.21	18:00:00	128910	128945	128830	128885	49019	129554	5
2024.03.22	09:00:00	128835	128860	128275	128485	537086	1763157	5
2024.03.22	10:00:00	128480	128745	128175	128400	899993	3284630	5
2024.03.22	11:00:00	128395	128540	128000	128230	611465	2436066	5
2024.03.22	12:00:00	128225	128435	128045	128150	391852	1635786	5
2024.03.22	13:00:00	128150	128200	127875	128045	311988	1324786	5
2024.03.22	14:00:00	128045	128080	127730	127780	308841	1300908	5
2024.03.22	15:00:00	127780	127915	127645	127900	306583	1288868	5
2024.03.22	16:00:00	127905	127920	127625	127745	295129	1251809	5
2024.03.22	17:00:00	127740	127850	127710	127785	125783	514272	5
2024.03.22	18:00:00	127790	127790	127640	127640	34429	98152	5
2024.03.25	09:00:00	127750	127800	127295	127690	509918	1588267	5
2024.03.25	10:00:00	127690	127920	127460	127745	898075	3159804	5
2024.03.25	11:00:00	127740	127960	127565	127685	520350	1979511	5
2024.03.25	12:00:00	127685	127900	127605	127840	243205	1009589	5
2024.03.25	13:00:00	127845	127915	127705	127740	210900	855793	5
2024.03.25	14:00:00	127740	127785	127480	127505	262668	1107900	5
2024.03.25	15:00:00	127510	127840	127450	127730	264540	1111372	5
2024.03.25	16:00:00	127725	127775	127565	127600	263500	1113825	5
2024.03.25	17:00:00	127600	127740	127575	127600	127220	486550	5
2024.03.25	18:00:00	127605	127655	127555	127565	47743	105973	5
2024.03.26	09:00:00	127650	127655	127105	127210	483592	1597715	5
2024.03.26	10:00:00	127210	127650	127170	127645	813931	2876397	5
2024.03.26	11:00:00	127645	127885	127505	127600	635299	2410130	5
2024.03.26	12:00:00	127600	127835	127525	127770	376081	1462229	5
2024.03.26	13:00:00	127770	127865	127675	127695	225035	926208	5
2024.03.26	14:00:00	127700	127940	127690	127790	314067	1274905	5
2024.03.26	15:00:00	127795	127925	127720	127780	243768	1027688	5
2024.03.26	16:00:00	127780	127785	127585	127645	256438	1045779	5
2024.03.26	17:00:00	127645	127695	127605	127630	101255	414068	5
2024.03.26	18:00:00	127630	127660	127585	127635	39094	96921	5
2024.03.27	09:00:00	127800	127840	127330	127425	396537	1308741	5
2024.03.27	10:00:00	127430	127440	127120	127250	716313	2699502	5
2024.03.27	11:00:00	127250	127480	126830	127425	638399	2617407	5
2024.03.27	12:00:00	127420	127765	127390	127675	316858	1415668	5
2024.03.27	13:00:00	127675	127745	127605	127725	206063	1019353	5
2024.03.27	14:00:00	127725	127815	127600	127650	255956	1249305	5
2024.03.27	15:00:00	127645	128230	127640	128090	340956	1545836	5
2024.03.27	16:00:00	128090	128480	128085	128440	368143	1738939	5
2024.03.27	17:00:00	128440	128440	128025	128210	196253	940042	5
2024.03.27	18:00:00	128210	128280	128020	128020	30398	107185	5
2024.03.28	09:00:00	127945	128090	127815	127965	440307	1486677	5
2024.03.28	10:00:00	127965	128590	127855	128535	758499	2939526	5
2024.03.28	11:00:00	128535	128785	128505	128735	386016	1576995	5
2024.03.28	12:00:00	128730	129015	128625	128870	312378	1373831	5
2024.03.28	13:00:00	128870	128885	128640	128720	251891	1125311	5
2024.03.28	14:00:00	128725	128735	128475	128660	281152	1205128	5
2024.03.28	15:00:00	128665	128810	128530	128645	288987	1185344	5
2024.03.28	16:00:00	128650	128960	128595	128865	287516	1147657	5
2024.03.28	17:00:00	128865	128890	128645	128770	175259	668920	5
2024.03.28	18:00:00	128765	128840	128705	128740	55392	129657	5
2024.04.01	09:00:00	128890	129070	128740	128965	396221	1305977	5
2024.04.01	10:00:00	128970	129260	128380	128565	746447	2902394	5
2024.04.01	11:00:00	128570	128580	127950	128045	513653	2102480	5
2024.04.01	12:00:00	128050	128060	127655	127700	339872	1519408	5
2024.04.01	13:00:00	127700	127825	127670	127695	204538	898018	5
2024.04.01	14:00:00	127700	127700	127380	127510	330817	1470655	5
2024.04.01	15:00:00	127515	127590	127330	127375	255771	1136745	5
2024.04.01	16:00:00	127370	127625	127305	127570	299992	1336164	5
2024.04.01	17:00:00	127575	127585	127435	127485	166051	703404	5
2024.04.01	18:00:00	127490	127540	127405	127500	69613	151534	5
2024.04.02	09:00:00	127650	127860	127130	127350	611630	2201121	5
2024.04.02	10:00:00	127350	127710	127200	127595	783398	3105942	5
2024.04.02	11:00:00	127595	127820	127085	127385	816553	3108875	5
2024.04.02	12:00:00	127390	127545	127155	127225	359477	1499726	5
2024.04.02	13:00:00	127230	127410	127130	127395	239635	1019142	5
2024.04.02	14:00:00	127395	127735	127170	127665	408733	1795486	5
2024.04.02	15:00:00	127670	127925	127585	127845	302572	1320492	5
2024.04.02	16:00:00	127845	128160	127845	128055	290048	1329154	5
2024.04.02	17:00:00	128055	128085	127950	127990	123791	556879	5
2024.04.02	18:00:00	127995	128000	127760	127760	28435	103089	5
2024.04.03	09:00:00	127585	127820	127425	127675	518697	1822235	5
2024.04.03	10:00:00	127675	127935	126770	126850	1007880	3982964	5
2024.04.03	11:00:00	126855	127115	126590	126935	612766	2676325	5
2024.04.03	12:00:00	126935	127125	126795	126970	376577	1666865	5
2024.04.03	13:00:00	126970	127395	126855	127385	378589	1652247	5
2024.04.03	14:00:00	127385	128210	127340	127995	459062	2152820	5
2024.04.03	15:00:00	127995	128010	127750	127765	277408	1289907	5
2024.04.03	16:00:00	127765	127850	127520	127775	339169	1502755	5
2024.04.03	17:00:00	127775	127840	127650	127665	130654	531961	5
2024.04.03	18:00:00	127665	127740	127660	127710	39720	83241	5
2024.04.04	09:00:00	127940	128150	127740	128140	544523	1863498	5
2024.04.04	10:00:00	128145	129565	128130	129440	1007954	4316289	5
2024.04.04	11:00:00	129435	129780	128780	128785	829824	3683949	5
2024.04.04	12:00:00	128785	129935	128745	129865	632133	2635731	5
2024.04.04	13:00:00	129860	130115	129640	129665	336411	1327344	5
2024.04.04	14:00:00	129665	129790	129185	129210	334706	1319142	5
2024.04.04	15:00:00	129210	129415	128240	128335	702402	2898870	5
2024.04.04	16:00:00	128340	128340	127555	127870	615914	2653531	5
2024.04.04	17:00:00	127875	127995	127600	127795	185378	749441	5
2024.04.04	18:00:00	127785	127845	127585	127660	70306	154866	5
2024.04.05	09:00:00	127885	128400	127600	127930	933134	2951932	5
2024.04.05	10:00:00	127925	127950	127145	127430	1022634	3745298	5
2024.04.05	11:00:00	127430	127525	126755	127180	720327	3017712	5
2024.04.05	12:00:00	127185	127375	126735	127355	620914	2590983	5
2024.04.05	13:00:00	127360	127650	127195	127575	417931	1772630	5
2024.04.05	14:00:00	127575	127580	126810	126895	447741	1950942	5
2024.04.05	15:00:00	126890	127140	126750	127110	387191	1748608	5
2024.04.05	16:00:00	127110	127340	126955	127150	304889	1379217	5
2024.04.05	17:00:00	127150	127180	126770	127060	231752	1006617	5
2024.04.05	18:00:00	127060	127175	126890	127175	70047	148190	5
2024.04.08	09:00:00	127350	127545	127020	127545	499697	1522480	5
2024.04.08	10:00:00	127540	128690	127400	128480	972090	3639643	5
2024.04.08	11:00:00	128475	128740	128230	128675	533709	2137850	5
2024.04.08	12:00:00	128675	129005	128655	128935	383356	1645039	5
2024.04.08	13:00:00	128930	129050	128805	128900	278033	1149131	5
2024.04.08	14:00:00	128900	129175	128880	129065	288271	1214924	5
2024.04.08	15:00:00	129060	129140	128795	128980	364198	1470301	5
2024.04.08	16:00:00	128980	129565	128950	129275	503231	2188804	5
2024.04.08	17:00:00	129275	129465	129160	129300	245452	1002792	5
2024.04.08	18:00:00	129300	129385	128990	128990	92536	215270	5
2024.04.09	09:00:00	129350	129905	129235	129810	687679	2244257	5
2024.04.09	10:00:00	129810	130150	129575	129845	925525	3550287	5
2024.04.09	11:00:00	129845	130315	129485	129850	785424	3284024	5
2024.04.09	12:00:00	129850	130010	129700	129820	480778	2001371	5
2024.04.09	13:00:00	129820	129985	129640	129655	335211	1406741	5
2024.04.09	14:00:00	129650	129970	129485	129910	424471	1754031	5
2024.04.09	15:00:00	129905	130090	129820	129880	388132	1573505	5
2024.04.09	16:00:00	129885	130280	129670	130270	467511	1898068	5
2024.04.09	17:00:00	130265	130350	130110	130205	228362	894244	5
2024.04.09	18:00:00	130205	130385	130185	130280	62649	139524	5
2024.04.10	09:00:00	130600	131380	129425	129905	1273379	3976934	5
2024.04.10	10:00:00	129910	129915	129025	129345	1146420	4158783	5
2024.04.10	11:00:00	129340	129420	128895	129100	768579	2873231	5
2024.04.10	12:00:00	129100	129165	128340	128435	489915	2064857	5
2024.04.10	13:00:00	128435	128660	128410	128575	304126	1270737	5
2024.04.10	14:00:00	128570	128815	128115	128330	712164	3050462	5
2024.04.10	15:00:00	128330	128525	128045	128050	472293	1925556	5
2024.04.10	16:00:00	128050	128335	127915	128205	427364	1832042	5
2024.04.10	17:00:00	128205	128285	128045	128260	163441	705771	5
2024.04.10	18:00:00	128260	128325	128115	128325	48012	115953	5
2024.04.11	09:00:00	127950	128325	127330	127970	893448	3011571	5
2024.04.11	10:00:00	127970	128125	127550	127640	828255	2964389	5
2024.04.11	11:00:00	127645	127675	127200	127505	651036	2625958	5
2024.04.11	12:00:00	127510	127765	127380	127740	408127	1676423	5
2024.04.11	13:00:00	127740	127785	127250	127350	439131	1905391	5
2024.04.11	14:00:00	127345	127755	127160	127725	434856	1874172	5
2024.04.11	15:00:00	127725	128035	127460	127470	441982	1942917	5
2024.04.11	16:00:00	127465	127755	127400	127510	360629	1584846	5
2024.04.11	17:00:00	127510	127620	127410	127520	155473	661241	5
2024.04.11	18:00:00	127525	127620	127440	127440	44921	98084	5
2024.04.12	09:00:00	127750	127870	127410	127600	724468	2330336	5
2024.04.12	10:00:00	127595	127780	127230	127550	1021294	3716885	5
2024.04.12	11:00:00	127555	127775	126900	126920	779101	3120930	5
2024.04.12	12:00:00	126920	127215	126835	127105	453729	1779050	5
2024.04.12	13:00:00	127105	127320	126560	126615	476366	1829776	5
2024.04.12	14:00:00	126615	126720	126175	126280	458172	1939815	5
2024.04.12	15:00:00	126285	126370	125815	125835	474971	2004884	5
2024.04.12	16:00:00	125840	126190	125725	125980	417630	1813262	5
2024.04.12	17:00:00	125975	126150	125915	126070	163285	684758	5
2024.04.12	18:00:00	126070	126090	125950	125970	41816	97786	5
2024.04.15	09:00:00	126565	126785	125925	126030	700366	2329747	5
2024.04.15	10:00:00	126025	126330	125645	126240	1049438	3858658	5
2024.04.15	11:00:00	126240	126350	125860	126000	881980	3332020	5
2024.04.15	12:00:00	126000	126295	125885	126160	445454	1707457	5
2024.04.15	13:00:00	126165	126170	125705	125865	403434	1613386	5
2024.04.15	14:00:00	125860	125930	125075	125495	664245	2806853	5
2024.04.15	15:00:00	125500	125625	125110	125400	493800	2004715	5
2024.04.15	16:00:00	125400	125605	125165	125555	422605	1613948	5
2024.04.15	17:00:00	125550	125565	125160	125290	232780	944122	5
2024.04.15	18:00:00	125290	125340	125165	125180	75114	154070	5
2024.04.16	09:00:00	125180	125190	124165	124240	747647	2585356	5
2024.04.16	10:00:00	124235	124440	123755	124135	999499	3807875	5
2024.04.16	11:00:00	124135	124770	124055	124495	830778	3385666	5
2024.04.16	12:00:00	124490	125205	124475	125060	580637	2296070	5
2024.04.16	13:00:00	125055	125065	124670	124825	459276	1772339	5
2024.04.16	14:00:00	124820	124860	124265	124640	788254	3116547	5
2024.04.16	15:00:00	124640	125175	124405	124875	688100	2900848	5
2024.04.16	16:00:00	124880	124950	124405	124445	401344	1609235	5
2024.04.16	17:00:00	124445	124515	124110	124235	193670	740876	5
2024.04.16	18:00:00	124235	124250	124015	124015	24585	85925	5
2024.04.17	09:00:00	126690	127175	126485	126705	629445	1997615	5
2024.04.17	10:00:00	126710	127060	126000	126135	1002710	3604953	5
2024.04.17	11:00:00	126135	126240	125785	125925	674314	2503105	5
2024.04.17	12:00:00	125915	126340	125765	126110	550919	2122780	5
2024.04.17	13:00:00	126110	126125	125280	125680	581860	2323132	5
2024.04.17	14:00:00	125680	126205	125570	126010	538524	2112890	5
2024.04.17	15:00:00	126010	126135	125645	125735	444810	1749411	5
2024.04.17	16:00:00	125735	125985	125565	125940	398765	1546908	5
2024.04.17	17:00:00	125935	125965	125660	125705	153639	586515	5
2024.04.17	18:00:00	125700	126010	125695	125930	59779	128424	5
2024.04.18	09:00:00	126370	126380	125340	126170	810281	2741530	5
2024.04.18	10:00:00	126170	126645	126010	126575	1112318	4089261	5
2024.04.18	11:00:00	126570	126820	126180	126275	686092	2559331	5
2024.04.18	12:00:00	126275	126400	125720	125770	575457	2203745	5
2024.04.18	13:00:00	125765	125800	125185	125295	491251	2014378	5
2024.04.18	14:00:00	125295	125435	124990	125405	493539	2025068	5
2024.04.18	15:00:00	125405	125630	125260	125395	433072	1779856	5
2024.04.18	16:00:00	125395	125910	125385	125695	378215	1598930	5
2024.04.18	17:00:00	125695	125865	125620	125780	158515	628182	5
2024.04.18	18:00:00	125775	125865	125710	125840	50241	116567	5
2024.04.19	09:00:00	125385	126250	125350	125925	707344	2314247	5
2024.04.19	10:00:00	125925	126835	125820	126730	946154	3540573	5
2024.04.19	11:00:00	126735	127170	126430	126995	799437	3151332	5
2024.04.19	12:00:00	127000	127135	126780	126845	381556	1416397	5
2024.04.19	13:00:00	126845	126920	126580	126835	373642	1451927	5
2024.04.19	14:00:00	126840	126910	126625	126775	391385	1558902	5
2024.04.19	15:00:00	126775	126785	126355	126615	477911	1923109	5
2024.04.19	16:00:00	126610	126925	126530	126895	375742	1505076	5
2024.04.19	17:00:00	126895	126900	126630	126720	163704	674422	5
2024.04.19	18:00:00	126720	126865	126675	126800	45181	111934	5
2024.04.22	09:00:00	127295	127315	126580	126890	677375	2213030	5
2024.04.22	10:00:00	126890	126975	126125	126370	906074	3403890	5
2024.04.22	11:00:00	126375	126875	126300	126670	756456	2956338	5
2024.04.22	12:00:00	126670	126860	126585	126855	338293	1258422	5
2024.04.22	13:00:00	126855	127625	126740	127615	489471	1900789	5
2024.04.22	14:00:00	127610	127655	127120	127185	408189	1689273	5
2024.04.22	15:00:00	127185	127380	127110	127330	308519	1281005	5
2024.04.22	16:00:00	127330	127400	126990	127165	346293	1456267	5
2024.04.22	17:00:00	127160	127275	127010	127110	165745	699367	5
2024.04.22	18:00:00	127110	127480	127090	127385	45326	110719	5
2024.04.23	09:00:00	127025	127040	126170	126320	672685	2190353	5
2024.04.23	10:00:00	126325	126350	125760	126270	1206627	4503650	5
2024.04.23	11:00:00	126265	126485	126045	126140	836879	2983297	5
2024.04.23	12:00:00	126135	126590	126075	126490	478982	1793433	5
2024.04.23	13:00:00	126490	127220	126425	127115	426694	1770514	5
2024.04.23	14:00:00	127115	127435	127040	127090	370904	1526252	5
2024.04.23	15:00:00	127090	127235	126915	127225	326352	1346094	5
2024.04.23	16:00:00	127230	127230	126685	126775	383627	1598311	5
2024.04.23	17:00:00	126770	126770	126515	126670	178757	739254	5
2024.04.23	18:00:00	126675	126750	126570	126570	37576	95910	5
2024.04.24	09:00:00	127040	127300	126710	126715	673747	2092556	5
2024.04.24	10:00:00	126715	126940	126375	126485	949066	3324700	5
2024.04.24	11:00:00	126485	126740	126255	126435	767789	2918022	5
2024.04.24	12:00:00	126430	126485	126005	126145	469314	1772142	5
2024.04.24	13:00:00	126140	126450	126095	126415	324376	1260222	5
2024.04.24	14:00:00	126415	126580	126305	126470	425031	1717553	5
2024.04.24	15:00:00	126470	126520	126250	126385	376712	1533839	5
2024.04.24	16:00:00	126380	126560	126280	126435	302612	1258803	5
2024.04.24	17:00:00	126430	126450	126110	126250	220512	900636	5
2024.04.24	18:00:00	126250	126265	126145	126215	37181	114741	5
2024.04.25	09:00:00	125915	127255	125755	125950	1023178	3333122	5
2024.04.25	10:00:00	125950	125970	125040	125260	1055211	3823246	5
2024.04.25	11:00:00	125260	125840	125215	125720	773901	2860807	5
2024.04.25	12:00:00	125720	126185	125720	126165	477395	1836839	5
2024.04.25	13:00:00	126165	126190	125750	125855	389332	1489577	5
2024.04.25	14:00:00	125855	126015	125655	125880	458891	1824400	5
2024.04.25	15:00:00	125875	126045	125765	125905	376774	1479634	5
2024.04.25	16:00:00	125900	126165	125815	125975	355134	1388826	5
2024.04.25	17:00:00	125970	126125	125815	125885	214858	847440	5
2024.04.25	18:00:00	125885	125975	125870	125890	35292	85258	5
2024.04.26	09:00:00	126750	127170	126250	126990	949473	2877373	5
2024.04.26	10:00:00	126990	127920	126730	127710	984944	3363270	5
2024.04.26	11:00:00	127705	127865	127540	127720	518734	1948846	5
2024.04.26	12:00:00	127725	128010	127615	127970	337041	1253965	5
2024.04.26	13:00:00	127970	128110	127850	127955	283005	1095497	5
2024.04.26	14:00:00	127955	128105	127815	128015	272447	1072477	5
2024.04.26	15:00:00	128015	128250	127965	128175	274243	1153041	5
2024.04.26	16:00:00	128175	128240	127850	127875	256544	1056107	5
2024.04.26	17:00:00	127875	127980	127785	127940	143145	632687	5
2024.04.26	18:00:00	127945	128185	127880	128000	73027	193803	5
2024.04.29	09:00:00	127990	128135	127720	127865	590966	1922000	5
2024.04.29	10:00:00	127865	128370	127845	128220	915895	3320611	5
2024.04.29	11:00:00	128220	128405	128025	128325	662988	2428342	5
2024.04.29	12:00:00	128330	128465	128050	128145	458570	1673871	5
2024.04.29	13:00:00	128140	128485	128090	128470	342983	1236014	5
2024.04.29	14:00:00	128470	128590	128440	128545	281179	1042688	5
2024.04.29	15:00:00	128545	128690	128370	128535	403471	1571155	5
2024.04.29	16:00:00	128535	128615	128260	128565	470761	1727390	5
2024.04.29	17:00:00	128565	128730	128540	128635	189454	746687	5
2024.04.29	18:00:00	128640	128775	128620	128690	49881	116732	5
2024.04.30	09:00:00	128320	128620	127980	128255	768959	2627833	5
2024.04.30	10:00:00	128250	128375	127815	127865	933577	3518213	5
2024.04.30	11:00:00	127860	128010	127430	127455	679060	2546454	5
2024.04.30	12:00:00	127460	127550	127155	127285	417244	1602255	5
2024.04.30	13:00:00	127290	127390	127115	127155	336138	1258433	5
2024.04.30	14:00:00	127160	127410	127150	127390	328800	1270769	5
2024.04.30	15:00:00	127395	127485	127225	127280	341515	1318328	5
2024.04.30	16:00:00	127275	127555	127200	127365	370123	1490469	5
2024.04.30	17:00:00	127365	127475	127250	127440	246506	964861	5
2024.04.30	18:00:00	127445	127450	127350	127350	46770	115546	5
2024.05.02	09:00:00	128175	128740	128100	128655	552615	1801762	5
2024.05.02	10:00:00	128655	128835	128225	128315	910367	3432981	5
2024.05.02	11:00:00	128320	128435	127880	128345	794512	3238380	5
2024.05.02	12:00:00	128350	128410	128200	128280	349910	1365038	5
2024.05.02	13:00:00	128275	128515	128015	128335	430864	1645919	5
2024.05.02	14:00:00	128335	128665	128330	128565	388135	1515192	5
2024.05.02	15:00:00	128565	128905	128370	128905	410765	1702024	5
2024.05.02	16:00:00	128900	129035	128510	128580	387762	1678554	5
2024.05.02	17:00:00	128580	128590	128350	128470	187077	824215	5
2024.05.02	18:00:00	128465	128490	128270	128270	52261	137404	5
2024.05.03	09:00:00	128450	130125	127845	130060	1160249	3844132	5
2024.05.03	10:00:00	130055	130315	129640	129705	904467	3248839	5
2024.05.03	11:00:00	129705	130070	129550	129815	928504	3374383	5
2024.05.03	12:00:00	129820	129960	129705	129770	351527	1347218	5
2024.05.03	13:00:00	129775	130020	129645	129645	308908	1167701	5
2024.05.03	14:00:00	129650	129930	129570	129895	305762	1254751	5
2024.05.03	15:00:00	129895	130025	129855	129935	264610	1060703	5
2024.05.03	16:00:00	129935	130015	129855	129930	243942	990083	5
2024.05.03	17:00:00	129935	130165	129875	130080	187309	831923	5
2024.05.03	18:00:00	130080	130290	130040	130175	50251	178539	5
2024.05.06	09:00:00	130415	130485	129515	129580	559304	1812290	5
2024.05.06	10:00:00	129575	130330	129480	130310	916800	3389588	5
2024.05.06	11:00:00	130315	130450	130170	130280	553914	2083814	5
2024.05.06	12:00:00	130280	130365	130110	130315	374042	1443242	5
2024.05.06	13:00:00	130315	130340	130010	130035	337943	1346285	5
2024.05.06	14:00:00	130040	130105	129735	129820	387147	1639425	5
2024.05.06	15:00:00	129820	129935	129775	129830	298320	1246527	5
2024.05.06	16:00:00	129835	129845	129665	129800	273066	1155549	5
2024.05.06	17:00:00	129800	129910	129675	129820	160633	672536	5
2024.05.06	18:00:00	129825	129860	129670	129670	51308	133424	5
2024.05.07	09:00:00	129670	130300	129600	130280	701911	2439203	5
2024.05.07	10:00:00	130275	130660	130240	130370	888642	3402595	5
2024.05.07	11:00:00	130370	130910	130260	130840	633170	2550226	5
2024.05.07	12:00:00	130845	130975	130665	130685	381072	1480511	5
2024.05.07	13:00:00	130680	130825	130590	130785	286061	1150011	5
2024.05.07	14:00:00	130785	130795	130555	130590	273723	1066743	5
2024.05.07	15:00:00	130590	130660	130260	130355	329520	1403579	5
2024.05.07	16:00:00	130360	130445	130270	130340	253867	1053204	5
2024.05.07	17:00:00	130335	130445	130330	130400	127920	553565	5
2024.05.07	18:00:00	130400	130490	130330	130355	42460	117225	5
2024.05.08	09:00:00	129900	130040	129255	129320	658410	2252515	5
2024.05.08	10:00:00	129325	130200	129150	130195	937301	3698608	5
2024.05.08	11:00:00	130195	130400	130100	130130	550337	2231160	5
2024.05.08	12:00:00	130135	130565	130085	130405	417753	1751767	5
2024.05.08	13:00:00	130410	130485	130305	130410	241470	1015504	5
2024.05.08	14:00:00	130415	130420	130235	130285	299079	1259513	5
2024.05.08	15:00:00	130290	130545	130185	130460	312094	1334262	5
2024.05.08	16:00:00	130465	130695	130420	130470	355677	1591378	5
2024.05.08	17:00:00	130470	130695	130430	130605	167962	752991	5
2024.05.08	18:00:00	130615	131515	130605	130925	91585	256267	5
2024.05.09	09:00:00	129600	129625	129075	129200	900248	3036048	5
2024.05.09	10:00:00	129205	129240	128450	128475	1011297	3778848	5
2024.05.09	11:00:00	128475	128825	128385	128770	688129	2485916	5
2024.05.09	12:00:00	128765	129005	128645	128715	465732	1740354	5
2024.05.09	13:00:00	128710	128860	128620	128740	330817	1225840	5
2024.05.09	14:00:00	128740	128995	128610	128975	382068	1412395	5
2024.05.09	15:00:00	128975	129500	128925	129450	497454	1949253	5
2024.05.09	16:00:00	129445	129545	129220	129320	324327	1318618	5
2024.05.09	17:00:00	129325	129585	129235	129445	191654	835838	5
2024.05.09	18:00:00	129435	129670	129435	129650	50962	166134	5
2024.05.10	09:00:00	129600	129910	129310	129345	758663	2486293	5
2024.05.10	10:00:00	129340	130025	129290	129395	990410	3600859	5
2024.05.10	11:00:00	129400	129475	128850	128930	756241	2916060	5
2024.05.10	12:00:00	128925	128995	128525	128585	422059	1690201	5
2024.05.10	13:00:00	128590	128985	128580	128915	337800	1362954	5
2024.05.10	14:00:00	128920	129065	128705	129025	299732	1205299	5
2024.05.10	15:00:00	129020	129020	128805	128830	267456	1119222	5
2024.05.10	16:00:00	128825	128900	128585	128615	272805	1155013	5
2024.05.10	17:00:00	128620	128835	128565	128770	147444	645849	5
2024.05.10	18:00:00	128770	128820	128675	128730	41398	134426	5
2024.05.13	09:00:00	129270	129335	128650	128915	636776	2167928	5
2024.05.13	10:00:00	128915	129700	128905	129670	862227	3086850	5
2024.05.13	11:00:00	129675	129720	129270	129270	533065	1927528	5
2024.05.13	12:00:00	129275	129290	128930	129095	473464	1841670	5
2024.05.13	13:00:00	129095	129310	128930	129030	339501	1269146	5
2024.05.13	14:00:00	129030	129150	128825	128975	421678	1659954	5
2024.05.13	15:00:00	128975	129350	128935	129230	359379	1450113	5
2024.05.13	16:00:00	129230	129340	129140	129295	268351	1075001	5
2024.05.13	17:00:00	129300	129365	129090	129290	157576	661764	5
2024.05.13	18:00:00	129295	129360	129245	129300	34414	109388	5
2024.05.14	09:00:00	128715	129335	128510	129010	1037027	3468060	5
2024.05.14	10:00:00	129005	129540	128820	129485	1036325	3740835	5
2024.05.14	11:00:00	129490	129965	129415	129885	750646	2969016	5
2024.05.14	12:00:00	129880	129890	129535	129615	384023	1555187	5
2024.05.14	13:00:00	129620	129650	129320	129610	350124	1440764	5
2024.05.14	14:00:00	129615	129655	129240	129260	339750	1362296	5
2024.05.14	15:00:00	129255	129595	129225	129450	380484	1614562	5
2024.05.14	16:00:00	129450	129580	129380	129545	213873	944858	5
2024.05.14	17:00:00	129545	129635	129450	129585	117167	544084	5
2024.05.14	18:00:00	129595	129740	129565	129735	38025	109918	5
2024.05.15	09:00:00	128230	129150	127610	128220	1036373	3453984	5
2024.05.15	10:00:00	128220	128620	127940	128265	1031040	3840682	5
2024.05.15	11:00:00	128265	128575	127855	128555	742092	2876031	5
2024.05.15	12:00:00	128555	128910	128200	128585	466775	1855702	5
2024.05.15	13:00:00	128590	129170	128520	129115	419141	1693764	5
2024.05.15	14:00:00	129120	129135	128635	128840	344596	1422558	5
2024.05.15	15:00:00	128840	129165	128650	129105	362073	1474505	5
2024.05.15	16:00:00	129100	129230	128920	129045	348503	1488151	5
2024.05.15	17:00:00	129040	129095	128885	129080	154309	654022	5
2024.05.15	18:00:00	129085	129300	129000	129210	57785	173887	5
2024.05.16	09:00:00	129170	129995	129070	129800	707756	2376980	5
2024.05.16	10:00:00	129800	129910	128765	128785	974219	3733129	5
2024.05.16	11:00:00	128790	129260	128700	129175	684256	2652404	5
2024.05.16	12:00:00	129180	129260	128995	129125	343276	1377559	5
2024.05.16	13:00:00	129120	129155	128825	129030	397447	1607609	5
2024.05.16	14:00:00	129030	129195	128885	129075	384736	1519694	5
2024.05.16	15:00:00	129075	129465	129020	129315	426878	1754116	5
2024.05.16	16:00:00	129320	129360	129055	129195	309101	1318581	5
2024.05.16	17:00:00	129190	129250	129105	129165	137901	596200	5
2024.05.16	18:00:00	129170	129185	129025	129105	55027	143636	5
2024.05.17	09:00:00	129350	129375	128730	128780	700565	2405672	5
2024.05.17	10:00:00	128780	129260	128420	128560	1021622	3780690	5
2024.05.17	11:00:00	128560	129035	128545	128845	582169	2199826	5
2024.05.17	12:00:00	128845	128890	128620	128685	292166	1184991	5
2024.05.17	13:00:00	128680	128935	128580	128875	307073	1235145	5
2024.05.17	14:00:00	128875	129130	128810	128980	273522	1166245	5
2024.05.17	15:00:00	128985	129155	128805	129055	299212	1239204	5
2024.05.17	16:00:00	129050	129175	128985	129125	200437	837340	5
2024.05.17	17:00:00	129125	129170	128955	129105	123649	551239	5
2024.05.17	18:00:00	129105	129200	129005	129200	43845	125063	5
2024.05.20	09:00:00	129350	129370	128430	128560	783422	2787297	5
2024.05.20	10:00:00	128560	128860	128165	128410	1035989	3876077	5
2024.05.20	11:00:00	128415	129285	128340	129075	668388	2645269	5
2024.05.20	12:00:00	129075	129530	128885	129335	409291	1585316	5
2024.05.20	13:00:00	129330	129340	129050	129100	205708	846243	5
2024.05.20	14:00:00	129100	129120	128515	128575	316861	1370893	5
2024.05.20	15:00:00	128580	128660	128410	128520	316669	1349017	5
2024.05.20	16:00:00	128525	128675	128465	128665	209869	949426	5
2024.05.20	17:00:00	128660	128690	128525	128645	132497	581699	5
2024.05.20	18:00:00	128645	128645	128420	128480	59281	148962	5
2024.05.21	09:00:00	128600	128785	128300	128590	955475	3233542	5
2024.05.21	10:00:00	128585	128950	128065	128320	1321182	4972532	5
2024.05.21	11:00:00	128325	128760	128230	128310	768315	2892876	5
2024.05.21	12:00:00	128310	128500	128140	128220	463916	1791981	5
2024.05.21	13:00:00	128225	128265	127865	128015	547675	2194844	5
2024.05.21	14:00:00	128010	128365	127940	128355	383722	1535460	5
2024.05.21	15:00:00	128360	128415	128065	128220	367180	1581336	5
2024.05.21	16:00:00	128215	128365	128155	128165	259690	1111647	5
2024.05.21	17:00:00	128165	128190	128015	128075	155778	687093	5
2024.05.21	18:00:00	128080	128270	128005	128205	48014	136949	5
2024.05.22	09:00:00	128000	128040	127370	127420	829820	2921491	5
2024.05.22	10:00:00	127415	127500	127015	127160	1059463	4043593	5
2024.05.22	11:00:00	127165	127205	126730	126885	814535	3174843	5
2024.05.22	12:00:00	126885	127150	126765	127025	571855	2139432	5
2024.05.22	13:00:00	127025	127120	126700	126740	318080	1260552	5
2024.05.22	14:00:00	126740	126895	126555	126735	406857	1634075	5
2024.05.22	15:00:00	126735	126780	126315	126475	550347	2224542	5
2024.05.22	16:00:00	126475	126515	126135	126320	396945	1637617	5
2024.05.22	17:00:00	126320	126325	126025	126040	263301	1060702	5
2024.05.22	18:00:00	126045	126080	125600	125680	118534	325130	5
2024.05.23	09:00:00	126150	126450	126000	126095	831452	2720068	5
2024.05.23	10:00:00	126095	126245	125575	125605	1169516	4353683	5
2024.05.23	11:00:00	125610	125690	125100	125185	830113	3319139	5
2024.05.23	12:00:00	125185	125450	125160	125380	369327	1392079	5
2024.05.23	13:00:00	125380	125495	125200	125310	383831	1465182	5
2024.05.23	14:00:00	125305	125490	125055	125060	479430	1839760	5
2024.05.23	15:00:00	125060	125230	124970	125140	436392	1697380	5
2024.05.23	16:00:00	125140	125305	125110	125255	323491	1253378	5
2024.05.23	17:00:00	125260	125445	125250	125325	182754	754261	5
2024.05.23	18:00:00	125320	125530	125285	125450	57662	153157	5
2024.05.24	09:00:00	125650	125920	125365	125565	639253	2023715	5
2024.05.24	10:00:00	125565	125750	125330	125410	952031	3403296	5
2024.05.24	11:00:00	125405	125840	125375	125580	736800	2634395	5
2024.05.24	12:00:00	125580	125605	125345	125390	307266	1146041	5
2024.05.24	13:00:00	125395	125590	125265	125305	293583	1167006	5
2024.05.24	14:00:00	125305	125400	125165	125355	318959	1218340	5
2024.05.24	15:00:00	125360	125375	124785	124890	425834	1710267	5
2024.05.24	16:00:00	124890	125105	124800	124885	269061	1043039	5
2024.05.24	17:00:00	124880	124905	124710	124765	127493	486349	5
2024.05.24	18:00:00	124765	124790	124510	124510	69445	168458	5
2024.05.27	09:00:00	124810	124985	124635	124910	468239	1529041	5
2024.05.27	10:00:00	124910	125085	124700	124750	887627	3108574	5
2024.05.27	11:00:00	124750	124860	124550	124735	581853	1996360	5
2024.05.27	12:00:00	124735	124955	124660	124860	325015	1202023	5
2024.05.27	13:00:00	124860	124955	124735	124910	204557	788153	5
2024.05.27	14:00:00	124910	125045	124755	124820	243032	885834	5
2024.05.27	15:00:00	124820	124920	124800	124835	119635	458190	5
2024.05.27	16:00:00	124840	125030	124835	124980	174506	646985	5
2024.05.27	17:00:00	124975	125020	124915	124950	87249	320313	5
2024.05.27	18:00:00	124955	125050	124940	125000	40246	97423	5
2024.05.28	09:00:00	125415	126185	125295	126050	771310	2668558	5
2024.05.28	10:00:00	126050	126200	125155	125200	1000588	4002653	5
2024.05.28	11:00:00	125205	125275	124970	125050	567263	2315574	5
2024.05.28	12:00:00	125050	125280	124990	125245	355580	1446239	5
2024.05.28	13:00:00	125240	125315	124520	124545	442153	1854119	5
2024.05.28	14:00:00	124545	124760	124300	124325	555693	2308161	5
2024.05.28	15:00:00	124320	124465	123975	124175	500574	2074209	5
2024.05.28	16:00:00	124170	124270	123930	124215	345461	1459729	5
2024.05.28	17:00:00	124215	124295	123940	123960	179693	791590	5
2024.05.28	18:00:00	123960	124000	123840	123965	68964	184689	5
2024.05.29	09:00:00	123720	123865	123410	123520	658536	2211924	5
2024.05.29	10:00:00	123515	123540	122865	123230	919960	3555637	5
2024.05.29	11:00:00	123230	123510	123145	123420	565533	2215214	5
2024.05.29	12:00:00	123425	123520	123210	123430	382253	1534206	5
2024.05.29	13:00:00	123425	123480	123315	123390	252014	1041492	5
2024.05.29	14:00:00	123390	123415	122900	123105	421063	1766656	5
2024.05.29	15:00:00	123105	123340	123085	123200	376011	1511302	5
2024.05.29	16:00:00	123195	123450	123125	123210	301352	1256456	5
2024.05.29	17:00:00	123210	123210	123005	123165	167946	767625	5
2024.05.29	18:00:00	123160	123400	123125	123350	40524	135033	5
2024.05.31	09:00:00	123350	123460	123000	123110	624314	2141966	5
2024.05.31	10:00:00	123115	123175	122750	122790	882867	3303807	5
2024.05.31	11:00:00	122790	122915	122370	122445	649458	2527505	5
2024.05.31	12:00:00	122440	122565	122355	122420	368646	1398566	5
2024.05.31	13:00:00	122420	122535	122215	122490	322051	1240865	5
2024.05.31	14:00:00	122495	122605	122450	122540	252102	1001073	5
2024.05.31	15:00:00	122540	122645	122415	122450	222263	919052	5
2024.05.31	16:00:00	122455	122765	122355	122750	338855	1447414	5
2024.05.31	17:00:00	122750	122755	122560	122660	162065	715427	5
2024.05.31	18:00:00	122655	122795	122650	122720	38830	138862	5
2024.06.03	09:00:00	122860	122920	122290	122630	676115	2172211	5
2024.06.03	10:00:00	122630	122640	121835	121910	840435	3071851	5
2024.06.03	11:00:00	121905	122790	121730	122545	925325	3511237	5
2024.06.03	12:00:00	122550	122735	122255	122330	393940	1483202	5
2024.06.03	13:00:00	122335	122370	121960	122075	329499	1241959	5
2024.06.03	14:00:00	122075	122700	122005	122425	444688	1759643	5
2024.06.03	15:00:00	122425	122810	122395	122650	367887	1458523	5
2024.06.03	16:00:00	122655	122720	122300	122365	264024	1095237	5
2024.06.03	17:00:00	122360	122370	122125	122190	146082	618628	5
2024.06.03	18:00:00	122185	122190	121970	122005	48986	142115	5
2024.06.04	09:00:00	121720	122185	121575	121960	760304	2443191	5
2024.06.04	10:00:00	121960	122080	121170	121525	1061088	3707602	5
2024.06.04	11:00:00	121520	121780	121120	121450	939047	3360500	5
2024.06.04	12:00:00	121450	121825	121390	121505	508442	1996809	5
2024.06.04	13:00:00	121505	121805	121445	121795	400257	1538172	5
2024.06.04	14:00:00	121795	121980	121645	121855	368763	1438275	5
2024.06.04	15:00:00	121855	122190	121785	121895	413174	1714766	5
2024.06.04	16:00:00	121900	122070	121715	122060	325351	1317120	5
2024.06.04	17:00:00	122065	122140	121915	122095	126029	531069	5
2024.06.04	18:00:00	122085	122260	122045	122045	54190	160495	5
2024.06.05	09:00:00	122305	122350	121845	121950	595609	1995385	5
2024.06.05	10:00:00	121950	122055	121745	121970	802198	2899204	5
2024.06.05	11:00:00	121965	122380	121455	122060	988953	3794196	5
2024.06.05	12:00:00	122055	122340	121965	122155	469704	1863523	5
2024.06.05	13:00:00	122155	122190	121830	121930	352811	1408533	5
2024.06.05	14:00:00	121930	122095	121700	121770	411263	1658970	5
2024.06.05	15:00:00	121775	121870	121435	121610	430281	1740819	5
2024.06.05	16:00:00	121610	121670	121410	121650	303032	1233975	5
2024.06.05	17:00:00	121650	121650	121485	121585	146725	665754	5
2024.06.05	18:00:00	121580	121640	121500	121515	48637	134112	5
2024.06.06	09:00:00	121700	121915	121385	121710	706464	2281659	5
2024.06.06	10:00:00	121710	122845	121495	122510	1114642	4060707	5
2024.06.06	11:00:00	122505	122775	122165	122720	560792	2168733	5
2024.06.06	12:00:00	122720	123465	122705	123345	519547	2247499	5
2024.06.06	13:00:00	123345	123360	122865	123020	316597	1333142	5
2024.06.06	14:00:00	123020	123400	122990	123145	365170	1567313	5
2024.06.06	15:00:00	123150	123255	122860	123060	326230	1319503	5
2024.06.06	16:00:00	123055	123195	122840	123185	326061	1350112	5
2024.06.06	17:00:00	123190	123220	123075	123160	140506	614288	5
2024.06.06	18:00:00	123160	123295	123005	123005	63601	156768	5
2024.06.07	09:00:00	122950	123425	121635	121855	983123	3114265	5
2024.06.07	10:00:00	121855	122210	121620	121985	908266	3113545	5
2024.06.07	11:00:00	121985	122310	121930	122135	727162	2627319	5
2024.06.07	12:00:00	122140	122180	121840	121875	357163	1378342	5
2024.06.07	13:00:00	121880	122090	121690	121860	376916	1477732	5
2024.06.07	14:00:00	121860	121885	121450	121520	381414	1520370	5
2024.06.07	15:00:00	121520	121620	121235	121250	482199	2073616	5
2024.06.07	16:00:00	121255	121300	120670	120850	613191	2728537	5
2024.06.07	17:00:00	120845	120965	120715	120760	209337	872814	5
2024.06.07	18:00:00	120760	120775	120385	120605	89986	241348	5
2024.06.10	09:00:00	120695	121395	120690	121005	658091	2196084	5
2024.06.10	10:00:00	121005	121335	120515	121075	1143145	4152016	5
2024.06.10	11:00:00	121070	121500	120995	121215	652403	2469579	5
2024.06.10	12:00:00	121215	121305	120985	121085	444266	1736736	5
2024.06.10	13:00:00	121090	121270	120990	121090	333982	1319698	5
2024.06.10	14:00:00	121095	121165	120880	120920	421308	1705676	5
2024.06.10	15:00:00	120915	121160	120660	120970	502175	2049450	5
2024.06.10	16:00:00	120970	121050	120810	120875	303636	1265751	5
2024.06.10	17:00:00	120875	121005	120835	120965	128118	524844	5
2024.06.10	18:00:00	120960	121135	120955	121090	60531	161531	5
2024.06.11	09:00:00	120500	121320	120315	121205	900194	3001346	5
2024.06.11	10:00:00	121205	121565	120905	121130	1036829	3667039	5
2024.06.11	11:00:00	121130	121750	121110	121485	776838	2820666	5
2024.06.11	12:00:00	121485	121645	121335	121625	392503	1558630	5
2024.06.11	13:00:00	121625	121635	121320	121455	356305	1387234	5
2024.06.11	14:00:00	121455	121700	121300	121540	400457	1557627	5
2024.06.11	15:00:00	121545	121815	121455	121795	387444	1548390	5
2024.06.11	16:00:00	121795	121860	121645	121720	282496	1020791	5
2024.06.11	17:00:00	121720	121780	121625	121725	137351	464842	5
2024.06.11	18:00:00	121725	121880	121660	121700	60303	167104	5
2024.06.12	09:00:00	123500	124730	122550	124360	1122414	3263084	5
2024.06.12	10:00:00	124360	124465	121820	122020	1345856	4763860	5
2024.06.12	11:00:00	122020	122400	121705	122060	731225	2686789	5
2024.06.12	12:00:00	122065	122255	121825	122150	374917	1397924	5
2024.06.12	13:00:00	122150	122540	121985	122320	381104	1443750	5
2024.06.12	14:00:00	122325	122465	122065	122385	386467	1521707	5
2024.06.12	15:00:00	122380	122390	121325	121705	882149	3185505	5
2024.06.12	16:00:00	121705	122025	121565	121890	560478	2105207	5
2024.06.12	17:00:00	121885	121990	121535	121580	200430	784047	5
2024.06.12	18:00:00	121580	121655	121460	121630	55475	149082	5
2024.06.13	09:00:00	121830	122260	121305	121705	980929	3043729	5
2024.06.13	10:00:00	121700	122140	121445	121505	1170601	3883087	5
2024.06.13	11:00:00	121505	121645	121070	121280	742554	2633565	5
2024.06.13	12:00:00	121280	122050	121025	121755	837057	3174403	5
2024.06.13	13:00:00	121760	121970	121555	121865	491494	1841330	5
2024.06.13	14:00:00	121865	121995	121630	121780	361649	1317248	5
2024.06.13	15:00:00	121780	121940	121665	121825	340582	1280731	5
2024.06.13	16:00:00	121825	121885	121570	121580	250076	972327	5
2024.06.13	17:00:00	121580	121645	121320	121385	184522	727978	5
2024.06.13	18:00:00	121380	121510	121345	121395	36413	102900	5
2024.06.14	09:00:00	121300	121650	120915	121290	799562	2476496	5
2024.06.14	10:00:00	121295	121365	120590	120765	1056346	3707384	5
2024.06.14	11:00:00	120760	121585	120600	121570	776081	2744643	5
2024.06.14	12:00:00	121565	122120	121495	121700	657236	2431238	5
2024.06.14	13:00:00	121700	121795	121530	121550	297717	1040128	5
2024.06.14	14:00:00	121555	121665	121030	121115	457524	1682677	5
2024.06.14	15:00:00	121110	121630	121015	121435	434114	1655126	5
2024.06.14	16:00:00	121440	121600	121375	121535	261612	1005869	5
2024.06.14	17:00:00	121530	121570	121400	121525	115337	434878	5
2024.06.14	18:00:00	121525	121615	121445	121615	34429	90308	5
2024.06.17	09:00:00	121500	121910	120885	120980	674639	2046094	5
2024.06.17	10:00:00	120980	121215	120570	120810	1026796	3570125	5
2024.06.17	11:00:00	120810	120825	120455	120575	602893	2123330	5
2024.06.17	12:00:00	120575	120955	120395	120865	468524	1730718	5
2024.06.17	13:00:00	120865	121410	120840	121405	474981	1864817	5
2024.06.17	14:00:00	121400	121465	121030	121105	373144	1507668	5
2024.06.17	15:00:00	121100	121280	121000	121155	369256	1483548	5
2024.06.17	16:00:00	121155	121185	120860	120900	327095	1350843	5
2024.06.17	17:00:00	120900	120965	120750	120845	154083	630614	5
2024.06.17	18:00:00	120840	120975	120805	120870	55089	147507	5
2024.06.18	09:00:00	120550	120850	120275	120725	811624	2585453	5
2024.06.18	10:00:00	120730	121845	120580	121780	1245315	4329836	5
2024.06.18	11:00:00	121780	121835	121185	121395	758061	2654104	5
2024.06.18	12:00:00	121400	121535	121225	121330	375030	1290169	5
2024.06.18	13:00:00	121325	121620	121280	121525	306757	1071571	5
2024.06.18	14:00:00	121525	121795	121445	121515	447836	1675415	5
2024.06.18	15:00:00	121515	121650	121290	121330	438647	1633682	5
2024.06.18	16:00:00	121330	121380	121015	121340	382767	1492616	5
2024.06.18	17:00:00	121335	121480	121235	121440	142016	574252	5
2024.06.18	18:00:00	121435	121525	121365	121440	43613	123247	5
2024.06.19	09:00:00	121500	121605	121130	121205	618436	1928304	5
2024.06.19	10:00:00	121205	121215	120670	120700	939193	3311565	5
2024.06.19	11:00:00	120705	120985	120650	120900	649289	2210947	5
2024.06.19	12:00:00	120900	121450	120790	121210	442716	1591994	5
2024.06.19	13:00:00	121210	121480	121125	121420	374880	1306981	5
2024.06.19	14:00:00	121420	121550	121185	121355	381844	1359592	5
2024.06.19	15:00:00	121355	121800	121330	121740	345126	1196873	5
2024.06.19	16:00:00	121745	122180	121635	122015	392093	1400255	5
2024.06.19	17:00:00	122015	122170	121895	122100	213075	729678	5
2024.06.19	18:00:00	122100	122750	122075	122750	86196	214845	5
2024.06.20	09:00:00	123270	123395	122860	122875	843447	2720828	5
2024.06.20	10:00:00	122875	123360	122540	123225	1111860	3865172	5
2024.06.20	11:00:00	123220	123335	122360	122575	845202	3138677	5
2024.06.20	12:00:00	122575	122595	122060	122155	573012	2146750	5
2024.06.20	13:00:00	122155	122205	121770	121965	543471	2015697	5
2024.06.20	14:00:00	121960	122270	121880	122100	547768	1956118	5
2024.06.20	15:00:00	122105	122590	122075	122475	425444	1522468	5
2024.06.20	16:00:00	122475	122560	122060	122215	442553	1651440	5
2024.06.20	17:00:00	122210	122255	122090	122140	159535	606967	5
2024.06.20	18:00:00	122140	122190	122005	122090	65676	182958	5
2024.06.21	09:00:00	122100	122310	121835	121900	711901	2344483	5
2024.06.21	10:00:00	121900	123040	121700	122960	1104415	4047750	5
2024.06.21	11:00:00	122955	123125	122705	122845	706605	2689571	5
2024.06.21	12:00:00	122845	123010	122590	122640	454210	1701067	5
2024.06.21	13:00:00	122640	123020	122560	122910	321475	1224134	5
2024.06.21	14:00:00	122905	122970	122710	122745	323359	1256576	5
2024.06.21	15:00:00	122750	123095	122665	123040	422321	1630239	5
2024.06.21	16:00:00	123040	123220	123020	123175	311624	1208889	5
2024.06.21	17:00:00	123170	123205	123030	123195	142063	584867	5
2024.06.21	18:00:00	123195	123250	123115	123190	45563	124361	5
2024.06.24	09:00:00	123090	123310	122820	123240	661601	2042805	5
2024.06.24	10:00:00	123240	124490	123200	124365	1051183	3880875	5
2024.06.24	11:00:00	124360	124445	124150	124260	526890	1946161	5
2024.06.24	12:00:00	124265	124305	123995	124150	396721	1535105	5
2024.06.24	13:00:00	124145	124310	124015	124155	379302	1471840	5
2024.06.24	14:00:00	124155	124335	124055	124200	359406	1349558	5
2024.06.24	15:00:00	124205	124285	124040	124120	293987	1106346	5
2024.06.24	16:00:00	124125	124350	124060	124235	321130	1263106	5
2024.06.24	17:00:00	124235	124340	124160	124300	140492	548379	5
2024.06.24	18:00:00	124305	124450	124255	124340	62489	167381	5
2024.06.25	09:00:00	124035	124255	123885	123975	673348	2167118	5
2024.06.25	10:00:00	123980	124410	123765	124005	1078153	3818098	5
2024.06.25	11:00:00	124005	124145	123690	123885	670232	2370258	5
2024.06.25	12:00:00	123890	123910	123520	123625	508843	1852039	5
2024.06.25	13:00:00	123625	123810	123550	123770	333796	1235105	5
2024.06.25	14:00:00	123770	124110	123650	123995	482277	1865060	5
2024.06.25	15:00:00	123990	124080	123845	123925	276233	1007730	5
2024.06.25	16:00:00	123925	123960	123765	123810	245161	965827	5
2024.06.25	17:00:00	123810	124000	123805	123965	128275	530309	5
2024.06.25	18:00:00	123965	124095	123935	124095	44651	123864	5
2024.06.26	09:00:00	124150	124225	123215	123260	879671	2962107	5
2024.06.26	10:00:00	123255	123490	122860	123120	986848	3438436	5
2024.06.26	11:00:00	123120	123515	123080	123200	693084	2465185	5
2024.06.26	12:00:00	123205	123585	123095	123560	478114	1733804	5
2024.06.26	13:00:00	123555	123960	123540	123865	453325	1727639	5
2024.06.26	14:00:00	123860	123995	123720	123930	374636	1417395	5
2024.06.26	15:00:00	123935	124200	123685	123695	420764	1648881	5
2024.06.26	16:00:00	123700	124350	123650	124255	383843	1510444	5
2024.06.26	17:00:00	124250	124305	124100	124265	195367	779854	5
2024.06.26	18:00:00	124265	124370	124200	124370	40477	133006	5
2024.06.27	09:00:00	124050	125130	124050	124725	822717	2759397	5
2024.06.27	10:00:00	124725	125315	124570	125250	1009903	3689091	5
2024.06.27	11:00:00	125245	125345	124550	124580	702356	2761037	5
2024.06.27	12:00:00	124580	125120	124460	125085	520245	2021554	5
2024.06.27	13:00:00	125085	125120	124845	124940	314353	1196176	5
2024.06.27	14:00:00	124945	125375	124715	125335	469290	1802380	5
2024.06.27	15:00:00	125330	125805	125135	125755	469273	1798591	5
2024.06.27	16:00:00	125750	125825	125590	125780	324139	1331504	5
2024.06.27	17:00:00	125785	125935	125695	125905	159000	682874	5
2024.06.27	18:00:00	125905	126000	125880	125900	49711	133701	5
2024.06.28	09:00:00	125835	126120	125495	125770	780312	2506998	5
2024.06.28	10:00:00	125770	125950	124880	124885	1053152	4038842	5
2024.06.28	11:00:00	124880	125645	124700	125595	823678	3402288	5
2024.06.28	12:00:00	125600	125750	125460	125505	509757	2146500	5
2024.06.28	13:00:00	125510	125550	125155	125355	366984	1485412	5
2024.06.28	14:00:00	125350	125655	125245	125475	321683	1279515	5
2024.06.28	15:00:00	125475	125570	125020	125315	407566	1643680	5
2024.06.28	16:00:00	125320	125460	125085	125450	371406	1539030	5
2024.06.28	17:00:00	125450	125495	125260	125335	156638	646398	5
2024.06.28	18:00:00	125330	125345	125250	125250	29231	76288	5
2024.07.01	09:00:00	125600	126115	125305	125510	818609	2707755	5
2024.07.01	10:00:00	125510	126560	125055	126160	1021719	3892617	5
2024.07.01	11:00:00	126160	126475	125665	126385	871825	3242667	5
2024.07.01	12:00:00	126380	126715	126310	126360	531669	2043091	5
2024.07.01	13:00:00	126360	126615	126205	126440	428342	1674485	5
2024.07.01	14:00:00	126435	126515	126300	126495	356378	1366264	5
2024.07.01	15:00:00	126495	126500	125960	126060	451882	1758452	5
2024.07.01	16:00:00	126060	126230	125905	126095	373482	1503138	5
2024.07.01	17:00:00	126100	126180	125965	126110	174779	718241	5
2024.07.01	18:00:00	126105	126180	125920	125920	45844	124336	5
2024.07.02	09:00:00	125700	126295	125545	126140	755632	2665389	5
2024.07.02	10:00:00	126145	126910	125975	126815	1134599	4405973	5
2024.07.02	11:00:00	126820	126950	126230	126520	881749	3289570	5
2024.07.02	12:00:00	126520	126675	126105	126235	481471	1798806	5
2024.07.02	13:00:00	126240	126250	125650	125825	484645	1834205	5
2024.07.02	14:00:00	125820	126155	125790	126035	353540	1306710	5
2024.07.02	15:00:00	126040	126445	126025	126365	314616	1190137	5
2024.07.02	16:00:00	126360	126515	126175	126420	372746	1436188	5
2024.07.02	17:00:00	126420	126500	126205	126355	183403	744303	5
2024.07.02	18:00:00	126360	126480	126330	126480	38175	109259	5
2024.07.03	09:00:00	126725	127120	126655	127010	612912	2090453	5
2024.07.03	10:00:00	127010	127885	126975	127465	976633	3712580	5
2024.07.03	11:00:00	127465	128000	127465	127710	750996	2830143	5
2024.07.03	12:00:00	127710	127890	127330	127830	509335	1969447	5
2024.07.03	13:00:00	127825	127975	127700	127840	368960	1469775	5
2024.07.03	14:00:00	127840	127845	127430	127560	284311	1142543	5
2024.07.03	15:00:00	127555	127760	127505	127670	227650	843017	5
2024.07.03	16:00:00	127670	127690	127060	127135	290129	1205477	5
2024.07.03	17:00:00	127135	127480	127075	127435	159200	671922	5
2024.07.03	18:00:00	127435	127600	127380	127600	36489	103187	5
2024.07.04	09:00:00	128000	128240	127720	128055	691305	2209727	5
2024.07.04	10:00:00	128060	128065	127560	127615	893930	3057794	5
2024.07.04	11:00:00	127615	127815	127370	127450	717770	2641977	5
2024.07.04	12:00:00	127450	127805	127405	127690	358699	1341211	5
2024.07.04	13:00:00	127695	127720	127425	127665	284907	1092243	5
2024.07.04	14:00:00	127670	127730	127470	127580	257775	1071705	5
2024.07.04	15:00:00	127580	127630	127375	127440	201994	819568	5
2024.07.04	16:00:00	127445	127645	127400	127445	202655	815457	5
2024.07.04	17:00:00	127440	127600	127435	127505	89964	364871	5
2024.07.04	18:00:00	127505	127550	127475	127535	28012	83300	5
2024.07.05	09:00:00	127600	128235	127200	127545	935588	3057780	5
2024.07.05	10:00:00	127545	127955	126760	127085	1103050	4143350	5
2024.07.05	11:00:00	127080	127335	126910	127155	619889	2279128	5
2024.07.05	12:00:00	127155	127535	127115	127380	389228	1484850	5
2024.07.05	13:00:00	127385	127640	127165	127335	347259	1317497	5
2024.07.05	14:00:00	127340	127500	127095	127475	324232	1213026	5
2024.07.05	15:00:00	127475	127530	127105	127455	320417	1221417	5
2024.07.05	16:00:00	127455	127640	127340	127585	250939	969458	5
2024.07.05	17:00:00	127580	127620	127445	127570	110692	461118	5
2024.07.05	18:00:00	127565	127800	127545	127760	29172	88494	5
2024.07.08	09:00:00	127600	127700	127220	127370	615076	2072422	5
2024.07.08	10:00:00	127365	127560	126790	127520	1061590	3812054	5
2024.07.08	11:00:00	127525	127680	126820	126895	825322	2775470	5
2024.07.08	12:00:00	126900	127550	126835	127515	615323	2047936	5
2024.07.08	13:00:00	127515	127675	127355	127395	411338	1406948	5
2024.07.08	14:00:00	127390	127845	127305	127760	393415	1378972	5
2024.07.08	15:00:00	127760	127810	127470	127620	337691	1163024	5
2024.07.08	16:00:00	127620	127730	127465	127640	266192	913390	5
2024.07.08	17:00:00	127640	127790	127570	127745	146307	548584	5
2024.07.08	18:00:00	127755	127775	127640	127680	35587	106508	5
2024.07.09	09:00:00	127675	127725	127150	127400	675276	2221512	5
2024.07.09	10:00:00	127400	127900	127110	127770	1135302	4090331	5
2024.07.09	11:00:00	127765	128070	127535	127980	708233	2552595	5
2024.07.09	12:00:00	127975	128275	127720	128250	526292	2005134	5
2024.07.09	13:00:00	128250	128415	128195	128345	391273	1562670	5
2024.07.09	14:00:00	128350	128535	128245	128335	356277	1446105	5
2024.07.09	15:00:00	128340	128425	128245	128295	259614	972797	5
2024.07.09	16:00:00	128290	128415	128185	128370	273430	1145994	5
2024.07.09	17:00:00	128370	128420	128295	128380	127658	570294	5
2024.07.09	18:00:00	128385	128600	128380	128475	66967	198353	5
2024.07.10	09:00:00	128625	129045	128420	128785	836218	2736316	5
2024.07.10	10:00:00	128790	128990	128230	128265	1090202	3719854	5
2024.07.10	11:00:00	128260	128535	128100	128280	740944	2607030	5
2024.07.10	12:00:00	128285	128450	128240	128335	381965	1368416	5
2024.07.10	13:00:00	128330	128525	128085	128140	396624	1508384	5
2024.07.10	14:00:00	128135	128360	128060	128315	407505	1516183	5
2024.07.10	15:00:00	128315	128530	128185	128345	330957	1264513	5
2024.07.10	16:00:00	128340	128475	128290	128390	264953	1012172	5
2024.07.10	17:00:00	128390	128460	128170	128285	173965	742132	5
2024.07.10	18:00:00	128285	128330	128150	128160	35500	123205	5
2024.07.11	09:00:00	128400	129200	128325	128795	851746	2843265	5
2024.07.11	10:00:00	128795	129470	128770	129200	1090071	3881639	5
2024.07.11	11:00:00	129200	129385	128865	129235	860101	3087016	5
2024.07.11	12:00:00	129240	129420	129110	129270	487443	1744177	5
2024.07.11	13:00:00	129270	129355	129110	129195	313207	1139634	5
2024.07.11	14:00:00	129195	129410	129105	129275	334649	1232468	5
2024.07.11	15:00:00	129270	129395	129100	129350	280874	1062432	5
2024.07.11	16:00:00	129355	129515	129275	129450	227378	906261	5
2024.07.11	17:00:00	129445	129445	129310	129385	136424	557135	5
2024.07.11	18:00:00	129385	129515	129380	129470	46086	125882	5
2024.07.12	09:00:00	129420	129700	129305	129445	739091	2422211	5
2024.07.12	10:00:00	129445	129715	129065	129610	1159746	4357303	5
2024.07.12	11:00:00	129610	129870	129480	129635	630279	2347865	5
2024.07.12	12:00:00	129635	129815	129525	129625	300246	1150984	5
2024.07.12	13:00:00	129620	130040	129520	130005	369009	1452126	5
2024.07.12	14:00:00	130005	130150	129910	130120	284499	1129113	5
2024.07.12	15:00:00	130120	130145	129925	130090	269915	1133610	5
2024.07.12	16:00:00	130090	130135	129950	130025	220172	954807	5
2024.07.12	17:00:00	130025	130055	129910	129990	122138	499383	5
2024.07.12	18:00:00	129985	130135	129955	130130	37146	105705	5
2024.07.15	09:00:00	129950	130200	129780	130065	559978	1773962	5
2024.07.15	10:00:00	130060	130340	129750	129995	940575	3308298	5
2024.07.15	11:00:00	129995	130320	129870	130170	648044	2395270	5
2024.07.15	12:00:00	130175	130415	130015	130360	446067	1678926	5
2024.07.15	13:00:00	130360	130530	130205	130310	400800	1483405	5
2024.07.15	14:00:00	130310	130455	130200	130305	346688	1293611	5
2024.07.15	15:00:00	130305	130570	130225	130550	294074	1186877	5
2024.07.15	16:00:00	130550	130560	130385	130425	194669	804194	5
2024.07.15	17:00:00	130425	130490	130370	130480	95583	388727	5
2024.07.15	18:00:00	130485	130570	130455	130535	45019	133206	5
2024.07.16	09:00:00	130200	130565	130130	130195	673972	2256608	5
2024.07.16	10:00:00	130195	130565	130115	130260	912224	3359176	5
2024.07.16	11:00:00	130255	130345	130055	130300	625096	2346941	5
2024.07.16	12:00:00	130300	130415	129840	129905	515796	1981730	5
2024.07.16	13:00:00	129905	130090	129730	129955	427087	1661916	5
2024.07.16	14:00:00	129955	130265	129870	130135	369030	1473350	5
2024.07.16	15:00:00	130135	130380	129985	130050	320547	1303894	5
2024.07.16	16:00:00	130045	130195	130000	130150	216747	898966	5
2024.07.16	17:00:00	130150	130280	130140	130250	93613	394090	5
2024.07.16	18:00:00	130250	130345	130230	130335	32399	92676	5
2024.07.17	09:00:00	129980	130130	129790	130045	545445	1885397	5
2024.07.17	10:00:00	130045	130360	129670	130235	984613	3517588	5
2024.07.17	11:00:00	130235	130525	129900	130365	692442	2559842	5
2024.07.17	12:00:00	130360	130595	130240	130330	388466	1471436	5
2024.07.17	13:00:00	130325	130430	130135	130415	310133	1205541	5
2024.07.17	14:00:00	130415	130580	130295	130390	349227	1292844	5
2024.07.17	15:00:00	130395	130575	130295	130475	287315	1093190	5
2024.07.17	16:00:00	130470	130525	130370	130375	205693	886094	5
2024.07.17	17:00:00	130375	130480	130295	130445	132778	542571	5
2024.07.17	18:00:00	130450	130475	130265	130315	36573	107285	5
2024.07.18	09:00:00	130225	130465	129935	129965	536196	1813732	5
2024.07.18	10:00:00	129965	130110	129485	129610	994046	3402089	5
2024.07.18	11:00:00	129610	129685	129145	129210	749887	2765807	5
2024.07.18	12:00:00	129205	129310	129040	129145	390951	1472662	5
2024.07.18	13:00:00	129140	129205	128865	128960	367693	1430253	5
2024.07.18	14:00:00	128965	128965	128735	128840	304840	1169778	5
2024.07.18	15:00:00	128840	128850	128485	128620	411803	1694557	5
2024.07.18	16:00:00	128615	128630	128380	128460	278278	1185989	5
2024.07.18	17:00:00	128465	129095	128440	128940	273528	1207715	5
2024.07.18	18:00:00	128940	129250	128905	129250	96616	278276	5
2024.07.19	09:00:00	129040	129355	128530	128685	440608	1436790	5
2024.07.19	10:00:00	128685	129280	128610	129000	585960	1869305	5
2024.07.19	11:00:00	129000	129225	128625	128790	381835	1241239	5
2024.07.19	12:00:00	128795	128895	128475	128700	308322	1188899	5
2024.07.19	13:00:00	128695	128780	128615	128730	211731	858520	5
2024.07.19	14:00:00	128735	128880	128575	128740	274191	1139725	5
2024.07.19	15:00:00	128740	128745	128245	128280	329743	1380852	5
2024.07.19	16:00:00	128280	128470	128265	128435	232692	989489	5
2024.07.19	17:00:00	128435	128495	128305	128340	111701	516156	5
2024.07.19	18:00:00	128335	128345	127900	127900	67256	180916	5
2024.07.22	09:00:00	128400	128595	128135	128360	645324	1992278	5
2024.07.22	10:00:00	128360	128690	128180	128295	880476	3042321	5
2024.07.22	11:00:00	128290	128860	128210	128845	643797	2398166	5
2024.07.22	12:00:00	128840	128910	128460	128825	419554	1660630	5
2024.07.22	13:00:00	128825	128900	128700	128850	258952	1007213	5
2024.07.22	14:00:00	128855	128950	128790	128835	229401	942372	5
2024.07.22	15:00:00	128830	128875	128635	128710	239653	980016	5
2024.07.22	16:00:00	128705	128785	128600	128725	194399	816690	5
2024.07.22	17:00:00	128725	128765	128655	128730	85726	369373	5
2024.07.22	18:00:00	128730	128845	128710	128795	31543	95723	5
2024.07.23	09:00:00	128465	128505	128195	128260	507662	1785287	5
2024.07.23	10:00:00	128255	128275	127635	127775	783080	3087422	5
2024.07.23	11:00:00	127775	127995	127685	127760	604625	2399098	5
2024.07.23	12:00:00	127760	127945	127655	127755	322664	1298743	5
2024.07.23	13:00:00	127755	127795	127525	127610	305531	1250976	5
2024.07.23	14:00:00	127615	127680	127340	127375	349118	1454561	5
2024.07.23	15:00:00	127380	127405	127265	127310	234549	1051530	5
2024.07.23	16:00:00	127310	127315	127210	127220	192647	878337	5
2024.07.23	17:00:00	127220	127300	126845	127085	144266	665576	5
2024.07.23	18:00:00	127080	127085	126700	126885	106339	269214	5
2024.07.24	09:00:00	127005	127165	126855	127090	445279	1573538	5
2024.07.24	10:00:00	127090	127355	126845	127045	852244	3313750	5
2024.07.24	11:00:00	127040	127420	126965	127395	573941	2218873	5
2024.07.24	12:00:00	127395	127475	127265	127280	303311	1184469	5
2024.07.24	13:00:00	127275	127380	127130	127230	270741	1096957	5
2024.07.24	14:00:00	127230	127375	127070	127090	256682	1071519	5
2024.07.24	15:00:00	127090	127110	126860	127065	354634	1548931	5
2024.07.24	16:00:00	127065	127235	126950	127145	266818	1202641	5
2024.07.24	17:00:00	127145	127305	127060	127275	110241	510614	5
2024.07.24	18:00:00	127270	127325	127205	127205	35475	121178	5
2024.07.25	09:00:00	126745	126780	126345	126640	656952	2231451	5
2024.07.25	10:00:00	126640	126845	126185	126445	826319	2972401	5
2024.07.25	11:00:00	126445	126700	126300	126575	591766	2146258	5
2024.07.25	12:00:00	126575	126695	126515	126615	286933	1109496	5
2024.07.25	13:00:00	126610	126840	126405	126785	309983	1182844	5
2024.07.25	14:00:00	126785	126875	126535	126785	317775	1232157	5
2024.07.25	15:00:00	126785	126825	126465	126565	330258	1281421	5
2024.07.25	16:00:00	126560	126725	126555	126590	218306	853987	5
2024.07.25	17:00:00	126590	126675	126510	126600	125856	509595	5
2024.07.25	18:00:00	126600	126615	126540	126600	16199	62373	5
2024.07.26	09:00:00	127100	127100	126685	126860	477057	1647781	5
2024.07.26	10:00:00	126860	126915	126600	126830	653532	2402814	5
2024.07.26	11:00:00	126830	127210	126760	127115	622067	2349520	5
2024.07.26	12:00:00	127110	127495	127110	127465	365660	1448946	5
2024.07.26	13:00:00	127465	127820	127455	127790	276236	1135725	5
2024.07.26	14:00:00	127790	127990	127755	127895	307444	1288396	5
2024.07.26	15:00:00	127890	128300	127875	128070	373322	1613727	5
2024.07.26	16:00:00	128065	128250	127995	128170	244952	1106322	5
2024.07.26	17:00:00	128175	128240	128115	128215	100919	507279	5
2024.07.26	18:00:00	128215	128375	128175	128230	41469	156514	5
2024.07.29	09:00:00	128115	128320	127905	128075	459894	1608633	5
2024.07.29	10:00:00	128080	128185	127430	127495	744019	2928404	5
2024.07.29	11:00:00	127495	127555	127140	127205	461585	1865412	5
2024.07.29	12:00:00	127205	127305	127120	127270	293375	1230621	5
2024.07.29	13:00:00	127270	127465	127230	127370	253892	1072066	5
2024.07.29	14:00:00	127370	127560	127225	127495	287145	1199051	5
2024.07.29	15:00:00	127495	127550	127360	127490	237000	966863	5
2024.07.29	16:00:00	127495	127645	127440	127600	215531	956631	5
2024.07.29	17:00:00	127595	127740	127515	127690	130722	600843	5
2024.07.29	18:00:00	127690	127830	127675	127795	30404	121814	5
2024.07.30	09:00:00	127520	127665	126965	127000	452973	1682719	5
2024.07.30	10:00:00	127005	127105	126720	126860	612241	2396938	5
2024.07.30	11:00:00	126860	127065	126675	126890	573652	2256406	5
2024.07.30	12:00:00	126890	126900	126605	126645	324707	1338831	5
2024.07.30	13:00:00	126645	126775	126540	126555	228099	928838	5
2024.07.30	14:00:00	126560	126650	126425	126630	317360	1292550	5
2024.07.30	15:00:00	126630	126755	126605	126735	194614	799490	5
2024.07.30	16:00:00	126735	126885	126705	126800	178257	813735	5
2024.07.30	17:00:00	126795	126875	126630	126870	190982	872297	5
2024.07.30	18:00:00	126865	126975	126825	126910	38115	135546	5
2024.07.31	09:00:00	127400	127640	127055	127290	534235	1855365	5
2024.07.31	10:00:00	127290	128050	127180	127610	790904	3003786	5
2024.07.31	11:00:00	127615	127930	127585	127665	416327	1650554	5
2024.07.31	12:00:00	127670	127865	127620	127790	230751	911114	5
2024.07.31	13:00:00	127790	128240	127780	128175	277340	1167624	5
2024.07.31	14:00:00	128175	128235	127865	127945	238657	1013613	5
2024.07.31	15:00:00	127945	128270	127735	128210	450985	1777764	5
2024.07.31	16:00:00	128210	128295	127765	127990	448210	1895392	5
2024.07.31	17:00:00	127985	128240	127980	128195	148269	640149	5
2024.07.31	18:00:00	128195	128225	128005	128105	32961	106426	5
2024.08.01	09:00:00	127980	128635	127715	128555	592322	2055318	5
2024.08.01	10:00:00	128560	129100	128520	129040	669720	2690095	5
2024.08.01	11:00:00	129040	129325	128635	128655	613639	2452357	5
2024.08.01	12:00:00	128660	128675	128140	128150	445037	1916302	5
2024.08.01	13:00:00	128145	128270	127840	127980	462164	1871039	5
2024.08.01	14:00:00	127980	128200	127850	128085	341764	1372207	5
2024.08.01	15:00:00	128085	128105	127525	127550	369169	1500806	5
2024.08.01	16:00:00	127545	127915	127515	127775	288853	1156977	5
2024.08.01	17:00:00	127775	127870	127585	127685	194536	804750	5
2024.08.01	18:00:00	127690	127750	127660	127710	29018	88466	5
2024.08.02	09:00:00	127315	127950	127100	127720	836922	2857650	5
2024.08.02	10:00:00	127720	128430	127120	127215	974467	3678593	5
2024.08.02	11:00:00	127210	127485	126655	126670	698793	2524364	5
2024.08.02	12:00:00	126665	126760	126430	126545	426923	1527198	5
2024.08.02	13:00:00	126545	126605	126310	126510	344331	1201574	5
2024.08.02	14:00:00	126515	126670	126270	126375	358891	1272145	5
2024.08.02	15:00:00	126375	126540	126250	126300	311031	1109250	5
2024.08.02	16:00:00	126300	126455	126090	126220	324863	1168564	5
2024.08.02	17:00:00	126220	126455	126205	126270	144988	579097	5
2024.08.02	18:00:00	126265	126775	126230	126775	43748	127077	5
2024.08.05	09:00:00	123790	124080	123130	123390	1048128	3180907	5
2024.08.05	10:00:00	123390	124400	123290	124300	1163999	3954270	5
2024.08.05	11:00:00	124300	124875	123980	124580	827358	2845989	5
2024.08.05	12:00:00	124575	125145	124350	124855	558104	2046823	5
2024.08.05	13:00:00	124850	125265	124830	125030	414095	1574419	5
2024.08.05	14:00:00	125035	125610	125010	125305	494800	1911556	5
2024.08.05	15:00:00	125305	125480	125070	125200	378200	1403584	5
2024.08.05	16:00:00	125205	125545	125165	125535	295994	1066805	5
2024.08.05	17:00:00	125540	125955	125320	125895	215225	841203	5
2024.08.05	18:00:00	125900	126585	125890	126105	74179	194607	5
2024.08.06	09:00:00	126050	126055	125345	125520	690527	2289064	5
2024.08.06	10:00:00	125520	126030	125470	125815	1153791	3921209	5
2024.08.06	11:00:00	125810	125995	125505	125525	754032	2603851	5
2024.08.06	12:00:00	125525	126040	125515	126000	475803	1673631	5
2024.08.06	13:00:00	126005	126465	126005	126300	451145	1688412	5
2024.08.06	14:00:00	126300	126770	126255	126610	379773	1452391	5
2024.08.06	15:00:00	126605	127240	126585	126985	412101	1661166	5
2024.08.06	16:00:00	126985	126990	126335	126340	449380	1786951	5
2024.08.06	17:00:00	126335	126475	126025	126185	224441	922443	5
2024.08.06	18:00:00	126180	126245	126110	126230	59559	153640	5
2024.08.07	09:00:00	126900	127640	126705	127360	663140	2241807	5
2024.08.07	10:00:00	127365	127660	127055	127560	1062729	3555903	5
2024.08.07	11:00:00	127565	127565	126915	127170	741707	2560303	5
2024.08.07	12:00:00	127170	127420	127015	127410	451424	1587628	5
2024.08.07	13:00:00	127415	127415	126975	127005	376520	1356554	5
2024.08.07	14:00:00	127005	127170	126835	127075	496200	1754032	5
2024.08.07	15:00:00	127070	127330	126850	127305	455835	1634357	5
2024.08.07	16:00:00	127310	127750	127260	127635	438769	1700659	5
2024.08.07	17:00:00	127635	127885	127460	127500	199342	753999	5
2024.08.07	18:00:00	127495	127730	127495	127680	47756	132813	5
2024.08.08	09:00:00	127400	127950	127395	127605	670614	2312031	5
2024.08.08	10:00:00	127605	128410	127600	128370	958902	3476705	5
2024.08.08	11:00:00	128370	128720	128325	128595	493486	1965277	5
2024.08.08	12:00:00	128590	128865	128520	128815	327867	1285777	5
2024.08.08	13:00:00	128815	128830	128665	128735	223270	867780	5
2024.08.08	14:00:00	128735	128905	128610	128755	287123	1139924	5
2024.08.08	15:00:00	128755	128975	128715	128840	316228	1262123	5
2024.08.08	16:00:00	128840	128845	128695	128750	239914	919944	5
2024.08.08	17:00:00	128750	129085	128675	129035	213030	892835	5
2024.08.08	18:00:00	129040	129265	129020	129160	71181	185239	5
2024.08.09	09:00:00	128835	129620	128635	129525	644981	2284625	5
2024.08.09	10:00:00	129530	129765	129135	129325	833967	3141760	5
2024.08.09	11:00:00	129330	129840	129160	129790	627253	2369683	5
2024.08.09	12:00:00	129790	130040	129780	129855	350198	1372011	5
2024.08.09	13:00:00	129855	130245	129850	130225	291836	1165991	5
2024.08.09	14:00:00	130230	130870	130220	130570	457985	1979881	5
2024.08.09	15:00:00	130570	130715	130470	130625	263535	1067367	5
2024.08.09	16:00:00	130625	130840	130565	130805	238925	1097955	5
2024.08.09	17:00:00	130810	131165	130790	131115	139763	666502	5
2024.08.09	18:00:00	131120	131155	130800	130990	46144	124858	5
2024.08.12	09:00:00	131000	131750	130905	131675	626120	2189918	5
2024.08.12	10:00:00	131680	131820	131290	131365	825092	2829254	5
2024.08.12	11:00:00	131360	131665	131305	131620	487802	1689845	5
2024.08.12	12:00:00	131615	131685	131345	131635	438765	1584696	5
2024.08.12	13:00:00	131635	131805	131570	131685	309740	1148493	5
2024.08.12	14:00:00	131685	131690	131350	131450	290258	1135064	5
2024.08.12	15:00:00	131455	131495	131220	131450	335881	1366146	5
2024.08.12	16:00:00	131445	131525	131315	131440	229290	977959	5
2024.08.12	17:00:00	131445	131620	131330	131510	142359	584540	5
2024.08.12	18:00:00	131505	131560	131400	131425	55242	150896	5
2024.08.13	09:00:00	131520	132300	131480	131915	679876	2394349	5
2024.08.13	10:00:00	131915	132270	131820	132170	762025	2825326	5
2024.08.13	11:00:00	132170	132340	132000	132210	523204	1997185	5
2024.08.13	12:00:00	132205	132290	131980	132000	234830	1030082	5
2024.08.13	13:00:00	132000	132465	131985	132310	350857	1515108	5
2024.08.13	14:00:00	132315	132540	132210	132330	434418	1764244	5
2024.08.13	15:00:00	132330	132520	132325	132460	246112	957442	5
2024.08.13	16:00:00	132460	132565	132400	132550	187429	672505	5
2024.08.13	17:00:00	132550	132600	132470	132535	154698	527644	5
2024.08.13	18:00:00	132530	132600	132525	132600	32254	96107	5
2024.08.14	09:00:00	134670	135005	134480	134800	596532	1861957	5
2024.08.14	10:00:00	134795	135180	134530	134970	859256	2889359	5
2024.08.14	11:00:00	134970	135170	134840	135060	415395	1446902	5
2024.08.14	12:00:00	135065	135360	134970	135330	320194	1210757	5
2024.08.14	13:00:00	135330	135420	135175	135395	307063	1168608	5
2024.08.14	14:00:00	135395	135805	135350	135760	408216	1613574	5
2024.08.14	15:00:00	135765	136010	135725	135935	277939	1084295	5
2024.08.14	16:00:00	135935	135955	135515	135530	291731	1193398	5
2024.08.14	17:00:00	135525	135525	135300	135415	188250	808526	5
2024.08.14	18:00:00	135415	135440	134800	135250	58152	170485	5
2024.08.15	09:00:00	135410	135895	135355	135830	715250	2483995	5
2024.08.15	10:00:00	135830	136275	135630	136110	790978	2857300	5
2024.08.15	11:00:00	136115	136410	136020	136375	421042	1683246	5
2024.08.15	12:00:00	136375	136620	136345	136575	279160	1184943	5
2024.08.15	13:00:00	136580	136770	136545	136615	226890	985340	5
2024.08.15	14:00:00	136620	136740	136525	136595	242422	1034146	5
2024.08.15	15:00:00	136595	136655	136250	136345	403070	1684390	5
2024.08.15	16:00:00	136350	136545	136275	136345	256233	1089215	5
2024.08.15	17:00:00	136350	136465	136300	136430	130321	537566	5
2024.08.15	18:00:00	136435	136540	136355	136425	52477	143302	5
2024.08.16	09:00:00	136200	137050	136120	136975	573533	1996597	5
2024.08.16	10:00:00	136975	137010	136750	136870	583823	2183705	5
2024.08.16	11:00:00	136870	136950	136280	136405	618984	2407646	5
2024.08.16	12:00:00	136410	136510	136260	136450	304285	1242533	5
2024.08.16	13:00:00	136455	136730	136415	136615	301652	1235142	5
2024.08.16	14:00:00	136620	136650	136145	136275	339395	1401299	5
2024.08.16	15:00:00	136275	136320	136030	136195	278891	1167306	5
2024.08.16	16:00:00	136195	136245	136065	136200	216760	908214	5
2024.08.16	17:00:00	136205	136210	136040	136090	93788	419146	5
2024.08.16	18:00:00	136090	136235	136085	136205	36796	107241	5
2024.08.19	09:00:00	136355	136775	136325	136640	503497	1711941	5
2024.08.19	10:00:00	136635	137345	136615	137290	783168	2936843	5
2024.08.19	11:00:00	137295	137500	137240	137440	458492	1838406	5
2024.08.19	12:00:00	137435	137805	137365	137720	321189	1347449	5
2024.08.19	13:00:00	137720	137945	137700	137895	252880	1078064	5
2024.08.19	14:00:00	137895	138395	137880	138155	382613	1716294	5
2024.08.19	15:00:00	138155	138255	137950	138025	265111	1122634	5
2024.08.19	16:00:00	138020	138245	137995	138130	243766	1043225	5
2024.08.19	17:00:00	138130	138205	137775	138135	219638	976645	5
2024.08.19	18:00:00	138135	138330	138060	138245	74651	208598	5
2024.08.20	09:00:00	138050	138215	137605	138200	655528	2291113	5
2024.08.20	10:00:00	138200	138305	137570	137705	907813	3360870	5
2024.08.20	11:00:00	137705	137730	137405	137705	468194	1802008	5
2024.08.20	12:00:00	137710	138010	137665	137930	382286	1478822	5
2024.08.20	13:00:00	137930	138400	137895	138140	367166	1523898	5
2024.08.20	14:00:00	138135	138325	137985	138305	336057	1398459	5
2024.08.20	15:00:00	138310	138475	138270	138320	284149	1199284	5
2024.08.20	16:00:00	138320	138420	138195	138255	252849	1089881	5
2024.08.20	17:00:00	138255	138530	138220	138505	150094	643207	5
2024.08.20	18:00:00	138500	138510	138280	138415	60999	165099	5
2024.08.21	09:00:00	138590	138835	138550	138655	418270	1402696	5
2024.08.21	10:00:00	138660	139085	138505	138835	825254	3030301	5
2024.08.21	11:00:00	138840	138915	138415	138505	669621	2449673	5
2024.08.21	12:00:00	138505	138670	138330	138375	306371	1173582	5
2024.08.21	13:00:00	138375	138535	138305	138385	269822	1045415	5
2024.08.21	14:00:00	138380	138570	138260	138380	308313	1170227	5
2024.08.21	15:00:00	138380	138840	138375	138685	431174	1657926	5
2024.08.21	16:00:00	138690	138720	138580	138590	203392	803409	5
2024.08.21	17:00:00	138590	138775	138540	138720	150274	625366	5
2024.08.21	18:00:00	138720	138805	138685	138765	37196	101191	5
2024.08.22	09:00:00	138725	138730	138120	138170	618942	2169104	5
2024.08.22	10:00:00	138170	138340	137640	137715	783446	2885681	5
2024.08.22	11:00:00	137720	137880	137470	137640	527394	1965106	5
2024.08.22	12:00:00	137645	137725	137025	137080	457584	1824956	5
2024.08.22	13:00:00	137080	137250	137000	137095	278632	1089639	5
2024.08.22	14:00:00	137095	137225	136760	136850	485551	1974282	5
2024.08.22	15:00:00	136850	137205	136740	137105	373980	1500494	5
2024.08.22	16:00:00	137100	137270	136895	137105	312787	1234010	5
2024.08.22	17:00:00	137100	137410	137070	137355	186257	749652	5
2024.08.22	18:00:00	137355	137435	137140	137350	44044	132948	5
2024.08.23	09:00:00	137760	137910	137475	137655	613876	2135640	5
2024.08.23	10:00:00	137660	137910	137320	137485	727443	2641690	5
2024.08.23	11:00:00	137485	138345	137435	138325	817394	2945778	5
2024.08.23	12:00:00	138325	138485	138150	138205	367826	1447890	5
2024.08.23	13:00:00	138205	138390	138025	138195	353534	1369461	5
2024.08.23	14:00:00	138195	138225	138070	138180	197725	729725	5
2024.08.23	15:00:00	138175	138265	138005	138045	204435	776838	5
2024.08.23	16:00:00	138040	138100	137785	137815	227592	895928	5
2024.08.23	17:00:00	137810	137840	137585	137740	164352	655321	5
2024.08.23	18:00:00	137740	137800	137610	137750	42155	121934	5
2024.08.26	09:00:00	137965	138380	137770	138290	531853	1792597	5
2024.08.26	10:00:00	138290	138670	137785	138545	1015279	3621639	5
2024.08.26	11:00:00	138545	138790	138355	138440	562537	2031632	5
2024.08.26	12:00:00	138440	138550	138150	138495	412665	1551557	5
2024.08.26	13:00:00	138495	138815	138415	138670	276456	1055642	5
2024.08.26	14:00:00	138665	138950	138625	138740	371085	1494270	5
2024.08.26	15:00:00	138745	138830	138625	138820	239875	942266	5
2024.08.26	16:00:00	138825	138865	138710	138850	192645	822247	5
2024.08.26	17:00:00	138850	138900	138770	138860	126135	535470	5
2024.08.26	18:00:00	138855	138860	138725	138810	39109	108107	5
2024.08.27	09:00:00	138750	139065	138650	138950	640419	2084239	5
2024.08.27	10:00:00	138950	138965	138460	138665	866077	3283236	5
2024.08.27	11:00:00	138670	139070	138535	138890	555555	2171643	5
2024.08.27	12:00:00	138890	139060	138695	138725	356657	1434519	5
2024.08.27	13:00:00	138725	138785	138605	138665	205562	843327	5
2024.08.27	14:00:00	138665	138895	138645	138825	260820	1098685	5
2024.08.27	15:00:00	138825	138950	138785	138835	166726	695016	5
2024.08.27	16:00:00	138835	138950	138765	138800	156174	642034	5
2024.08.27	17:00:00	138795	138825	138570	138645	147857	613774	5
2024.08.27	18:00:00	138645	138735	138585	138625	37066	104014	5
2024.08.28	09:00:00	138260	138380	137940	137960	502401	1668744	5
2024.08.28	10:00:00	137960	138115	137520	137835	915824	3471648	5
2024.08.28	11:00:00	137840	138610	137810	138450	617850	2486381	5
2024.08.28	12:00:00	138450	138585	138155	138510	367554	1501259	5
2024.08.28	13:00:00	138510	138675	138275	138555	353497	1450657	5
2024.08.28	14:00:00	138550	138805	138525	138590	321350	1360269	5
2024.08.28	15:00:00	138595	139015	138495	138980	371866	1649723	5
2024.08.28	16:00:00	138980	139280	138960	139135	316750	1383493	5
2024.08.28	17:00:00	139130	139195	138890	139120	196655	832277	5
2024.08.28	18:00:00	139120	139185	139055	139165	44654	122931	5
2024.08.29	09:00:00	139315	139425	138830	138865	458700	1578118	5
2024.08.29	10:00:00	138865	138870	138120	138405	829224	3333875	5
2024.08.29	11:00:00	138405	138460	137825	137995	618161	2590327	5
2024.08.29	12:00:00	137990	138010	137700	137750	337429	1433380	5
2024.08.29	13:00:00	137745	137825	137510	137640	342120	1436585	5
2024.08.29	14:00:00	137640	137905	137540	137870	281861	1197298	5
2024.08.29	15:00:00	137875	138070	137640	137890	362114	1567256	5
2024.08.29	16:00:00	137885	138035	137660	137735	286038	1279371	5
2024.08.29	17:00:00	137735	137750	137420	137480	148462	699060	5
2024.08.29	18:00:00	137480	137535	137400	137470	38855	115618	5
2024.08.30	09:00:00	137800	137975	136855	136945	717183	2503860	5
2024.08.30	10:00:00	136945	137170	136500	136980	832337	3054197	5
2024.08.30	11:00:00	136980	137860	136930	137655	825289	3129299	5
2024.08.30	12:00:00	137650	137860	137345	137355	428612	1684295	5
2024.08.30	13:00:00	137355	137445	136815	136885	353200	1394957	5
2024.08.30	14:00:00	136885	137155	136870	137065	280441	1055162	5
2024.08.30	15:00:00	137070	137155	136945	137000	195632	753741	5
2024.08.30	16:00:00	137000	137770	136970	137685	263315	1112623	5
2024.08.30	17:00:00	137685	138990	137635	138065	409962	1605160	5
2024.08.30	18:00:00	138070	138220	137870	138025	33341	102416	5
2024.09.02	09:00:00	137250	137485	137000	137090	603440	1935564	5
2024.09.02	10:00:00	137090	137325	136260	136320	854251	3048900	5
2024.09.02	11:00:00	136320	136570	136125	136395	534002	2051064	5
2024.09.02	12:00:00	136390	136590	136340	136460	249145	959381	5
2024.09.02	13:00:00	136455	136580	136295	136555	199291	754532	5
2024.09.02	14:00:00	136555	136945	136490	136655	320509	1187346	5
2024.09.02	15:00:00	136655	136660	136450	136475	171885	632060	5
2024.09.02	16:00:00	136475	136685	136350	136350	213525	825661	5
2024.09.02	17:00:00	136350	136485	136295	136415	149093	562577	5
2024.09.02	18:00:00	136415	136420	136220	136220	45736	119410	5
2024.09.03	09:00:00	135695	136555	135600	136370	681982	2401480	5
2024.09.03	10:00:00	136375	136590	135905	136070	912813	3487945	5
2024.09.03	11:00:00	136070	136555	135795	136130	780346	2988172	5
2024.09.03	12:00:00	136130	136310	135895	135900	405534	1529812	5
2024.09.03	13:00:00	135905	136210	135900	135990	282593	1110683	5
2024.09.03	14:00:00	135990	136430	135980	136105	359180	1449238	5
2024.09.03	15:00:00	136105	136170	135940	136035	287004	1111638	5
2024.09.03	16:00:00	136035	136100	135705	135985	292551	1204423	5
2024.09.03	17:00:00	135985	136145	135905	136105	185487	785970	5
2024.09.03	18:00:00	136100	136250	136050	136220	42451	126155	5
2024.09.04	09:00:00	135880	136685	135755	136520	659237	2213408	5
2024.09.04	10:00:00	136520	137765	136415	137635	928959	3544424	5
2024.09.04	11:00:00	137640	138460	137480	138395	685657	2801479	5
2024.09.04	12:00:00	138400	138425	138090	138100	324658	1325874	5
2024.09.04	13:00:00	138095	138115	137915	137955	249532	1020636	5
2024.09.04	14:00:00	137955	137985	137655	137770	331841	1408439	5
2024.09.04	15:00:00	137770	137920	137690	137770	281710	1140669	5
2024.09.04	16:00:00	137775	138310	137745	137920	402305	1724854	5
2024.09.04	17:00:00	137925	138075	137685	138005	238120	1026397	5
2024.09.04	18:00:00	138005	138075	137780	137920	59881	172166	5
2024.09.05	09:00:00	137850	138340	137270	137535	751803	2540897	5
2024.09.05	10:00:00	137540	138020	137350	137765	896354	3178762	5
2024.09.05	11:00:00	137760	137940	137465	137595	521656	1931664	5
2024.09.05	12:00:00	137600	137755	137485	137520	352837	1348196	5
2024.09.05	13:00:00	137520	138055	137475	138035	388623	1458896	5
2024.09.05	14:00:00	138035	138200	137730	137820	378304	1478755	5
2024.09.05	15:00:00	137820	138000	137700	137880	268637	1141366	5
2024.09.05	16:00:00	137880	138160	137825	138085	259948	1121704	5
2024.09.05	17:00:00	138085	138180	138005	138060	122056	516116	5
2024.09.05	18:00:00	138060	138295	138035	138265	27982	111986	5
2024.09.06	09:00:00	137800	138780	137560	138135	865899	2761289	5
2024.09.06	10:00:00	138135	138170	137290	137415	1066241	3503127	5
2024.09.06	11:00:00	137415	137545	136515	136585	686597	2578126	5
2024.09.06	12:00:00	136590	137015	136230	136280	529615	2073261	5
2024.09.06	13:00:00	136280	136385	136055	136185	308213	1170326	5
2024.09.06	14:00:00	136190	136375	135950	135985	308174	1187173	5
2024.09.06	15:00:00	135985	136165	135835	136120	288037	1137065	5
2024.09.06	16:00:00	136125	136155	135920	135985	216769	879656	5
2024.09.06	17:00:00	135985	136000	135650	135795	161482	665345	5
2024.09.06	18:00:00	135795	135915	135725	135915	29073	98060	5
2024.09.09	09:00:00	136500	136800	135870	136070	589041	1879228	5
2024.09.09	10:00:00	136065	136520	135860	136425	896342	3006957	5
2024.09.09	11:00:00	136425	136595	136270	136390	511428	1861869	5
2024.09.09	12:00:00	136385	136430	136120	136205	243693	905146	5
2024.09.09	13:00:00	136205	136465	136130	136395	291492	1092076	5
2024.09.09	14:00:00	136395	136535	136145	136170	275921	1040286	5
2024.09.09	15:00:00	136170	136250	135980	136220	265230	1013438	5
2024.09.09	16:00:00	136215	136315	136040	136085	206961	818286	5
2024.09.09	17:00:00	136085	136135	135870	135965	149601	592352	5
2024.09.09	18:00:00	135965	135995	135850	135850	22269	80236	5
2024.09.10	09:00:00	135740	136145	135415	135460	682302	2294710	5
2024.09.10	10:00:00	135455	135835	135265	135270	789301	2809694	5
2024.09.10	11:00:00	135270	135435	135035	135230	575628	2153933	5
2024.09.10	12:00:00	135230	135510	135165	135240	296114	1080485	5
2024.09.10	13:00:00	135240	135435	135175	135335	239969	890957	5
2024.09.10	14:00:00	135335	135395	135050	135230	280011	1077536	5
2024.09.10	15:00:00	135225	135640	135225	135605	350641	1407194	5
2024.09.10	16:00:00	135605	135795	135485	135700	262400	1090304	5
2024.09.10	17:00:00	135700	135705	135430	135635	171678	717626	5
2024.09.10	18:00:00	135630	135725	135575	135620	34419	126243	5
2024.09.11	09:00:00	135900	136240	135715	135905	713637	2383996	5
2024.09.11	10:00:00	135905	136310	135435	135590	1034783	3690855	5
2024.09.11	11:00:00	135595	135940	135015	135230	700390	2607166	5
2024.09.11	12:00:00	135235	135725	135165	135690	383091	1449890	5
2024.09.11	13:00:00	135690	136080	135645	135930	318706	1220432	5
2024.09.11	14:00:00	135930	136250	135885	136115	286908	1116309	5
2024.09.11	15:00:00	136110	136135	135835	135865	321735	1289117	5
2024.09.11	16:00:00	135860	135995	135790	135920	194288	736305	5
2024.09.11	17:00:00	135920	136140	135835	135910	157649	601705	5
2024.09.11	18:00:00	135915	135915	135695	135780	22455	79488	5
2024.09.12	09:00:00	136285	136295	135555	135595	570585	1918437	5
2024.09.12	10:00:00	135595	135665	135115	135165	773382	2859711	5
2024.09.12	11:00:00	135165	135325	134725	134800	591023	2373138	5
2024.09.12	12:00:00	134800	135185	134750	134990	321780	1315200	5
2024.09.12	13:00:00	134985	135175	134905	135135	264124	1056425	5
2024.09.12	14:00:00	135135	135440	135025	135395	296629	1249245	5
2024.09.12	15:00:00	135390	135560	135280	135450	322202	1390402	5
2024.09.12	16:00:00	135450	135490	135305	135335	185181	819604	5
2024.09.12	17:00:00	135330	135335	135135	135215	120896	498471	5
2024.09.12	18:00:00	135215	135325	135200	135260	23289	90111	5
2024.09.13	09:00:00	135250	135740	135095	135705	542275	1742882	5
2024.09.13	10:00:00	135705	136995	135695	136870	907993	3242413	5
2024.09.13	11:00:00	136870	137085	136530	137025	561439	2119087	5
2024.09.13	12:00:00	137025	137030	136645	136845	262099	1034252	5
2024.09.13	13:00:00	136850	136865	136155	136225	290831	1215983	5
2024.09.13	14:00:00	136220	136320	135915	135975	340136	1420207	5
2024.09.13	15:00:00	135975	136140	135825	136060	280411	1122358	5
2024.09.13	16:00:00	136060	136240	135995	136125	167493	713206	5
2024.09.13	17:00:00	136125	136200	136000	136105	109911	452440	5
2024.09.13	18:00:00	136110	136140	135950	136015	18207	76077	5
2024.09.16	09:00:00	136240	136315	135850	136255	548200	1856635	5
2024.09.16	10:00:00	136255	136885	136180	136655	938747	3179252	5
2024.09.16	11:00:00	136660	136755	136270	136365	473285	1773251	5
2024.09.16	12:00:00	136360	136420	136030	136055	293624	1100349	5
2024.09.16	13:00:00	136050	136250	136030	136105	215724	817049	5
2024.09.16	14:00:00	136105	136320	136015	136300	242865	920503	5
2024.09.16	15:00:00	136300	136380	136080	136130	197707	758443	5
2024.09.16	16:00:00	136135	136265	136065	136205	173026	691878	5
2024.09.16	17:00:00	136210	136375	136190	136270	116648	456709	5
2024.09.16	18:00:00	136265	136330	136210	136255	24377	88870	5
2024.09.17	09:00:00	136550	136735	135650	135880	765971	2698201	5
2024.09.17	10:00:00	135885	135940	135140	135395	863135	3209665	5
2024.09.17	11:00:00	135395	135975	135350	135460	663218	2621587	5
2024.09.17	12:00:00	135455	135785	135420	135620	306672	1164227	5
2024.09.17	13:00:00	135625	135720	135360	135430	311054	1212837	5
2024.09.17	14:00:00	135425	135850	135370	135850	344234	1372791	5
2024.09.17	15:00:00	135850	135915	135720	135820	289518	1154091	5
2024.09.17	16:00:00	135820	135965	135725	135950	173401	717543	5
2024.09.17	17:00:00	135950	136245	135930	136150	166339	660971	5
2024.09.17	18:00:00	136150	136285	136145	136285	23797	96639	5
2024.09.18	09:00:00	136040	136190	135190	135305	674985	2228684	5
2024.09.18	10:00:00	135305	135955	135050	135390	1077279	3942453	5
2024.09.18	11:00:00	135390	135595	134965	135060	543570	2068573	5
2024.09.18	12:00:00	135060	135095	134795	134820	296855	1186491	5
2024.09.18	13:00:00	134820	135215	134790	135205	252890	961344	5
2024.09.18	14:00:00	135205	135600	135005	135355	351864	1314132	5
2024.09.18	15:00:00	135355	136245	135200	135240	1026247	3488899	5
2024.09.18	16:00:00	135235	135320	134645	134755	745885	2705180	5
2024.09.18	17:00:00	134755	134885	134500	134530	219943	752842	5
2024.09.18	18:00:00	134530	134665	134450	134600	30727	105255	5
2024.09.19	09:00:00	135750	136180	135450	135495	908160	3012079	5
2024.09.19	10:00:00	135495	135785	134815	134945	1069743	3593786	5
2024.09.19	11:00:00	134945	135100	134310	134650	658553	2388782	5
2024.09.19	12:00:00	134645	134835	134510	134695	361733	1340633	5
2024.09.19	13:00:00	134690	134890	134625	134835	239556	908158	5
2024.09.19	14:00:00	134835	134850	134200	134315	381426	1496398	5
2024.09.19	15:00:00	134320	134485	134120	134335	331224	1266422	5
2024.09.19	16:00:00	134335	134400	134060	134155	251890	970296	5
2024.09.19	17:00:00	134155	134170	133740	133830	185740	725132	5
2024.09.19	18:00:00	133825	133830	133670	133715	27316	111877	5
2024.09.20	09:00:00	133740	134115	133565	133825	934237	2908877	5
2024.09.20	10:00:00	133825	134060	133125	133245	1198279	3967766	5
2024.09.20	11:00:00	133245	133270	132550	132620	525316	1970351	5
2024.09.20	12:00:00	132620	132725	132385	132510	392308	1474863	5
2024.09.20	13:00:00	132515	132555	132105	132135	344640	1325349	5
2024.09.20	14:00:00	132140	132235	131810	131885	317652	1273380	5
2024.09.20	15:00:00	131880	132000	131710	131890	279022	1136452	5
2024.09.20	16:00:00	131890	132095	131755	131820	302744	1227950	5
2024.09.20	17:00:00	131825	132030	131725	131845	187231	709195	5
2024.09.20	18:00:00	131850	131855	131610	131610	29842	123254	5
2024.09.23	09:00:00	131400	131540	130885	131380	830439	2591591	5
2024.09.23	10:00:00	131380	131750	131115	131210	901970	3126031	5
2024.09.23	11:00:00	131210	131585	130850	131430	644099	2341896	5
2024.09.23	12:00:00	131435	131640	131340	131510	344029	1255006	5
2024.09.23	13:00:00	131515	131515	131230	131370	328315	1234301	5
2024.09.23	14:00:00	131375	131565	131230	131440	274202	998720	5
2024.09.23	15:00:00	131445	131485	131125	131180	260711	972466	5
2024.09.23	16:00:00	131185	131480	131160	131380	250148	960947	5
2024.09.23	17:00:00	131380	131450	131200	131265	164106	592630	5
2024.09.23	18:00:00	131265	131415	131265	131360	25163	97275	5
2024.09.24	09:00:00	132590	133230	132430	133095	782903	2471835	5
2024.09.24	10:00:00	133095	133865	132805	133485	1127008	3823746	5
2024.09.24	11:00:00	133485	133520	132610	132630	654670	2456430	5
2024.09.24	12:00:00	132630	132895	132335	132820	429309	1653708	5
2024.09.24	13:00:00	132825	133245	132780	133105	297612	1152891	5
2024.09.24	14:00:00	133105	133130	132830	132950	262814	999885	5
2024.09.24	15:00:00	132950	133195	132925	133170	259248	998186	5
2024.09.24	16:00:00	133170	133175	132810	132975	246850	956777	5
2024.09.24	17:00:00	132970	132995	132845	132950	122084	443574	5
2024.09.24	18:00:00	132945	132975	132855	132900	18937	73547	5
2024.09.25	09:00:00	133370	133845	133055	133330	751120	2252658	5
2024.09.25	10:00:00	133330	133705	132910	132995	1018911	3280508	5
2024.09.25	11:00:00	132995	133170	132595	132880	656421	2408379	5
2024.09.25	12:00:00	132875	133000	132325	132465	449266	1751736	5
2024.09.25	13:00:00	132470	132820	132425	132510	323974	1246465	5
2024.09.25	14:00:00	132515	132515	132165	132340	342218	1326280	5
2024.09.25	15:00:00	132340	132485	132250	132385	251895	967148	5
2024.09.25	16:00:00	132385	132480	132245	132305	197230	790278	5
2024.09.25	17:00:00	132305	132455	132175	132400	146369	544084	5
2024.09.25	18:00:00	132400	132720	132340	132430	25064	97872	5
2024.09.26	09:00:00	133300	134000	133155	133375	850030	2504108	5
2024.09.26	10:00:00	133370	133775	133045	133210	1078577	3392982	5
2024.09.26	11:00:00	133205	133395	132745	132770	668183	2404451	5
2024.09.26	12:00:00	132770	133325	132760	133155	383269	1392951	5
2024.09.26	13:00:00	133155	133645	133065	133470	315625	1192599	5
2024.09.26	14:00:00	133470	133820	133425	133815	283331	1089427	5
2024.09.26	15:00:00	133820	133990	133685	133805	308054	1225071	5
2024.09.26	16:00:00	133805	133875	133485	133695	331425	1294144	5
2024.09.26	17:00:00	133695	133785	133500	133610	149502	532349	5
2024.09.26	18:00:00	133610	133640	133525	133535	25974	92460	5
2024.09.27	09:00:00	133600	133660	133105	133475	670437	2054938	5
2024.09.27	10:00:00	133475	134175	133400	134065	937443	3206969	5
2024.09.27	11:00:00	134060	134595	133910	134315	565877	2083851	5
2024.09.27	12:00:00	134315	134425	133705	133755	400012	1511899	5
2024.09.27	13:00:00	133755	133945	133660	133670	295629	1109646	5
2024.09.27	14:00:00	133665	133735	133335	133700	300135	1161062	5
2024.09.27	15:00:00	133695	133845	133325	133405	352854	1406879	5
2024.09.27	16:00:00	133405	133565	133240	133430	262809	1056755	5
2024.09.27	17:00:00	133435	133435	133215	133335	136485	502263	5
2024.09.27	18:00:00	133335	133415	133305	133370	17050	64631	5
2024.09.30	09:00:00	133715	134195	133370	133665	630039	1863368	5
2024.09.30	10:00:00	133660	133710	133030	133105	884785	2687003	5
2024.09.30	11:00:00	133100	133550	132950	133450	495091	1728431	5
2024.09.30	12:00:00	133450	133620	132865	132880	331610	1205262	5
2024.09.30	13:00:00	132875	133090	132855	132890	222918	769991	5
2024.09.30	14:00:00	132890	133065	132835	132985	243000	904394	5
2024.09.30	15:00:00	132980	133090	132465	132780	436139	1700521	5
2024.09.30	16:00:00	132780	132860	132585	132600	295402	1149532	5
2024.09.30	17:00:00	132595	132765	132455	132715	187401	667302	5
2024.09.30	18:00:00	132715	132800	132635	132675	32738	99877	5
2024.10.01	09:00:00	132445	133180	132370	133115	722900	2215527	5
2024.10.01	10:00:00	133110	133320	132540	132995	1337026	4237538	5
2024.10.01	11:00:00	132995	133685	132810	133655	904370	3241074	5
2024.10.01	12:00:00	133655	133960	133320	133795	506998	1880007	5
2024.10.01	13:00:00	133790	133990	133625	133910	425477	1598121	5
2024.10.01	14:00:00	133915	133965	133010	133565	641168	2514868	5
2024.10.01	15:00:00	133565	133740	133370	133490	362723	1425215	5
2024.10.01	16:00:00	133490	133495	133045	133090	280212	1092160	5
2024.10.01	17:00:00	133085	133480	132930	133340	264589	972871	5
2024.10.01	18:00:00	133335	133585	133330	133485	31170	118484	5
2024.10.02	09:00:00	133720	134800	133645	134765	936214	2818429	5
2024.10.02	10:00:00	134765	135470	134750	135020	1275479	4100809	5
2024.10.02	11:00:00	135020	135480	134540	134585	726433	2578480	5
2024.10.02	12:00:00	134585	134875	134370	134875	490159	1852504	5
2024.10.02	13:00:00	134870	134985	134555	134635	341711	1231148	5
2024.10.02	14:00:00	134630	134705	134405	134650	275761	1026580	5
2024.10.02	15:00:00	134645	134660	133780	133930	440059	1729712	5
2024.10.02	16:00:00	133930	134155	133875	134090	230930	887192	5
2024.10.02	17:00:00	134085	134305	133910	134070	224823	769528	5
2024.10.02	18:00:00	134075	134210	134065	134140	28440	97114	5
2024.10.03	09:00:00	133875	133940	132550	132655	987763	3118259	5
2024.10.03	10:00:00	132660	132725	131995	132280	1160588	3838550	5
2024.10.03	11:00:00	132280	132360	131540	131585	863073	3208923	5
2024.10.03	12:00:00	131580	131940	131570	131750	363580	1361443	5
2024.10.03	13:00:00	131750	131990	131600	131740	405097	1587331	5
2024.10.03	14:00:00	131745	131915	131625	131885	361082	1401076	5
2024.10.03	15:00:00	131890	132330	131730	132070	455175	1855412	5
2024.10.03	16:00:00	132070	132130	131925	132055	302900	1243884	5
2024.10.03	17:00:00	132055	132180	131955	132000	187224	746730	5
2024.10.03	18:00:00	132005	132015	131870	131920	35570	136292	5
2024.10.04	09:00:00	132150	132600	131335	131525	1115932	3334310	5
2024.10.04	10:00:00	131525	132200	131395	131980	1119195	3598425	5
2024.10.04	11:00:00	131975	132310	131840	131965	569602	2126817	5
2024.10.04	12:00:00	131960	132100	131680	131975	342145	1333074	5
2024.10.04	13:00:00	131980	132090	131920	132065	215175	864386	5
2024.10.04	14:00:00	132065	132225	131885	131955	253566	1062433	5
2024.10.04	15:00:00	131955	132275	131930	132240	233600	993344	5
2024.10.04	16:00:00	132240	132295	132100	132240	186788	807248	5
2024.10.04	17:00:00	132240	132245	132060	132150	108162	434718	5
2024.10.04	18:00:00	132145	132210	132080	132210	22639	83884	5
2024.10.07	09:00:00	131910	133165	131850	133165	822533	2460386	5
2024.10.07	10:00:00	133165	133200	131965	132810	1066626	3493188	5
2024.10.07	11:00:00	132815	133350	132635	132650	594308	2164639	5
2024.10.07	12:00:00	132650	132695	132190	132335	418545	1610652	5
2024.10.07	13:00:00	132335	132465	132155	132370	259934	994293	5
2024.10.07	14:00:00	132365	132630	132305	132545	289354	1119986	5
2024.10.07	15:00:00	132540	132615	131965	132145	424686	1676280	5
2024.10.07	16:00:00	132150	132360	132045	132265	259506	1050592	5
2024.10.07	17:00:00	132265	132415	132210	132350	144990	563501	5
2024.10.07	18:00:00	132355	132380	132245	132315	30606	113243	5
2024.10.08	09:00:00	131385	131700	130680	130835	1075466	3400896	5
2024.10.08	10:00:00	130840	131595	130600	131535	1154055	3734352	5
2024.10.08	11:00:00	131535	131575	131015	131480	648212	2378062	5
2024.10.08	12:00:00	131475	131720	131335	131705	384046	1530757	5
2024.10.08	13:00:00	131705	131910	131600	131720	340170	1347550	5
2024.10.08	14:00:00	131720	131815	131460	131755	304394	1226098	5
2024.10.08	15:00:00	131755	131935	131650	131655	280746	1157106	5
2024.10.08	16:00:00	131660	131815	131475	131705	250437	1041820	5
2024.10.08	17:00:00	131705	131785	131565	131700	151187	593094	5
2024.10.08	18:00:00	131705	131825	131640	131825	26058	106577	5
2024.10.09	09:00:00	131750	131825	130705	130775	841839	2720186	5
2024.10.09	10:00:00	130780	130845	130270	130635	870624	3131952	5
2024.10.09	11:00:00	130640	130645	130105	130610	636357	2456482	5
2024.10.09	12:00:00	130610	130730	130160	130220	453780	1814580	5
2024.10.09	13:00:00	130225	130395	129870	129970	420418	1680754	5
2024.10.09	14:00:00	129970	130075	129895	130020	255941	1073466	5
2024.10.09	15:00:00	130020	130100	129860	129950	282083	1195607	5
2024.10.09	16:00:00	129950	130220	129930	130075	286491	1238938	5
2024.10.09	17:00:00	130080	130180	130050	130110	128507	536607	5
2024.10.09	18:00:00	130115	130120	129910	130005	45050	176154	5
2024.10.10	09:00:00	130240	130390	129895	130285	820261	2454820	5
2024.10.10	10:00:00	130280	130505	129945	130235	981542	3101769	5
2024.10.10	11:00:00	130235	130530	130205	130390	472274	1727386	5
2024.10.10	12:00:00	130390	130570	130290	130300	262720	1052703	5
2024.10.10	13:00:00	130305	130450	130205	130230	231963	922384	5
2024.10.10	14:00:00	130230	130495	129955	130465	378084	1531283	5
2024.10.10	15:00:00	130470	130555	130355	130455	215117	886094	5
2024.10.10	16:00:00	130455	130635	130390	130540	161001	679494	5
2024.10.10	17:00:00	130540	130645	130420	130525	142020	581065	5
2024.10.10	18:00:00	130525	130590	130475	130475	23783	92953	5
2024.10.11	09:00:00	130340	130945	130200	130245	818324	2655605	5
2024.10.11	10:00:00	130245	130310	129375	129515	834160	2940015	5
2024.10.11	11:00:00	129510	130145	129440	129910	547986	2062848	5
2024.10.11	12:00:00	129915	130195	129700	129740	324358	1290838	5
2024.10.11	13:00:00	129740	129765	129530	129750	273155	1068524	5
2024.10.11	14:00:00	129750	130060	129745	129960	282259	1166590	5
2024.10.11	15:00:00	129960	130080	129860	130005	213411	884786	5
2024.10.11	16:00:00	130010	130245	129960	130175	176403	751186	5
2024.10.11	17:00:00	130180	130205	130065	130160	98705	398270	5
2024.10.11	18:00:00	130165	130405	130140	130270	26201	104885	5
2024.10.14	09:00:00	130100	130165	129420	130115	833543	2543900	5
2024.10.14	10:00:00	130120	130525	129790	130010	1162779	3679316	5
2024.10.14	11:00:00	130015	130570	129740	130475	622487	2235451	5
2024.10.14	12:00:00	130480	130585	129800	130550	438556	1758663	5
2024.10.14	13:00:00	130550	130920	130460	130890	417535	1639074	5
2024.10.14	14:00:00	130895	131255	130725	131090	377296	1478700	5
2024.10.14	15:00:00	131095	131270	131025	131165	281081	1171401	5
2024.10.14	16:00:00	131160	131260	131050	131150	182138	772277	5
2024.10.14	17:00:00	131150	131175	130935	131055	148050	621273	5
2024.10.14	18:00:00	131060	131190	131020	131190	28021	115160	5
2024.10.15	09:00:00	130610	131195	130410	130750	781712	2473581	5
2024.10.15	10:00:00	130750	131330	130205	130365	1082925	3762358	5
2024.10.15	11:00:00	130365	131145	130290	130955	676504	2636784	5
2024.10.15	12:00:00	130960	131115	130560	130585	331694	1297161	5
2024.10.15	13:00:00	130585	130850	130515	130840	308389	1179079	5
2024.10.15	14:00:00	130840	130955	130625	130895	303863	1227140	5
2024.10.15	15:00:00	130895	130945	130750	130910	224900	959303	5
2024.10.15	16:00:00	130905	130940	130735	130895	195689	777870	5
2024.10.15	17:00:00	130895	131100	130860	130890	164858	587847	5
2024.10.15	18:00:00	130890	130930	130765	130765	19350	77152	5
2024.10.16	09:00:00	133190	133905	132955	133335	1050601	3310655	5
2024.10.16	10:00:00	133340	133530	132910	133030	883415	2933707	5
2024.10.16	11:00:00	133030	133695	132935	133680	662994	2528994	5
2024.10.16	12:00:00	133675	133685	133370	133575	327108	1270215	5
2024.10.16	13:00:00	133570	133975	133545	133810	327751	1296913	5
2024.10.16	14:00:00	133810	134360	133795	134205	394752	1529306	5
2024.10.16	15:00:00	134200	134255	133785	133830	300461	1345734	5
2024.10.16	16:00:00	133835	133875	133640	133685	223098	1024882	5
2024.10.16	17:00:00	133690	133870	133610	133660	136821	571189	5
2024.10.16	18:00:00	133655	133685	133465	133465	24726	112045	5
2024.10.17	09:00:00	133340	133430	132235	132285	815579	2803247	5
2024.10.17	10:00:00	132280	132640	131940	132505	965421	3410793	5
2024.10.17	11:00:00	132510	132805	132450	132710	570398	2084648	5
2024.10.17	12:00:00	132710	132885	132545	132565	304217	1233720	5
2024.10.17	13:00:00	132560	132795	132375	132770	294728	1162010	5
2024.10.17	14:00:00	132770	132985	132655	132915	258773	1034703	5
2024.10.17	15:00:00	132915	132995	132800	132825	208619	873282	5
2024.10.17	16:00:00	132830	132990	132825	132965	153706	704680	5
2024.10.17	17:00:00	132970	132990	132825	132920	118780	533037	5
2024.10.17	18:00:00	132920	133080	132890	133020	28808	115597	5
2024.10.18	09:00:00	133470	133650	132770	133495	786568	2617229	5
2024.10.18	10:00:00	133500	133820	132350	132410	969347	3604299	5
2024.10.18	11:00:00	132405	132830	132120	132555	569859	2435489	5
2024.10.18	12:00:00	132555	132565	132150	132330	323557	1367353	5
2024.10.18	13:00:00	132330	132530	132250	132370	196012	795662	5
2024.10.18	14:00:00	132375	132480	132175	132230	225620	957884	5
2024.10.18	15:00:00	132230	132505	132155	132475	172316	771691	5
2024.10.18	16:00:00	132475	132690	132335	132675	188842	898382	5
2024.10.18	17:00:00	132675	132785	132425	132600	161588	675976	5
2024.10.18	18:00:00	132605	132610	132310	132310	30080	118292	5
2024.10.21	09:00:00	132140	132935	132010	132920	849661	2816235	5
2024.10.21	10:00:00	132925	133115	132635	132655	933106	3155487	5
2024.10.21	11:00:00	132655	132845	132170	132415	773599	2874736	5
2024.10.21	12:00:00	132420	132555	132105	132445	417112	1632948	5
2024.10.21	13:00:00	132445	132690	132240	132660	325083	1277231	5
2024.10.21	14:00:00	132655	132670	132265	132290	247298	961178	5
2024.10.21	15:00:00	132290	132480	132155	132280	262806	1112117	5
2024.10.21	16:00:00	132275	132435	132260	132330	184180	814989	5
2024.10.21	17:00:00	132330	132430	132295	132355	93982	376498	5
2024.10.21	18:00:00	132355	132360	132220	132220	18290	74690	5
2024.10.22	09:00:00	132050	132135	131305	131405	876440	2911036	5
2024.10.22	10:00:00	131405	132135	131080	131180	1303206	4729287	5
2024.10.22	11:00:00	131180	131660	130960	131370	726974	2963053	5
2024.10.22	12:00:00	131365	131575	131015	131565	364117	1565949	5
2024.10.22	13:00:00	131565	131825	131495	131575	311453	1297541	5
2024.10.22	14:00:00	131570	131660	131225	131560	320418	1323406	5
2024.10.22	15:00:00	131555	131890	131370	131820	307758	1312059	5
2024.10.22	16:00:00	131820	132065	131800	131945	172898	783397	5
2024.10.22	17:00:00	131945	132020	131830	131990	137220	552752	5
2024.10.22	18:00:00	131995	132195	131980	132120	34615	144884	5
2024.10.23	09:00:00	131510	131530	130700	130790	828872	2865846	5
2024.10.23	10:00:00	130785	131295	130740	131160	1060551	3745457	5
2024.10.23	11:00:00	131155	131205	130430	130695	742414	2917044	5
2024.10.23	12:00:00	130700	131070	130540	131050	341733	1433126	5
2024.10.23	13:00:00	131050	131100	130650	130910	349124	1378673	5
2024.10.23	14:00:00	130910	131140	130800	130985	361091	1521024	5
2024.10.23	15:00:00	130985	131015	130765	130980	246191	1094401	5
2024.10.23	16:00:00	130980	131100	130895	131060	192130	910847	5
2024.10.23	17:00:00	131060	131120	130965	130990	110346	496182	5
2024.10.23	18:00:00	130985	131035	130800	130800	23078	101364	5
2024.10.24	09:00:00	131315	131555	130870	131000	971427	3286062	5
2024.10.24	10:00:00	130995	131120	130610	130955	928185	3229481	5
2024.10.24	11:00:00	130950	131295	130640	131270	525690	2014025	5
2024.10.24	12:00:00	131270	131405	131045	131050	359196	1481986	5
2024.10.24	13:00:00	131050	131075	130665	131015	363291	1465271	5
2024.10.24	14:00:00	131015	131885	130995	131465	529472	2084886	5
2024.10.24	15:00:00	131460	131640	131360	131490	301421	1218047	5
2024.10.24	16:00:00	131490	132040	131480	131925	262438	1094705	5
2024.10.24	17:00:00	131925	132050	131850	131985	139031	548589	5
2024.10.24	18:00:00	131990	132215	131980	132180	39888	158535	5
2024.10.25	09:00:00	132300	132360	131655	132040	816896	2705449	5
2024.10.25	10:00:00	132040	132260	131680	131845	924943	3097587	5
2024.10.25	11:00:00	131845	132340	131735	132125	656122	2378101	5
2024.10.25	12:00:00	132120	132145	131585	131665	362709	1419466	5
2024.10.25	13:00:00	131670	132170	131530	131950	378374	1468160	5
2024.10.25	14:00:00	131955	132005	131510	131525	352375	1402675	5
2024.10.25	15:00:00	131530	131830	131520	131795	246623	1034544	5
2024.10.25	16:00:00	131795	131805	131600	131710	195855	839668	5
2024.10.25	17:00:00	131715	131850	131620	131695	113787	475527	5
2024.10.25	18:00:00	131695	131705	131480	131480	35611	135791	5
2024.10.28	09:00:00	131600	132470	131355	132460	759776	2543036	5
2024.10.28	10:00:00	132460	132960	132265	132875	888661	3220012	5
2024.10.28	11:00:00	132875	132960	132615	132895	542052	2057491	5
2024.10.28	12:00:00	132895	133120	132835	132970	342917	1410557	5
2024.10.28	13:00:00	132965	133060	132855	132895	230401	930942	5
2024.10.28	14:00:00	132895	133240	132820	133170	352126	1453030	5
2024.10.28	15:00:00	133175	133210	132925	133000	229024	994526	5
2024.10.28	16:00:00	133000	133110	132905	133075	216795	975848	5
2024.10.28	17:00:00	133075	133290	132960	133250	151291	677794	5
2024.10.28	18:00:00	133250	133560	133240	133395	69986	290108	5
2024.10.29	09:00:00	133125	133485	132975	133365	925660	3208847	5
2024.10.29	10:00:00	133360	133475	132915	133060	971175	3518026	5
2024.10.29	11:00:00	133065	133230	132880	133020	603291	2269943	5
2024.10.29	12:00:00	133020	133245	132780	132895	350434	1454180	5
2024.10.29	13:00:00	132900	132940	132660	132735	335606	1381679	5
2024.10.29	14:00:00	132735	132825	132395	132465	316421	1351147	5
2024.10.29	15:00:00	132460	132710	132385	132460	257070	1145298	5
2024.10.29	16:00:00	132465	132550	132355	132520	194414	894779	5
2024.10.29	17:00:00	132520	132600	132390	132455	137819	573657	5
2024.10.29	18:00:00	132455	132485	132330	132405	27378	117827	5
2024.10.30	09:00:00	132250	132435	131885	132395	711464	2338920	5
2024.10.30	10:00:00	132400	132705	132240	132610	944745	3384154	5
2024.10.30	11:00:00	132605	132665	132080	132335	539462	2034551	5
2024.10.30	12:00:00	132330	132715	132255	132440	371753	1455231	5
2024.10.30	13:00:00	132440	132475	132285	132345	255942	992621	5
2024.10.30	14:00:00	132340	132470	132260	132365	209503	875662	5
2024.10.30	15:00:00	132365	132540	132350	132415	157404	741498	5
2024.10.30	16:00:00	132415	132430	132210	132365	193563	902573	5
2024.10.30	17:00:00	132365	132400	132275	132310	94839	409925	5
2024.10.30	18:00:00	132310	132335	132140	132140	22278	95989	5
2024.10.31	09:00:00	131940	132185	131700	131800	672899	2176928	5
2024.10.31	10:00:00	131795	132300	131555	131965	1040395	3576790	5
2024.10.31	11:00:00	131965	132335	131755	131785	555397	2031943	5
2024.10.31	12:00:00	131780	131940	131570	131675	346357	1397734	5
2024.10.31	13:00:00	131675	131800	131575	131680	235527	935190	5
2024.10.31	14:00:00	131680	131745	131365	131450	284643	1147091	5
2024.10.31	15:00:00	131445	131585	131350	131505	235304	1001718	5
2024.10.31	16:00:00	131500	131560	131215	131340	237691	1078298	5
2024.10.31	17:00:00	131335	131420	131235	131260	128518	498080	5
2024.10.31	18:00:00	131255	131270	131030	131140	43211	173396	5
2024.11.01	09:00:00	131465	131635	131045	131605	613932	2167731	5
2024.11.01	10:00:00	131600	131625	130585	130890	897992	3306732	5
2024.11.01	11:00:00	130890	130955	130265	130510	614874	2311242	5
2024.11.01	12:00:00	130510	130520	130225	130340	258309	1022145	5
2024.11.01	13:00:00	130340	130420	130235	130255	195623	757674	5
2024.11.01	14:00:00	130250	130260	129865	129925	275068	1134244	5
2024.11.01	15:00:00	129920	129990	129705	129805	300159	1390457	5
2024.11.01	16:00:00	129810	129825	129455	129520	229325	1047409	5
2024.11.01	17:00:00	129520	129660	129090	129160	169736	708957	5
2024.11.01	18:00:00	129155	129200	128995	129170	44298	183468	5
2024.11.04	09:00:00	130000	130830	130000	130785	665356	2175141	5
2024.11.04	10:00:00	130790	131185	130710	131120	766117	2718721	5
2024.11.04	11:00:00	131125	131645	131090	131575	538060	2188842	5
2024.11.04	12:00:00	131575	132170	131540	132110	424242	1950976	5
2024.11.04	13:00:00	132110	132145	131695	131750	347731	1442906	5
2024.11.04	14:00:00	131750	131890	131505	131655	388009	1628959	5
2024.11.04	15:00:00	131650	131765	131505	131730	286686	1242781	5
2024.11.04	16:00:00	131735	131875	131650	131660	201967	903954	5
2024.11.04	17:00:00	131665	132040	131615	132010	202455	862030	5
2024.11.04	18:00:00	132015	132135	131925	131995	64538	304192	5
2024.11.05	09:00:00	131925	132125	131715	132005	652758	2140135	5
2024.11.05	10:00:00	132005	132095	131560	131635	800749	2894662	5
2024.11.05	11:00:00	131630	131895	131230	131390	626613	2463000	5
2024.11.05	12:00:00	131390	131495	131130	131420	394458	1635458	5
2024.11.05	13:00:00	131420	131715	131385	131665	288802	1153096	5
2024.11.05	14:00:00	131670	132080	131635	131880	351907	1448086	5
2024.11.05	15:00:00	131875	132090	131860	132020	213571	924899	5
2024.11.05	16:00:00	132020	132265	131880	132055	224140	1000727	5
2024.11.05	17:00:00	132055	132145	131945	132125	159907	670492	5
2024.11.05	18:00:00	132125	132180	131930	131930	41045	197184	5
2024.11.06	09:00:00	130655	130910	129845	129905	1061691	3531562	5
2024.11.06	10:00:00	129910	130865	129780	130850	1107438	3729103	5
2024.11.06	11:00:00	130855	130980	130105	130420	766783	2654343	5
2024.11.06	12:00:00	130425	131405	130375	131325	652957	2519538	5
2024.11.06	13:00:00	131320	131375	130680	131160	465057	1703471	5
2024.11.06	14:00:00	131160	131725	131070	131660	389869	1502381	5
2024.11.06	15:00:00	131655	132020	131570	131645	392514	1627606	5
2024.11.06	16:00:00	131645	131815	131605	131720	201673	879953	5
2024.11.06	17:00:00	131715	131835	131550	131565	136044	581203	5
2024.11.06	18:00:00	131570	131665	130440	130440	86020	421199	5
2024.11.07	09:00:00	131150	131680	130895	131035	789585	2501236	5
2024.11.07	10:00:00	131030	132600	130955	132555	1153823	3892816	5
2024.11.07	11:00:00	132555	132665	131905	131915	741641	2704838	5
2024.11.07	12:00:00	131910	132065	131515	131560	436743	1741060	5
2024.11.07	13:00:00	131555	131590	131170	131320	474354	1843158	5
2024.11.07	14:00:00	131320	131460	130605	130775	498583	1967758	5
2024.11.07	15:00:00	130775	131090	130705	130920	293377	1254860	5
2024.11.07	16:00:00	130915	131175	130680	130940	414183	1586132	5
2024.11.07	17:00:00	130940	131425	130910	130945	315011	1149822	5
2024.11.07	18:00:00	130940	131040	130790	130935	66456	243457	5
2024.11.08	09:00:00	130100	130340	129015	129065	772284	2706710	5
2024.11.08	10:00:00	129070	129340	128660	129280	885664	3185906	5
2024.11.08	11:00:00	129280	129440	128760	128835	726716	2577225	5
2024.11.08	12:00:00	128840	128955	128435	128605	530000	2059575	5
2024.11.08	13:00:00	128605	128680	128105	128125	442035	1684707	5
2024.11.08	14:00:00	128120	128380	128025	128365	363032	1445553	5
2024.11.08	15:00:00	128360	128640	128250	128615	313264	1329556	5
2024.11.08	16:00:00	128610	129070	128530	129005	300576	1311030	5
2024.11.08	17:00:00	129005	129345	128630	129055	359352	1472541	5
2024.11.08	18:00:00	129055	129065	128800	128870	78507	299345	5
2024.11.11	09:00:00	128450	128815	128230	128480	831743	2703097	5
2024.11.11	10:00:00	128475	128795	128300	128680	932820	3196469	5
2024.11.11	11:00:00	128675	128755	128385	128425	607965	2215722	5
2024.11.11	12:00:00	128425	128840	128375	128750	386815	1621590	5
2024.11.11	13:00:00	128750	128980	128675	128950	288424	1136580	5
2024.11.11	14:00:00	128945	129095	128795	128975	326967	1307709	5
2024.11.11	15:00:00	128980	129215	128820	128920	306932	1320406	5
2024.11.11	16:00:00	128920	129090	128790	129015	218203	937714	5
2024.11.11	17:00:00	129015	129150	128860	128895	232560	910073	5
2024.11.11	18:00:00	128895	128990	128825	128900	52208	200466	5
2024.11.12	09:00:00	128520	128970	128230	128945	694262	2357824	5
2024.11.12	10:00:00	128945	129250	128405	128505	934575	3415258	5
2024.11.12	11:00:00	128505	129125	128400	128855	652400	2446650	5
2024.11.12	12:00:00	128855	129060	128815	128925	348628	1324001	5
2024.11.12	13:00:00	128930	129100	128745	128785	336325	1276441	5
2024.11.12	14:00:00	128785	128785	128390	128485	379420	1463140	5
2024.11.12	15:00:00	128485	128865	128460	128740	295597	1206619	5
2024.11.12	16:00:00	128735	128805	128625	128675	184106	772488	5
2024.11.12	17:00:00	128675	128770	128540	128600	174250	706908	5
2024.11.12	18:00:00	128600	128820	128595	128700	45861	193679	5
2024.11.13	09:00:00	128800	129225	128465	128575	732318	2369043	5
2024.11.13	10:00:00	128570	129020	128275	128640	1013859	3452206	5
2024.11.13	11:00:00	128645	128855	127905	128080	766879	2868109	5
2024.11.13	12:00:00	128080	128195	127820	128035	480098	1904960	5
2024.11.13	13:00:00	128035	128175	127890	127935	316321	1256756	5
2024.11.13	14:00:00	127930	128385	127905	128150	285499	1071178	5
2024.11.13	15:00:00	128150	128295	127945	127980	288487	1161988	5
2024.11.13	16:00:00	127980	129020	127970	129005	437775	1827142	5
2024.11.13	17:00:00	129005	129115	128690	128840	276133	1109949	5
2024.11.13	18:00:00	128840	128895	128695	128755	61829	230166	5
2024.11.14	09:00:00	129065	129160	128510	128510	809364	2632025	5
2024.11.14	10:00:00	128515	128985	128350	128970	885662	3062641	5
2024.11.14	11:00:00	128970	129440	128875	129120	728813	2574302	5
2024.11.14	12:00:00	129120	129295	128885	128930	370885	1380154	5
2024.11.14	13:00:00	128930	129205	128920	129090	257500	925121	5
2024.11.14	14:00:00	129090	129165	128715	128920	341665	1272191	5
2024.11.14	15:00:00	128915	128980	128595	128905	292435	1175735	5
2024.11.14	16:00:00	128905	129090	128815	128820	203078	815932	5
2024.11.14	17:00:00	128815	128925	128590	128625	279687	1045907	5
2024.11.14	18:00:00	128625	128740	128595	128620	48984	188346	5
2024.11.18	09:00:00	128850	129295	128325	128390	702013	2197120	5
2024.11.18	10:00:00	128390	128745	128275	128595	739512	2467381	5
2024.11.18	11:00:00	128595	129250	128225	128530	782947	2705695	5
2024.11.18	12:00:00	128535	128535	128105	128515	392691	1428755	5
2024.11.18	13:00:00	128515	128575	128230	128260	328950	1167899	5
2024.11.18	14:00:00	128260	128895	128220	128830	337177	1207531	5
2024.11.18	15:00:00	128830	128945	128530	128575	322906	1212415	5
2024.11.18	16:00:00	128570	128800	128545	128755	216022	816854	5
2024.11.18	17:00:00	128755	128875	128630	128740	177871	641275	5
2024.11.18	18:00:00	128740	128780	128580	128580	42346	152435	5
2024.11.19	09:00:00	128390	129090	128305	128685	850835	2600265	5
2024.11.19	10:00:00	128690	128810	128045	128770	1017906	3353114	5
2024.11.19	11:00:00	128765	129260	128730	129070	711276	2457965	5
2024.11.19	12:00:00	129065	129365	128895	129115	418589	1564621	5
2024.11.19	13:00:00	129120	129480	129005	129440	351066	1260286	5
2024.11.19	14:00:00	129440	129460	129085	129110	316362	1140795	5
2024.11.19	15:00:00	129110	129170	128870	129140	303719	1215951	5
2024.11.19	16:00:00	129135	129195	128925	129040	188185	756647	5
2024.11.19	17:00:00	129040	129170	128965	129125	166655	648802	5
2024.11.19	18:00:00	129120	129270	129110	129260	59586	219627	5
2024.11.21	09:00:00	128900	129165	128190	128340	793980	2441565	5
2024.11.21	10:00:00	128340	128345	127605	127750	902625	3205154	5
2024.11.21	11:00:00	127750	127985	127490	127610	730756	2726245	5
2024.11.21	12:00:00	127610	127830	127350	127695	485169	1893139	5
2024.11.21	13:00:00	127690	127790	127430	127635	348609	1376977	5
2024.11.21	14:00:00	127635	128250	127580	128065	373031	1473864	5
2024.11.21	15:00:00	128065	128275	127835	127915	369559	1503484	5
2024.11.21	16:00:00	127920	128125	127825	128075	230696	934355	5
2024.11.21	17:00:00	128080	128190	127900	127925	219372	906509	5
2024.11.21	18:00:00	127925	127935	127655	127705	99045	361043	5
2024.11.22	09:00:00	127760	128710	127685	128690	827096	2618170	5
2024.11.22	10:00:00	128695	128760	128050	128080	904875	3211608	5
2024.11.22	11:00:00	128075	128525	128030	128355	684626	2446842	5
2024.11.22	12:00:00	128350	129135	128320	129055	492670	1902201	5
2024.11.22	13:00:00	129055	129360	128965	129275	365604	1463037	5
2024.11.22	14:00:00	129275	129325	129080	129185	295479	1191148	5
2024.11.22	15:00:00	129180	129400	129140	129365	241302	1034973	5
2024.11.22	16:00:00	129370	129470	129305	129355	176878	793221	5
2024.11.22	17:00:00	129355	130170	129210	130090	330976	1321149	5
2024.11.22	18:00:00	130090	130435	129970	130160	107237	421998	5
2024.11.25	09:00:00	130295	130330	129715	129845	883125	2758912	5
2024.11.25	10:00:00	129850	130200	129610	129750	846590	2822061	5
2024.11.25	11:00:00	129745	129980	129595	129875	595449	2111166	5
2024.11.25	12:00:00	129875	130000	129690	129720	363091	1378947	5
2024.11.25	13:00:00	129720	129855	129590	129710	291804	1114746	5
2024.11.25	14:00:00	129710	129900	129685	129765	190981	757870	5
2024.11.25	15:00:00	129760	129965	129690	129920	216596	883453	5
2024.11.25	16:00:00	129915	130150	129770	130035	268573	1126101	5
2024.11.25	17:00:00	130030	130095	129620	129640	257231	956257	5
2024.11.25	18:00:00	129640	129880	129555	129660	117413	388494	5
2024.11.26	09:00:00	129450	130240	129310	130200	736348	2121487	5
2024.11.26	10:00:00	130205	130620	129765	130350	930048	3189047	5
2024.11.26	11:00:00	130350	130505	130030	130435	686409	2486246	5
2024.11.26	12:00:00	130435	130845	130335	130670	438269	1660580	5
2024.11.26	13:00:00	130670	130765	130455	130615	312539	1220856	5
2024.11.26	14:00:00	130615	130790	130560	130750	237757	913789	5
2024.11.26	15:00:00	130745	130830	130495	130635	268731	1066212	5
2024.11.26	16:00:00	130635	130995	130625	130895	215042	875637	5
2024.11.26	17:00:00	130890	130945	130410	130670	326027	1297621	5
2024.11.26	18:00:00	130665	130785	130640	130715	56586	211666	5
2024.11.27	09:00:00	130600	130840	130470	130515	672681	2094428	5
2024.11.27	10:00:00	130515	130915	130230	130265	886690	3030472	5
2024.11.27	11:00:00	130270	130690	130140	130510	676802	2388129	5
2024.11.27	12:00:00	130515	130545	129950	130035	498859	1977275	5
2024.11.27	13:00:00	130035	130110	127875	128665	698234	2664629	5
2024.11.27	14:00:00	128665	128965	128280	128655	748620	2445190	5
2024.11.27	15:00:00	128660	128825	128325	128475	372153	1330403	5
2024.11.27	16:00:00	128475	128855	128370	128635	313888	1146216	5
2024.11.27	17:00:00	128635	128760	128150	128215	304497	1153342	5
2024.11.27	18:00:00	128215	128290	127910	128070	121398	405578	5
2024.11.28	09:00:00	128250	128250	127300	127670	971268	3024476	5
2024.11.28	10:00:00	127670	127850	127080	127150	768197	2662467	5
2024.11.28	11:00:00	127155	127225	126510	126715	581396	2257296	5
2024.11.28	12:00:00	126710	126825	126300	126325	330644	1368207	5
2024.11.28	13:00:00	126320	126530	126315	126435	211362	816164	5
2024.11.28	14:00:00	126435	126685	126420	126490	261611	994779	5
2024.11.28	15:00:00	126490	126590	126420	126445	134766	522827	5
2024.11.28	16:00:00	126445	126465	125720	126015	296716	1139250	5
2024.11.28	17:00:00	126010	126015	124785	125215	404929	1432921	5
2024.11.28	18:00:00	125215	125325	124845	125270	95443	349502	5
2024.11.29	09:00:00	125645	125835	125080	125255	956453	2794566	5
2024.11.29	10:00:00	125250	125475	124495	124730	1098795	3367086	5
2024.11.29	11:00:00	124725	125670	124405	125260	930705	2853867	5
2024.11.29	12:00:00	125265	126050	125175	125935	695272	2035092	5
2024.11.29	13:00:00	125930	126080	125475	125665	491411	1439384	5
2024.11.29	14:00:00	125665	125745	125395	125515	375288	1136687	5
2024.11.29	15:00:00	125515	125575	125240	125320	221362	699395	5
2024.11.29	16:00:00	125320	125905	125185	125625	406378	1180035	5
2024.11.29	17:00:00	125625	126675	125475	126420	343494	909376	5
2024.11.29	18:00:00	126415	126440	126015	126015	97635	313183	5
2024.12.02	09:00:00	126310	126390	125575	125810	859749	2701381	5
2024.12.02	10:00:00	125805	125945	125100	125565	834626	2886253	5
2024.12.02	11:00:00	125565	125900	125285	125855	795675	2719968	5
2024.12.02	12:00:00	125860	126060	125435	125630	504830	1808779	5
2024.12.02	13:00:00	125630	125945	125480	125765	403346	1357624	5
2024.12.02	14:00:00	125760	126360	125600	126155	439406	1548033	5
2024.12.02	15:00:00	126150	126270	125805	125980	325149	1262543	5
2024.12.02	16:00:00	125980	126090	125845	125905	227607	872901	5
2024.12.02	17:00:00	125900	126080	125680	125730	248302	896982	5
2024.12.02	18:00:00	125735	125755	125550	125600	92706	283726	5
2024.12.03	09:00:00	126155	126440	125700	125985	855603	2625133	5
2024.12.03	10:00:00	125985	126825	125800	126355	1006032	3509528	5
2024.12.03	11:00:00	126355	126435	125890	126215	735787	2570263	5
2024.12.03	12:00:00	126215	126260	125885	125990	497357	1735832	5
2024.12.03	13:00:00	125990	126420	125920	126310	369700	1270312	5
2024.12.03	14:00:00	126310	126485	126215	126330	332141	1148525	5
2024.12.03	15:00:00	126330	126600	126150	126555	289311	1061410	5
2024.12.03	16:00:00	126560	126620	126260	126275	278768	1027455	5
2024.12.03	17:00:00	126275	126520	126265	126485	232547	801497	5
2024.12.03	18:00:00	126485	126495	126280	126310	56483	201854	5
2024.12.04	09:00:00	126335	126595	125980	126215	831297	2642472	5
2024.12.04	10:00:00	126215	126800	126130	126610	838948	2790905	5
2024.12.04	11:00:00	126605	127125	126520	127005	583240	2082479	5
2024.12.04	12:00:00	127005	127090	126565	126925	494928	1830680	5
2024.12.04	13:00:00	126930	127140	126755	126965	320654	1133534	5
2024.12.04	14:00:00	126965	127020	126695	126710	282593	1016839	5
2024.12.04	15:00:00	126715	126740	126335	126510	386108	1512284	5
2024.12.04	16:00:00	126510	126610	126200	126250	270379	1031833	5
2024.12.04	17:00:00	126245	126505	126210	126440	208256	760725	5
2024.12.04	18:00:00	126440	126535	126395	126460	35789	132431	5
2024.12.05	09:00:00	126640	127390	126270	127385	764771	2399903	5
2024.12.05	10:00:00	127390	128130	127380	128030	807280	2955915	5
2024.12.05	11:00:00	128030	128365	127865	128290	662166	2534268	5
2024.12.05	12:00:00	128290	128395	127990	128110	364219	1449351	5
2024.12.05	13:00:00	128110	128255	128040	128045	228882	909085	5
2024.12.05	14:00:00	128045	128125	127875	128055	309088	1276189	5
2024.12.05	15:00:00	128055	128290	128040	128130	273690	1194911	5
2024.12.05	16:00:00	128130	128185	127945	128050	227760	983326	5
2024.12.05	17:00:00	128050	128225	127850	128150	243087	957304	5
2024.12.05	18:00:00	128155	128320	128075	128320	75393	254264	5
2024.12.06	09:00:00	127965	128015	127350	127705	738645	2358005	5
2024.12.06	10:00:00	127705	127970	127500	127655	824355	2679891	5
2024.12.06	11:00:00	127655	127680	126715	126770	693642	2497042	5
2024.12.06	12:00:00	126770	126800	126345	126570	483829	1991128	5
2024.12.06	13:00:00	126565	126600	126305	126345	259409	956748	5
2024.12.06	14:00:00	126350	126395	126090	126185	347867	1369073	5
2024.12.06	15:00:00	126190	126265	125985	126115	273272	1134545	5
2024.12.06	16:00:00	126115	126405	126065	126330	204167	830693	5
2024.12.06	17:00:00	126330	126455	126005	126025	236221	917508	5
2024.12.06	18:00:00	126030	126170	126005	126100	59020	231338	5
2024.12.09	09:00:00	126740	126900	126505	126795	544693	1613266	5
2024.12.09	10:00:00	126795	127495	126745	127335	725651	2518427	5
2024.12.09	11:00:00	127335	127760	127280	127540	559049	1985373	5
2024.12.09	12:00:00	127540	127770	127225	127440	467128	1713525	5
2024.12.09	13:00:00	127435	127490	127185	127440	301459	1052368	5
2024.12.09	14:00:00	127440	127650	127385	127420	283203	1015529	5
2024.12.09	15:00:00	127425	127570	127295	127325	237380	921097	5
2024.12.09	16:00:00	127330	127540	127310	127425	214567	833656	5
2024.12.09	17:00:00	127420	127570	127405	127480	167018	636233	5
2024.12.09	18:00:00	127475	127510	127325	127390	42361	172818	5
2024.12.10	09:00:00	128260	128610	127860	128450	940124	2848562	5
2024.12.10	10:00:00	128450	128750	127905	128310	908736	3094796	5
2024.12.10	11:00:00	128310	128740	128110	128395	628686	2238468	5
2024.12.10	12:00:00	128395	128520	128190	128325	358509	1340396	5
2024.12.10	13:00:00	128325	128340	127970	128150	316824	1126724	5
2024.12.10	14:00:00	128150	128255	128005	128175	259786	950794	5
2024.12.10	15:00:00	128175	128235	128055	128110	166549	623603	5
2024.12.10	16:00:00	128110	128435	128050	128390	213318	823714	5
2024.12.10	17:00:00	128390	128580	128360	128470	220641	842087	5
2024.12.10	18:00:00	128475	128520	128400	128465	51449	189926	5
2024.12.11	09:00:00	128260	128730	128140	128570	721937	2306254	5
2024.12.11	10:00:00	128570	129025	128305	128335	1004854	3340773	5
2024.12.11	11:00:00	128335	128615	127820	127890	635095	2275188	5
2024.12.11	12:00:00	127895	127980	127525	127970	404783	1555636	5
2024.12.11	13:00:00	127975	128125	127900	127985	305337	1177893	5
2024.12.11	14:00:00	127990	128090	127860	128020	248321	947516	5
2024.12.11	15:00:00	128020	128045	127750	127820	233275	954729	5
2024.12.11	16:00:00	127820	131290	127815	130320	969923	2953740	5
2024.12.11	17:00:00	130315	130710	129365	129905	568813	1719046	5
2024.12.11	18:00:00	129905	130275	129775	130055	98379	308606	5
2024.12.12	09:00:00	130260	130480	128480	128495	954819	3007930	5
2024.12.12	10:00:00	128495	128545	127560	127620	705924	2596667	5
2024.12.12	11:00:00	127615	127620	127045	127320	693973	2595262	5
2024.12.12	12:00:00	127320	127345	126725	126820	445771	1790369	5
2024.12.12	13:00:00	126820	127045	126765	126790	285809	1118501	5
2024.12.12	14:00:00	126790	126795	126315	126425	432622	1749420	5
2024.12.12	15:00:00	126430	126540	126250	126300	298237	1248842	5
2024.12.12	16:00:00	126295	126675	125950	126305	438488	1926427	5
2024.12.12	17:00:00	126310	126675	126205	126315	390378	1399867	5
2024.12.12	18:00:00	126315	126395	126030	126260	83227	297036	5
2024.12.13	09:00:00	126305	126550	125950	126160	744221	2305087	5
2024.12.13	10:00:00	126165	126320	125855	125915	732155	2536790	5
2024.12.13	11:00:00	125920	126095	125475	125620	603558	2123720	5
2024.12.13	12:00:00	125620	125685	125350	125620	340292	1246087	5
2024.12.13	13:00:00	125620	125870	125480	125785	315829	1130950	5
2024.12.13	14:00:00	125780	125865	125185	125465	483004	1727233	5
2024.12.13	15:00:00	125465	125565	125275	125415	283005	979207	5
2024.12.13	16:00:00	125410	125445	125120	125135	255702	883914	5
2024.12.13	17:00:00	125135	125150	124590	124730	325465	1118897	5
2024.12.13	18:00:00	124730	125170	124645	125000	87704	281301	5
2024.12.16	09:00:00	124810	124990	124535	124915	805651	2315144	5
2024.12.16	10:00:00	124915	125020	124635	124785	579875	1856870	5
2024.12.16	11:00:00	124785	124825	124295	124705	693663	2365206	5
2024.12.16	12:00:00	124700	124740	124340	124660	377297	1276517	5
2024.12.16	13:00:00	124655	124825	124545	124800	285445	947958	5
2024.12.16	14:00:00	124795	124885	124510	124625	351091	1194843	5
2024.12.16	15:00:00	124625	124775	124550	124630	254073	909315	5
2024.12.16	16:00:00	124625	124640	124210	124280	236260	859449	5
2024.12.16	17:00:00	124285	124310	123510	123585	339035	1211055	5
2024.12.16	18:00:00	123590	123720	123320	123460	89972	309974	5
2024.12.17	09:00:00	123525	124370	123495	124050	923773	2470082	5
2024.12.17	10:00:00	124045	124510	123580	124470	739317	2286355	5
2024.12.17	11:00:00	124475	124535	123695	123890	683944	2285007	5
2024.12.17	12:00:00	123895	124365	123785	124240	602923	2023812	5
2024.12.17	13:00:00	124245	125300	124155	124890	615870	2056214	5
2024.12.17	14:00:00	124890	124995	124330	124980	465651	1541949	5
2024.12.17	15:00:00	124980	125430	124535	124705	541401	1782760	5
2024.12.17	16:00:00	124705	125000	124380	124410	351055	1139009	5
2024.12.17	17:00:00	124410	125180	124405	125145	344312	1042568	5
2024.12.17	18:00:00	125145	125155	124865	124970	76067	233183	5
2024.12.18	09:00:00	126755	127030	125810	125835	745161	2102728	5
2024.12.18	10:00:00	125835	126045	125470	125560	672814	2008075	5
2024.12.18	11:00:00	125565	125745	124870	124895	608665	1952581	5
2024.12.18	12:00:00	124895	124925	124300	124395	526460	1852899	5
2024.12.18	13:00:00	124400	124585	124010	124015	378676	1259176	5
2024.12.18	14:00:00	124015	124215	123855	124050	380601	1234857	5
2024.12.18	15:00:00	124050	124345	123890	123975	347996	1272786	5
2024.12.18	16:00:00	123980	123985	122790	122890	598980	1973781	5
2024.12.18	17:00:00	122890	123280	122045	122745	664421	2063511	5
2024.12.18	18:00:00	122745	123570	122550	123175	103054	369528	5
2024.12.19	09:00:00	123850	123905	123240	123355	674216	1797796	5
2024.12.19	10:00:00	123360	123545	122900	123330	1026349	3106136	5
2024.12.19	11:00:00	123330	123680	123070	123485	801440	2640133	5
2024.12.19	12:00:00	123490	123495	122975	123415	488963	1636154	5
2024.12.19	13:00:00	123415	123750	123205	123210	385813	1249950	5
2024.12.19	14:00:00	123210	123555	123190	123420	316102	998845	5
2024.12.19	15:00:00	123420	123440	123095	123350	294471	1078287	5
2024.12.19	16:00:00	123350	123415	122800	122870	307536	1024177	5
2024.12.19	17:00:00	122870	123475	122820	123160	312643	986128	5
2024.12.19	18:00:00	123155	123165	122925	122990	70035	211781	5
2024.12.20	09:00:00	122600	123085	122405	122730	666188	1856121	5
2024.12.20	10:00:00	122730	122810	122370	122530	667851	2015344	5
2024.12.20	11:00:00	122525	123165	122515	122840	660082	2097074	5
2024.12.20	12:00:00	122845	123160	122815	122945	371218	1209581	5
2024.12.20	13:00:00	122945	123010	122745	122825	296622	954205	5
2024.12.20	14:00:00	122825	123310	122710	123225	338337	1133342	5
2024.12.20	15:00:00	123225	123950	122955	123710	507991	1760123	5
2024.12.20	16:00:00	123710	123955	123525	123550	239968	807616	5
2024.12.20	17:00:00	123550	123705	123370	123490	245586	803511	5
2024.12.20	18:00:00	123490	123980	123475	123945	85759	292350	5
2024.12.23	09:00:00	123450	123570	122615	122860	556993	1526294	5
2024.12.23	10:00:00	122865	123345	122750	122940	636562	1991211	5
2024.12.23	11:00:00	122945	123155	122450	122490	511994	1626958	5
2024.12.23	12:00:00	122495	122630	122210	122530	382989	1305480	5
2024.12.23	13:00:00	122530	122735	122435	122705	195936	653142	5
2024.12.23	14:00:00	122710	122720	122445	122625	257551	851446	5
2024.12.23	15:00:00	122625	122830	122475	122820	221562	750817	5
2024.12.23	16:00:00	122820	122865	122630	122810	200161	673510	5
2024.12.23	17:00:00	122810	122820	122450	122510	243427	793314	5
2024.12.23	18:00:00	122510	122535	122095	122175	90445	284844	5
2024.12.26	09:00:00	122205	122545	121660	122310	647854	1731497	5
2024.12.26	10:00:00	122315	122585	121915	122115	689091	1999555	5
2024.12.26	11:00:00	122120	122700	122035	122535	490110	1481832	5
2024.12.26	12:00:00	122535	122715	122385	122685	314077	1003802	5
2024.12.26	13:00:00	122680	123110	122675	122710	310192	1030981	5
2024.12.26	14:00:00	122715	122850	122515	122775	301839	1003168	5
2024.12.26	15:00:00	122775	122970	122695	122755	267909	941041	5
2024.12.26	16:00:00	122755	122755	122530	122665	209614	713569	5
2024.12.26	17:00:00	122660	122725	122355	122585	220814	718002	5
2024.12.26	18:00:00	122580	122670	122495	122640	59314	186194	5
2024.12.27	09:00:00	122505	123050	122210	122975	633694	1771359	5
2024.12.27	10:00:00	122975	123075	122025	122075	654260	2000262	5
2024.12.27	11:00:00	122070	122665	122065	122325	488323	1528464	5
2024.12.27	12:00:00	122330	122360	121935	122100	421283	1380650	5
2024.12.27	13:00:00	122105	122230	121865	121960	248549	797665	5
2024.12.27	14:00:00	121965	122000	121740	121920	251740	811637	5
2024.12.27	15:00:00	121915	122030	121585	121625	264782	872555	5
2024.12.27	16:00:00	121620	121690	121455	121555	210575	698319	5
2024.12.27	17:00:00	121550	121755	121355	121440	248121	809759	5
2024.12.27	18:00:00	121440	121710	121305	121535	67158	236759	5
2024.12.30	09:00:00	121505	121920	121445	121850	505230	1413924	5
2024.12.30	10:00:00	121855	122410	121685	122040	658827	2058434	5
2024.12.30	11:00:00	122035	122240	121720	121770	450856	1366161	5
2024.12.30	12:00:00	121765	122150	121600	121660	387516	1239736	5
2024.12.30	13:00:00	121665	121795	121410	121480	374290	1209348	5
2024.12.30	14:00:00	121480	121650	121430	121570	277665	899477	5
2024.12.30	15:00:00	121570	121725	121505	121645	159602	549794	5
2024.12.30	16:00:00	121640	121735	121535	121690	172113	593655	5
2024.12.30	17:00:00	121695	121995	121565	121660	214680	676655	5
2024.12.30	18:00:00	121655	121735	121510	121620	51058	164013	5
2025.01.02	09:00:00	121790	122375	121055	121275	647788	1626509	5
2025.01.02	10:00:00	121275	121400	120390	120605	627565	1878561	5
2025.01.02	11:00:00	120605	121245	120300	121010	559891	1778631	5
2025.01.02	12:00:00	121015	121865	121010	121800	477666	1590826	5
2025.01.02	13:00:00	121795	121975	121550	121840	440409	1429347	5
2025.01.02	14:00:00	121840	121880	121215	121440	377282	1230304	5
2025.01.02	15:00:00	121440	121535	121260	121440	305390	985548	5
2025.01.02	16:00:00	121440	121510	121250	121295	229021	753389	5
2025.01.02	17:00:00	121290	121520	121140	121380	244232	769458	5
2025.01.02	18:00:00	121380	121465	121305	121360	50910	149396	5
2025.01.03	09:00:00	121265	121420	120715	120855	571618	1476682	5
2025.01.03	10:00:00	120855	121565	120780	120990	818047	2580377	5
2025.01.03	11:00:00	120990	121005	120405	120530	584273	1884719	5
2025.01.03	12:00:00	120525	120550	120220	120315	345325	1167956	5
2025.01.03	13:00:00	120320	120330	119920	119980	315126	1078378	5
2025.01.03	14:00:00	119980	120145	119630	119700	339197	1139543	5
2025.01.03	15:00:00	119705	119880	119640	119710	207882	712247	5
2025.01.03	16:00:00	119710	119860	119575	119635	199517	723968	5
2025.01.03	17:00:00	119635	119800	119535	119555	171217	577696	5
2025.01.03	18:00:00	119560	119685	119480	119500	52407	175617	5
2025.01.06	09:00:00	119925	120945	119825	120925	676829	1936628	5
2025.01.06	10:00:00	120925	121250	120815	120975	729040	2310938	5
2025.01.06	11:00:00	120975	121380	120545	121235	877563	2736309	5
2025.01.06	12:00:00	121240	121470	120755	121000	480925	1577190	5
2025.01.06	13:00:00	121000	121300	120800	121275	312502	1010606	5
2025.01.06	14:00:00	121275	121405	120895	121000	312152	1008881	5
2025.01.06	15:00:00	121000	121045	120720	120920	277792	946356	5
2025.01.06	16:00:00	120915	121060	120825	120950	200704	689536	5
2025.01.06	17:00:00	120950	121165	120865	120975	212112	706132	5
2025.01.06	18:00:00	120975	121145	120965	121080	51303	159725	5
2025.01.07	09:00:00	121060	121875	120915	121790	723500	2086947	5
2025.01.07	10:00:00	121795	122260	121770	122170	703324	2357909	5
2025.01.07	11:00:00	122170	122495	122065	122340	614905	2199898	5
2025.01.07	12:00:00	122340	122855	122005	122495	576861	2029175	5
2025.01.07	13:00:00	122500	122725	122360	122690	341584	1124667	5
2025.01.07	14:00:00	122690	122780	122505	122550	263748	925980	5
2025.01.07	15:00:00	122545	122690	122225	122285	264222	938097	5
2025.01.07	16:00:00	122280	122405	122150	122280	216539	793129	5
2025.01.07	17:00:00	122275	122340	121905	122320	273211	916137	5
2025.01.07	18:00:00	122320	122450	122275	122425	65625	210870	5
2025.01.08	09:00:00	122200	122350	121475	121650	742643	2107856	5
2025.01.08	10:00:00	121650	121895	120950	121020	821722	2626821	5
2025.01.08	11:00:00	121015	121205	120725	120840	609354	2071743	5
2025.01.08	12:00:00	120845	121150	120820	121030	323125	1062156	5
2025.01.08	13:00:00	121030	121085	120835	120960	278641	908021	5
2025.01.08	14:00:00	120955	120970	120560	120645	326435	1116897	5
2025.01.08	15:00:00	120645	120765	120460	120570	258260	904504	5
2025.01.08	16:00:00	120575	120670	120370	120405	228341	827664	5
2025.01.08	17:00:00	120400	120775	120395	120595	231956	748632	5
2025.01.08	18:00:00	120595	120850	120560	120790	62761	193465	5
2025.01.09	09:00:00	120775	120930	120475	120640	734122	1987939	5
2025.01.09	10:00:00	120645	120945	120580	120780	670543	2200614	5
2025.01.09	11:00:00	120775	120930	120510	120845	489676	1713528	5
2025.01.09	12:00:00	120840	121095	120780	121050	270438	1016056	5
2025.01.09	13:00:00	121050	121055	120810	121035	228519	839156	5
2025.01.09	14:00:00	121040	121150	120930	121070	223815	821346	5
2025.01.09	15:00:00	121075	121080	120825	120865	170579	629392	5
2025.01.09	16:00:00	120870	120875	120650	120795	225270	872960	5
2025.01.09	17:00:00	120795	120975	120665	120915	168849	610400	5
2025.01.09	18:00:00	120915	120945	120735	120750	45690	164777	5
2025.01.10	09:00:00	121110	121420	120800	120850	538024	1459442	5
2025.01.10	10:00:00	120855	120945	120090	120230	784206	2457160	5
2025.01.10	11:00:00	120235	120395	119955	120010	576828	1980380	5
2025.01.10	12:00:00	120005	120005	119665	119800	364145	1273041	5
2025.01.10	13:00:00	119795	119950	119655	119835	267436	957042	5
2025.01.10	14:00:00	119835	120205	119680	120145	318508	1154498	5
2025.01.10	15:00:00	120145	120265	120020	120220	244422	938815	5
2025.01.10	16:00:00	120220	120225	119895	119925	222893	817791	5
2025.01.10	17:00:00	119925	119995	119735	119880	221287	767490	5
2025.01.10	18:00:00	119880	120145	119840	120050	65937	206282	5
2025.01.13	09:00:00	119785	120165	119565	119870	607708	1741226	5
2025.01.13	10:00:00	119875	120155	119675	119845	712019	2259932	5
2025.01.13	11:00:00	119840	120465	119615	120290	621785	2108744	5
2025.01.13	12:00:00	120290	120615	120220	120435	336287	1183516	5
2025.01.13	13:00:00	120435	120650	120085	120095	306763	1102871	5
2025.01.13	14:00:00	120095	120125	119855	119960	287631	1031219	5
2025.01.13	15:00:00	119965	120010	119860	119910	189053	737103	5
2025.01.13	16:00:00	119915	119985	119780	119900	218392	844877	5
2025.01.13	17:00:00	119900	119995	119810	119925	146554	562239	5
2025.01.13	18:00:00	119930	119975	119770	119770	51906	166880	5
2025.01.14	09:00:00	120230	120510	119930	119985	634652	1824780	5
2025.01.14	10:00:00	119980	120370	119430	120095	1050915	3421713	5
2025.01.14	11:00:00	120100	120105	119055	119555	805016	2715071	5
2025.01.14	12:00:00	119560	120195	119530	120095	397174	1309505	5
2025.01.14	13:00:00	120095	120165	119830	119880	271198	857832	5
2025.01.14	14:00:00	119880	120040	119690	119770	280956	881500	5
2025.01.14	15:00:00	119770	119960	119765	119910	194394	636480	5
2025.01.14	16:00:00	119905	120330	119875	120110	257268	911813	5
2025.01.14	17:00:00	120115	120360	119980	120265	206456	651212	5
2025.01.14	18:00:00	120265	120375	120225	120325	39576	132541	5
2025.01.15	09:00:00	120270	121290	120270	121280	606870	1952305	5
2025.01.15	10:00:00	121275	122035	121030	121910	830348	2751785	5
2025.01.15	11:00:00	121910	121995	121475	121600	467350	1610397	5
2025.01.15	12:00:00	121605	121765	121325	121610	382438	1474938	5
2025.01.15	13:00:00	121615	121930	121535	121920	207766	783086	5
2025.01.15	14:00:00	121925	121995	121760	121985	220202	847958	5
2025.01.15	15:00:00	121985	122355	121955	122270	308226	1353319	5
2025.01.15	16:00:00	122275	123050	122240	123030	328690	1619317	5
2025.01.15	17:00:00	123035	123960	122995	123635	467616	1925716	5
2025.01.15	18:00:00	123630	123810	123470	123490	71079	265633	5
2025.01.16	09:00:00	123150	123420	122920	123125	674378	2035258	5
2025.01.16	10:00:00	123120	123230	122645	122725	746758	2516858	5
2025.01.16	11:00:00	122730	123000	122375	122500	642724	2308145	5
2025.01.16	12:00:00	122495	122575	122110	122230	420155	1404619	5
2025.01.16	13:00:00	122235	122260	121945	122080	302113	1097640	5
2025.01.16	14:00:00	122085	122175	121725	121850	254006	938278	5
2025.01.16	15:00:00	121850	121880	121595	121665	225925	877769	5
2025.01.16	16:00:00	121660	121865	121615	121865	200961	761052	5
2025.01.16	17:00:00	121870	122315	121805	122070	273253	945476	5
2025.01.16	18:00:00	122075	122135	121930	121965	56566	191065	5
2025.01.17	09:00:00	122565	122650	122215	122510	602191	1826769	5
2025.01.17	10:00:00	122505	122605	121810	121935	756153	2601727	5
2025.01.17	11:00:00	121935	122955	121855	122910	699422	2445030	5
2025.01.17	12:00:00	122905	123340	122865	123255	356302	1293355	5
2025.01.17	13:00:00	123260	123555	123245	123415	260925	975134	5
2025.01.17	14:00:00	123415	123510	123235	123395	247064	929269	5
2025.01.17	15:00:00	123400	123450	122925	123125	261916	1027267	5
2025.01.17	16:00:00	123125	123225	122955	122990	174548	667771	5
2025.01.17	17:00:00	122990	123520	122775	123090	277139	1070353	5
2025.01.17	18:00:00	123090	123185	122875	122875	53168	184816	5
2025.01.20	09:00:00	122910	123235	122615	122770	587753	1828744	5
2025.01.20	10:00:00	122770	123080	122245	122870	950772	3152893	5
2025.01.20	11:00:00	122875	123845	122785	123765	665307	2289515	5
2025.01.20	12:00:00	123765	123925	123535	123610	334865	1192272	5
2025.01.20	13:00:00	123610	123880	123600	123715	254606	896264	5
2025.01.20	14:00:00	123720	123820	123295	123640	352358	1185262	5
2025.01.20	15:00:00	123640	123720	123290	123435	213554	715375	5
2025.01.20	16:00:00	123430	123570	123325	123490	145711	494864	5
2025.01.20	17:00:00	123490	124060	123490	123810	248773	772818	5
2025.01.20	18:00:00	123810	123855	123540	123685	56175	191222	5
2025.01.21	09:00:00	123440	123505	122875	123455	659638	2028035	5
2025.01.21	10:00:00	123455	123605	122990	123435	729606	2428307	5
2025.01.21	11:00:00	123435	123520	123185	123245	517010	1736881	5
2025.01.21	12:00:00	123245	123735	123170	123580	398025	1450666	5
2025.01.21	13:00:00	123585	123875	123550	123625	243775	855536	5
2025.01.21	14:00:00	123630	123775	123520	123595	250549	898897	5
2025.01.21	15:00:00	123590	123995	123585	123880	273732	1034204	5
2025.01.21	16:00:00	123880	124040	123835	123985	174124	658306	5
2025.01.21	17:00:00	123985	124310	123940	124125	212198	723437	5
2025.01.21	18:00:00	124120	124220	124040	124040	43485	144005	5
2025.01.22	09:00:00	124230	124725	124110	124670	629044	1835847	5
2025.01.22	10:00:00	124670	124770	123870	124065	704501	2434128	5
2025.01.22	11:00:00	124065	124415	123930	123935	650470	2215133	5
2025.01.22	12:00:00	123935	124170	123815	123980	376995	1337981	5
2025.01.22	13:00:00	123975	124180	123915	124010	245256	863492	5
2025.01.22	14:00:00	124005	124335	123985	124250	230959	832319	5
2025.01.22	15:00:00	124255	124335	124040	124055	217859	829489	5
2025.01.22	16:00:00	124055	124230	123960	124025	213378	810345	5
2025.01.22	17:00:00	124020	124110	123640	123715	191674	707797	5
2025.01.22	18:00:00	123710	123790	123610	123760	53465	191206	5
2025.01.23	09:00:00	123800	123965	123420	123945	635429	1924364	5
2025.01.23	10:00:00	123945	124730	123870	124390	796017	2671034	5
2025.01.23	11:00:00	124395	124505	123595	123740	608345	2223068	5
2025.01.23	12:00:00	123740	123820	123505	123515	319935	1160325	5
2025.01.23	13:00:00	123515	123605	123265	123490	418724	1457300	5
2025.01.23	14:00:00	123490	123820	123400	123725	232425	834527	5
2025.01.23	15:00:00	123725	123755	123205	123285	300234	1119752	5
2025.01.23	16:00:00	123290	123320	122830	122885	286887	1043243	5
2025.01.23	17:00:00	122885	123270	122875	123170	201856	790236	5
2025.01.23	18:00:00	123175	123265	123080	123115	42803	134884	5
2025.01.24	09:00:00	123350	123555	122935	123170	634509	1912206	5
2025.01.24	10:00:00	123165	123565	122790	123425	787197	2562583	5
2025.01.24	11:00:00	123425	123455	122800	122930	502240	1644893	5
2025.01.24	12:00:00	122930	123300	122845	123110	348750	1219586	5
2025.01.24	13:00:00	123110	123290	123065	123190	226091	795052	5
2025.01.24	14:00:00	123190	123275	123085	123115	164097	614192	5
2025.01.24	15:00:00	123115	123200	122950	123110	159627	583599	5
2025.01.24	16:00:00	123115	123160	122940	123070	135226	485991	5
2025.01.24	17:00:00	123070	123265	122995	123150	115365	401591	5
2025.01.24	18:00:00	123145	123210	123070	123110	31623	109418	5
2025.01.27	09:00:00	122350	122960	122190	122880	563600	1679320	5
2025.01.27	10:00:00	122875	124520	122805	124235	875844	3063740	5
2025.01.27	11:00:00	124240	124655	124155	124400	644495	2156843	5
2025.01.27	12:00:00	124400	124590	124110	124235	390009	1330310	5
2025.01.27	13:00:00	124230	124755	124215	124750	300399	1042222	5
2025.01.27	14:00:00	124750	125090	124740	124890	340535	1245126	5
2025.01.27	15:00:00	124890	125275	124830	125045	308342	1173020	5
2025.01.27	16:00:00	125050	125325	124970	125240	200541	753671	5
2025.01.27	17:00:00	125240	125495	125185	125435	226615	830793	5
2025.01.27	18:00:00	125435	125655	125425	125500	70613	250583	5
2025.01.28	09:00:00	125250	125605	125100	125300	612387	1830112	5
2025.01.28	10:00:00	125295	125475	124800	124885	685044	2260112	5
2025.01.28	11:00:00	124885	125215	124840	124890	512013	1688455	5
2025.01.28	12:00:00	124890	125060	124695	124935	387422	1369009	5
2025.01.28	13:00:00	124930	124975	124565	124770	312072	1118979	5
2025.01.28	14:00:00	124770	124880	124660	124870	228228	839212	5
2025.01.28	15:00:00	124865	124970	124725	124900	191482	694627	5
2025.01.28	16:00:00	124900	124970	124710	124775	152974	550749	5
2025.01.28	17:00:00	124770	124805	124485	124605	178444	640764	5
2025.01.28	18:00:00	124605	124735	124525	124725	54785	173090	5
2025.01.29	09:00:00	124860	125535	124790	125515	541444	1542909	5
2025.01.29	10:00:00	125520	125525	124340	124390	741717	2506368	5
2025.01.29	11:00:00	124390	124540	124115	124505	481887	1675394	5
2025.01.29	12:00:00	124510	124765	124345	124765	293289	1043844	5
2025.01.29	13:00:00	124760	124850	124420	124435	283695	963996	5
2025.01.29	14:00:00	124430	124560	124330	124455	213302	712559	5
2025.01.29	15:00:00	124455	124560	124330	124455	177589	637853	5
2025.01.29	16:00:00	124460	124525	124025	124240	430685	1434870	5
2025.01.29	17:00:00	124235	124315	123750	123940	294586	939095	5
2025.01.29	18:00:00	123940	123965	123815	123950	60529	170381	5
2025.01.30	09:00:00	124450	124915	124245	124680	716049	2153467	5
2025.01.30	10:00:00	124685	125870	124645	125365	840041	2788841	5
2025.01.30	11:00:00	125360	126280	125170	125970	656828	2226958	5
2025.01.30	12:00:00	125970	126700	125900	126620	401074	1380175	5
2025.01.30	13:00:00	126620	126900	126520	126865	311506	1105075	5
2025.01.30	14:00:00	126860	127265	126825	127185	290739	1127966	5
2025.01.30	15:00:00	127190	127645	127170	127470	327719	1215738	5
2025.01.30	16:00:00	127470	127575	127285	127390	260891	944695	5
2025.01.30	17:00:00	127390	127740	127130	127415	424935	1518873	5
2025.01.30	18:00:00	127410	127600	127225	127445	96366	349560	5
2025.01.31	09:00:00	127310	127650	127235	127420	588362	1673051	5
2025.01.31	10:00:00	127425	127840	127215	127780	661298	2047992	5
2025.01.31	11:00:00	127775	128015	127280	127615	683392	2207677	5
2025.01.31	12:00:00	127615	127770	127340	127570	343182	1077668	5
2025.01.31	13:00:00	127570	127795	127495	127625	259292	847494	5
2025.01.31	14:00:00	127625	127710	127375	127550	325116	1037799	5
2025.01.31	15:00:00	127555	127605	126950	127035	419564	1381948	5
2025.01.31	16:00:00	127035	127110	126745	126905	289614	968651	5
2025.01.31	17:00:00	126905	126950	126505	126660	277577	892649	5
2025.01.31	18:00:00	126655	126830	126585	126750	58061	192555	5
2025.02.03	09:00:00	125715	126180	125465	126140	534488	1455123	5
2025.02.03	10:00:00	126135	126475	125955	126175	707668	2281640	5
2025.02.03	11:00:00	126175	126545	126065	126230	563392	1863780	5
2025.02.03	12:00:00	126230	126900	126035	126820	756299	2463465	5
2025.02.03	13:00:00	126815	126870	126365	126405	373035	1218878	5
2025.02.03	14:00:00	126400	126540	126170	126280	303304	1012184	5
2025.02.03	15:00:00	126280	126465	126060	126070	246195	833357	5
2025.02.03	16:00:00	126070	126395	126035	126320	190421	673827	5
2025.02.03	17:00:00	126320	126445	126115	126190	194801	643116	5
2025.02.03	18:00:00	126195	126420	126090	126420	51573	183698	5
2025.02.04	09:00:00	126500	126535	125815	125815	600790	1675489	5
2025.02.04	10:00:00	125820	126135	124965	125135	740484	2332234	5
2025.02.04	11:00:00	125130	125750	124995	125625	615655	1994713	5
2025.02.04	12:00:00	125630	126200	125585	125815	495860	1656316	5
2025.02.04	13:00:00	125810	126000	125585	125865	284638	961105	5
2025.02.04	14:00:00	125870	125925	125520	125780	302586	1015296	5
2025.02.04	15:00:00	125780	125910	125635	125880	229107	783390	5
2025.02.04	16:00:00	125880	125905	125490	125620	206825	702800	5
2025.02.04	17:00:00	125620	125645	125380	125445	198552	622418	5
2025.02.04	18:00:00	125450	125535	125365	125450	45961	151029	5
2025.02.05	09:00:00	125550	125905	125385	125595	613904	1730098	5
2025.02.05	10:00:00	125600	125865	125290	125435	725640	2265806	5
2025.02.05	11:00:00	125430	125575	124845	125425	639080	2202233	5
2025.02.05	12:00:00	125430	126120	125410	125850	458557	1536863	5
2025.02.05	13:00:00	125850	125860	125585	125740	274475	958924	5
2025.02.05	14:00:00	125740	125825	125535	125695	231749	815543	5
2025.02.05	15:00:00	125695	125835	125585	125725	181816	644339	5
2025.02.05	16:00:00	125725	125910	125695	125855	201027	704471	5
2025.02.05	17:00:00	125855	125880	125675	125740	148169	517049	5
2025.02.05	18:00:00	125740	125935	125715	125875	50515	166314	5
2025.02.06	09:00:00	125950	126225	125460	125765	658291	1922623	5
2025.02.06	10:00:00	125765	125810	125400	125780	609791	1903896	5
2025.02.06	11:00:00	125775	126455	125505	125845	770815	2622589	5
2025.02.06	12:00:00	125840	126015	125565	125640	377096	1326328	5
2025.02.06	13:00:00	125645	126005	125620	125950	239156	826587	5
2025.02.06	14:00:00	125950	126110	125820	125975	246782	841547	5
2025.02.06	15:00:00	125980	126490	125895	126430	317147	1149820	5
2025.02.06	16:00:00	126430	126645	126355	126395	252240	852725	5
2025.02.06	17:00:00	126395	126535	126340	126445	143816	486462	5
2025.02.06	18:00:00	126445	126500	126120	126120	53552	182172	5
2025.02.07	09:00:00	126385	126470	126150	126240	460005	1309921	5
2025.02.07	10:00:00	126240	126745	126220	126540	780990	2366276	5
2025.02.07	11:00:00	126535	126575	125575	125895	627569	2046821	5
2025.02.07	12:00:00	125890	125940	125270	125420	492048	1670518	5
2025.02.07	13:00:00	125420	125460	124980	125020	435353	1424738	5
2025.02.07	14:00:00	125025	125125	124825	125025	318938	1004680	5
2025.02.07	15:00:00	125025	125305	124320	124490	369657	1312039	5
2025.02.07	16:00:00	124485	124815	124425	124725	304487	993774	5
2025.02.07	17:00:00	124725	124845	124555	124735	173219	576479	5
2025.02.07	18:00:00	124730	124995	124715	124925	52488	180711	5
2025.02.10	09:00:00	125100	125670	124860	125560	579203	1698392	5
2025.02.10	10:00:00	125555	126490	125510	126260	759639	2553845	5
2025.02.10	11:00:00	126265	126285	125385	125660	618251	2069476	5
2025.02.10	12:00:00	125665	125995	125560	125970	328334	1141881	5
2025.02.10	13:00:00	125970	126130	125785	125860	271865	967916	5
2025.02.10	14:00:00	125865	125935	125710	125885	205460	766098	5
2025.02.10	15:00:00	125880	125935	125685	125725	176512	667771	5
2025.02.10	16:00:00	125720	125810	125625	125745	182257	665642	5
2025.02.10	17:00:00	125750	125855	125575	125805	172620	600239	5
2025.02.10	18:00:00	125805	125845	125610	125650	59368	198703	5
2025.02.11	09:00:00	125750	126210	125565	125840	594011	1696616	5
2025.02.11	10:00:00	125835	126875	125715	126570	786408	2654949	5
2025.02.11	11:00:00	126570	127000	126405	126455	550264	1824199	5
2025.02.11	12:00:00	126460	126525	126130	126495	295353	1040011	5
2025.02.11	13:00:00	126495	126630	126410	126590	252927	901743	5
2025.02.11	14:00:00	126585	126645	126440	126575	194779	687196	5
2025.02.11	15:00:00	126580	126670	126460	126535	149729	562319	5
2025.02.11	16:00:00	126535	126590	126360	126445	165082	559276	5
2025.02.11	17:00:00	126440	126725	126430	126640	168289	536297	5
2025.02.11	18:00:00	126640	126690	126495	126590	56589	169487	5
2025.02.12	09:00:00	129030	129340	127550	127565	914294	2716919	5
2025.02.12	10:00:00	127565	127910	126715	127020	1019655	2936299	5
2025.02.12	11:00:00	127020	127380	126850	127130	557301	1679410	5
2025.02.12	12:00:00	127130	127130	126450	126705	405066	1342487	5
2025.02.12	13:00:00	126700	126785	126490	126740	241021	794159	5
2025.02.12	14:00:00	126740	127050	126605	127010	339716	1148463	5
2025.02.12	15:00:00	127015	127240	126700	126965	372483	1417413	5
2025.02.12	16:00:00	126965	126985	126685	126880	228769	861011	5
2025.02.12	17:00:00	126880	127080	126630	126650	242922	870226	5
2025.02.12	18:00:00	126650	126750	126415	126415	71650	237872	5
2025.02.13	09:00:00	126930	127030	126235	126360	493735	1484954	5
2025.02.13	10:00:00	126365	126685	126255	126485	711732	2290141	5
2025.02.13	11:00:00	126490	126575	126035	126445	592598	1989662	5
2025.02.13	12:00:00	126445	126720	126280	126540	410701	1457116	5
2025.02.13	13:00:00	126535	126765	126485	126710	232305	818591	5
2025.02.13	14:00:00	126715	126950	126620	126755	261669	967656	5
2025.02.13	15:00:00	126750	126910	126625	126795	331803	1211889	5
2025.02.13	16:00:00	126795	126980	126755	126790	203490	737660	5
2025.02.13	17:00:00	126785	127230	126685	127215	193079	736111	5
2025.02.13	18:00:00	127210	127290	127110	127140	50581	180021	5
2025.02.14	09:00:00	127020	128370	126995	128060	651610	2093503	5
2025.02.14	10:00:00	128060	128825	128025	128345	682856	2304987	5
2025.02.14	11:00:00	128350	128765	128270	128715	419146	1424949	5
2025.02.14	12:00:00	128715	129230	128675	129015	342775	1203965	5
2025.02.14	13:00:00	129015	129440	128955	129440	259336	904112	5
2025.02.14	14:00:00	129445	129670	129335	129535	240020	890751	5
2025.02.14	15:00:00	129535	129750	129455	129725	179237	692703	5
2025.02.14	16:00:00	129725	130905	129725	130600	438949	1749198	5
2025.02.14	17:00:00	130595	130940	130420	130650	278027	971594	5
2025.02.14	18:00:00	130650	130760	130260	130455	85009	313924	5
2025.02.17	09:00:00	130450	131160	130420	131125	545600	1532990	5
2025.02.17	10:00:00	131130	131200	130830	131145	589295	1776238	5
2025.02.17	11:00:00	131140	131630	131050	131475	595600	1991377	5
2025.02.17	12:00:00	131475	131845	131390	131765	309525	1036095	5
2025.02.17	13:00:00	131760	131940	131660	131870	248131	804677	5
2025.02.17	14:00:00	131870	131885	131560	131695	237695	755648	5
2025.02.17	15:00:00	131690	131725	131180	131325	251654	874727	5
2025.02.17	16:00:00	131330	131635	131210	131490	234079	804904	5
2025.02.17	17:00:00	131485	131545	130880	130990	243143	751510	5
2025.02.17	18:00:00	130990	131015	130760	130880	62649	204893	5
2025.02.18	09:00:00	131300	131325	130690	131075	518092	1585557	5
2025.02.18	10:00:00	131070	131160	130295	130845	835484	2802365	5
2025.02.18	11:00:00	130845	131160	130640	131005	522736	1816174	5
2025.02.18	12:00:00	131005	131610	131000	131455	366463	1303437	5
2025.02.18	13:00:00	131455	131475	131275	131405	238568	834840	5
2025.02.18	14:00:00	131405	131440	130935	130965	264915	973542	5
2025.02.18	15:00:00	130960	131035	130620	130780	291690	1124043	5
2025.02.18	16:00:00	130775	130875	130515	130535	173736	661543	5
2025.02.18	17:00:00	130530	130715	130310	130575	258544	964115	5
2025.02.18	18:00:00	130570	130805	130520	130770	62561	209394	5
2025.02.19	09:00:00	130600	130620	129475	129575	696253	2200650	5
2025.02.19	10:00:00	129580	130125	129450	130100	576691	1973500	5
2025.02.19	11:00:00	130100	130160	129625	129810	516539	1802859	5
2025.02.19	12:00:00	129815	130035	129755	129885	282295	1046986	5
2025.02.19	13:00:00	129880	129975	129655	129675	230818	822672	5
2025.02.19	14:00:00	129675	129700	129470	129550	255415	925885	5
2025.02.19	15:00:00	129550	129610	129315	129365	203824	786054	5
2025.02.19	16:00:00	129365	129545	129245	129255	220446	846052	5
2025.02.19	17:00:00	129255	129495	129150	129450	182275	681192	5
2025.02.19	18:00:00	129455	129590	129335	129390	67559	266446	5
2025.02.20	09:00:00	129700	129900	129475	129665	555197	1668108	5
2025.02.20	10:00:00	129665	129695	129095	129425	680662	2191737	5
2025.02.20	11:00:00	129425	130000	129305	129805	592544	2076160	5
2025.02.20	12:00:00	129805	129980	129450	129455	340682	1222670	5
2025.02.20	13:00:00	129455	129590	129210	129355	267297	973787	5
2025.02.20	14:00:00	129350	129610	129265	129410	232607	874635	5
2025.02.20	15:00:00	129410	129495	129235	129390	181921	712105	5
2025.02.20	16:00:00	129395	129560	129345	129510	160750	592722	5
2025.02.20	17:00:00	129510	129855	129500	129755	176159	632082	5
2025.02.20	18:00:00	129760	129770	129415	129470	49087	191276	5
2025.02.21	09:00:00	129520	129710	129310	129560	452615	1287411	5
2025.02.21	10:00:00	129560	129750	129140	129440	673312	2114496	5
2025.02.21	11:00:00	129445	129465	128920	129070	541506	1833521	5
2025.02.21	12:00:00	129065	129170	128760	128910	299408	1035299	5
2025.02.21	13:00:00	128910	129165	128790	129010	243328	818136	5
2025.02.21	14:00:00	129015	129345	129010	129095	269126	902115	5
2025.02.21	15:00:00	129095	129165	128445	128700	383594	1344379	5
2025.02.21	16:00:00	128705	128990	128685	128875	220254	767539	5
2025.02.21	17:00:00	128875	129245	128765	129170	174888	605629	5
2025.02.21	18:00:00	129170	129290	129145	129160	51712	173970	5
2025.02.24	09:00:00	129435	129775	129310	129585	518080	1528426	5
2025.02.24	10:00:00	129580	129650	128845	129010	782623	2548982	5
2025.02.24	11:00:00	129005	129265	128745	128790	612301	2068290	5
2025.02.24	12:00:00	128790	128825	128455	128565	323608	1110803	5
2025.02.24	13:00:00	128565	128640	128250	128260	303859	1053936	5
2025.02.24	14:00:00	128260	128300	127815	127830	315810	1111603	5
2025.02.24	15:00:00	127825	127950	127685	127710	266190	1026477	5
2025.02.24	16:00:00	127705	127765	127145	127210	252650	999067	5
2025.02.24	17:00:00	127210	127455	127065	127310	280095	1046257	5
2025.02.24	18:00:00	127315	127550	127280	127550	50497	213915	5
2025.02.25	09:00:00	127620	128080	127620	127755	644667	1904867	5
2025.02.25	10:00:00	127755	128285	127540	128045	782095	2427608	5
2025.02.25	11:00:00	128040	128750	127945	128515	653951	2151037	5
2025.02.25	12:00:00	128510	128525	128225	128375	347986	1123648	5
2025.02.25	13:00:00	128375	128640	127860	127970	419450	1436813	5
2025.02.25	14:00:00	127965	128135	127905	128015	251879	883832	5
2025.02.25	15:00:00	128015	128345	127980	128130	299788	1149079	5
2025.02.25	16:00:00	128135	128290	128005	128185	222812	840592	5
2025.02.25	17:00:00	128185	128285	127885	127900	200837	726066	5
2025.02.25	18:00:00	127905	128055	127720	127815	71392	252117	5
2025.02.26	09:00:00	128320	129135	128250	129090	664996	1937511	5
2025.02.26	10:00:00	129085	129125	127490	127555	883282	2843054	5
2025.02.26	11:00:00	127555	127775	126905	127185	654503	2128211	5
2025.02.26	12:00:00	127190	127455	127060	127370	347453	1148376	5
2025.02.26	13:00:00	127370	127515	127255	127335	247991	835646	5
2025.02.26	14:00:00	127335	127385	126950	126995	304330	1035143	5
2025.02.26	15:00:00	127000	127215	126815	127105	273329	978903	5
2025.02.26	16:00:00	127105	127145	126850	126930	223448	802456	5
2025.02.26	17:00:00	126930	127095	126555	126660	247665	846503	5
2025.02.26	18:00:00	126655	126885	126545	126885	61766	218395	5
2025.02.27	09:00:00	126100	126365	125850	126255	575471	1592451	5
2025.02.27	10:00:00	126250	126580	126120	126325	673717	2141796	5
2025.02.27	11:00:00	126320	126600	126110	126320	574438	1937398	5
2025.02.27	12:00:00	126320	126640	126170	126430	374240	1229984	5
2025.02.27	13:00:00	126430	126475	126215	126395	277724	933330	5
2025.02.27	14:00:00	126400	126810	126400	126690	296263	990868	5
2025.02.27	15:00:00	126695	127275	126640	127180	327396	1159636	5
2025.02.27	16:00:00	127180	127305	126905	127045	262433	936776	5
2025.02.27	17:00:00	127045	127050	126270	126380	363380	1299379	5
2025.02.27	18:00:00	126375	126575	126320	126515	63003	213909	5
2025.02.28	09:00:00	126390	126400	125795	126035	472547	1405062	5
2025.02.28	10:00:00	126040	126645	125965	126250	636549	1975788	5
2025.02.28	11:00:00	126250	126400	125630	125850	661053	2180965	5
2025.02.28	12:00:00	125855	126220	125760	126050	359806	1211376	5
2025.02.28	13:00:00	126050	126115	125285	125305	364193	1253159	5
2025.02.28	14:00:00	125300	125425	124910	125000	325151	1179269	5
2025.02.28	15:00:00	125000	125000	124295	124465	402117	1495261	5
2025.02.28	16:00:00	124470	124795	124455	124670	250865	875317	5
2025.02.28	17:00:00	124670	124940	124590	124775	261172	868586	5
2025.02.28	18:00:00	124775	124935	124480	124850	93988	308343	5
2025.03.05	13:00:00	125190	125300	124535	124775	576522	1872872	5
2025.03.05	14:00:00	124770	124935	124495	124695	372208	1256658	5
2025.03.05	15:00:00	124695	124810	124425	124730	352323	1218196	5
2025.03.05	16:00:00	124730	124900	124665	124740	236262	852831	5
2025.03.05	17:00:00	124745	125050	124565	124790	282760	935080	5
2025.03.05	18:00:00	124790	124945	124660	124800	65623	198643	5
2025.03.06	09:00:00	124490	125215	124370	125165	669701	2023426	5
2025.03.06	10:00:00	125170	125170	124530	124700	678095	2217168	5
2025.03.06	11:00:00	124705	124945	124220	124625	660903	2171661	5
2025.03.06	12:00:00	124630	125810	124615	125120	720913	2371778	5
2025.03.06	13:00:00	125120	125570	124730	125075	545787	1773545	5
2025.03.06	14:00:00	125070	125390	124845	124865	342080	1120035	5
2025.03.06	15:00:00	124865	125335	124760	124960	373458	1247894	5
2025.03.06	16:00:00	124960	124975	124395	124590	406496	1188073	5
2025.03.06	17:00:00	124595	125125	124560	124970	291493	818889	5
2025.03.06	18:00:00	124970	125080	124855	125060	58531	184788	5
2025.03.07	09:00:00	125155	125280	124015	124065	690428	1977791	5
2025.03.07	10:00:00	124065	124545	123705	124540	768790	2359777	5
2025.03.07	11:00:00	124545	125830	124485	125780	911762	2863012	5
2025.03.07	12:00:00	125780	126600	125740	126365	591148	1939337	5
2025.03.07	13:00:00	126355	126435	125930	126030	295295	872712	5
2025.03.07	14:00:00	126030	126560	125970	126275	375327	1172665	5
2025.03.07	15:00:00	126280	126970	126250	126890	382049	1276184	5
2025.03.07	16:00:00	126895	127460	126895	127220	390355	1412743	5
2025.03.07	17:00:00	127220	127220	126690	126845	333063	1096776	5
2025.03.07	18:00:00	126845	126855	126500	126695	96389	307682	5
2025.03.10	09:00:00	126050	126210	125240	125460	663888	2053622	5
2025.03.10	10:00:00	125460	125825	125300	125365	839409	2702378	5
2025.03.10	11:00:00	125370	125535	124895	125385	698650	2325990	5
2025.03.10	12:00:00	125385	126355	125335	125875	555668	1894898	5
2025.03.10	13:00:00	125875	126285	125860	126055	359708	1182069	5
2025.03.10	14:00:00	126050	126190	125620	125675	380989	1295158	5
2025.03.10	15:00:00	125670	125885	125380	125415	393111	1401996	5
2025.03.10	16:00:00	125410	125925	125220	125805	427663	1526761	5
2025.03.10	17:00:00	125810	126035	125740	125845	214502	737340	5
2025.03.10	18:00:00	125840	125965	125800	125865	36814	106242	5
2025.03.11	09:00:00	126260	126325	125670	125800	635954	1878625	5
2025.03.11	10:00:00	125800	125980	124960	125085	1063423	3379277	5
2025.03.11	11:00:00	125080	125220	124490	124585	680582	2193855	5
2025.03.11	12:00:00	124585	124725	124425	124490	398667	1359381	5
2025.03.11	13:00:00	124485	124510	124085	124190	344582	1233099	5
2025.03.11	14:00:00	124190	124370	123965	124325	356495	1263058	5
2025.03.11	15:00:00	124325	125025	124285	125000	469956	1664223	5
2025.03.11	16:00:00	125000	125225	124775	124805	421761	1540451	5
2025.03.11	17:00:00	124805	125200	124785	125090	189067	656315	5
2025.03.11	18:00:00	125085	125200	125015	125160	48792	130349	5
2025.03.12	09:00:00	125300	125775	124435	125005	920309	2594224	5
2025.03.12	10:00:00	125010	125410	124695	125115	817784	2476248	5
2025.03.12	11:00:00	125110	125135	124550	124740	526708	1695309	5
2025.03.12	12:00:00	124740	125135	124700	125025	403992	1390744	5
2025.03.12	13:00:00	125030	125350	124860	124945	392246	1318927	5
2025.03.12	14:00:00	124945	125030	124360	124395	403125	1369228	5
2025.03.12	15:00:00	124395	125200	124385	124750	483634	1710370	5
2025.03.12	16:00:00	124750	125390	124720	125230	331864	1173273	5
2025.03.12	17:00:00	125230	125300	125040	125150	165888	575497	5
2025.03.12	18:00:00	125160	125260	125025	125025	34886	95563	5
2025.03.13	09:00:00	124825	125770	124655	125535	634651	1889633	5
2025.03.13	10:00:00	125535	125650	124820	125090	825908	2734512	5
2025.03.13	11:00:00	125090	126770	125040	126665	716497	2559051	5
2025.03.13	12:00:00	126660	126895	126425	126780	394266	1417059	5
2025.03.13	13:00:00	126775	127100	126745	126970	294546	1060566	5
2025.03.13	14:00:00	126965	127130	126785	126825	261101	918503	5
2025.03.13	15:00:00	126820	127065	126810	127015	201007	761636	5
2025.03.13	16:00:00	127015	127165	126960	127135	212255	810727	5
2025.03.13	17:00:00	127135	127145	126880	126905	159731	593454	5
2025.03.13	18:00:00	126905	127190	126885	127070	62185	182194	5
2025.03.14	09:00:00	127420	127870	127355	127735	585459	1707169	5
2025.03.14	10:00:00	127735	128340	127585	128295	785358	2547153	5
2025.03.14	11:00:00	128295	129550	128065	129505	618755	2221362	5
2025.03.14	12:00:00	129500	130130	129490	130085	362592	1422373	5
2025.03.14	13:00:00	130080	130300	129785	130010	302814	1146140	5
2025.03.14	14:00:00	130010	130120	129740	129830	266884	990555	5
2025.03.14	15:00:00	129830	130215	129745	130105	260115	1025918	5
2025.03.14	16:00:00	130110	130550	130095	130325	291904	1164039	5
2025.03.14	17:00:00	130325	130410	130125	130240	160143	624923	5
2025.03.14	18:00:00	130235	130270	130015	130085	38054	154926	5
2025.03.17	09:00:00	130085	130795	129890	130435	688874	1966071	5
2025.03.17	10:00:00	130435	130825	130200	130575	797397	2467198	5
2025.03.17	11:00:00	130575	131360	130525	131135	598292	1866120	5
2025.03.17	12:00:00	131130	132160	131125	132030	454418	1562072	5
2025.03.17	13:00:00	132030	132250	131880	132010	269108	875552	5
2025.03.17	14:00:00	132010	132380	131930	132320	269565	883892	5
2025.03.17	15:00:00	132320	132495	132270	132470	243103	850078	5
2025.03.17	16:00:00	132465	132685	132085	132195	315145	1119155	5
2025.03.17	17:00:00	132190	132390	132055	132200	209494	687423	5
2025.03.17	18:00:00	132195	132355	132165	132300	45615	125593	5
2025.03.18	09:00:00	131865	132190	131490	132045	725327	2051236	5
2025.03.18	10:00:00	132045	132740	131915	132005	1036483	3142389	5
2025.03.18	11:00:00	132005	132315	131970	132160	438701	1404677	5
2025.03.18	12:00:00	132165	132805	132065	132535	506938	1751596	5
2025.03.18	13:00:00	132530	132800	132370	132445	313288	1024414	5
2025.03.18	14:00:00	132450	133160	132400	132985	407648	1336001	5
2025.03.18	15:00:00	132980	133060	132760	132910	256899	868289	5
2025.03.18	16:00:00	132910	133040	132660	132780	255852	912255	5
2025.03.18	17:00:00	132785	132945	132665	132840	152410	494162	5
2025.03.18	18:00:00	132835	132935	132775	132830	34393	96420	5
2025.03.19	09:00:00	132540	133090	132530	133020	662306	1868827	5
2025.03.19	10:00:00	133020	133630	132780	133385	787861	2453851	5
2025.03.19	11:00:00	133390	134055	133365	133665	589224	1916986	5
2025.03.19	12:00:00	133665	133725	133425	133560	321456	1100247	5
2025.03.19	13:00:00	133565	133830	133530	133620	299275	1018097	5
2025.03.19	14:00:00	133620	133790	133255	133445	250994	850526	5
2025.03.19	15:00:00	133435	134260	133260	134240	446957	1482747	5
2025.03.19	16:00:00	134240	134320	133710	133850	350526	1191953	5
2025.03.19	17:00:00	133845	134260	133770	134120	197965	667140	5
2025.03.19	18:00:00	134125	134455	134110	134130	60701	168594	5
2025.03.20	09:00:00	133590	133600	133060	133410	601284	1729696	5
2025.03.20	10:00:00	133405	133845	133255	133625	792689	2555242	5
2025.03.20	11:00:00	133625	133720	133230	133675	566914	1831873	5
2025.03.20	12:00:00	133670	133955	132895	133070	477324	1673017	5
2025.03.20	13:00:00	133070	133420	133025	133220	317026	1069321	5
2025.03.20	14:00:00	133225	133380	133075	133125	241880	861240	5
2025.03.20	15:00:00	133125	133340	132940	132995	326318	1162686	5
2025.03.20	16:00:00	133000	133410	132960	133305	277175	972844	5
2025.03.20	17:00:00	133310	133340	133085	133150	168924	569819	5
2025.03.20	18:00:00	133145	133285	133050	133265	52345	131800	5
2025.03.21	09:00:00	132950	133115	132615	132935	713366	2077823	5
2025.03.21	10:00:00	132930	133425	132820	133265	764269	2447279	5
2025.03.21	11:00:00	133270	133735	133055	133250	626620	2075795	5
2025.03.21	12:00:00	133250	133285	132880	133075	326685	1107265	5
2025.03.21	13:00:00	133080	133365	132885	133280	296660	994420	5
2025.03.21	14:00:00	133280	133435	133160	133310	266668	922511	5
2025.03.21	15:00:00	133310	133345	132885	132915	265778	1007326	5
2025.03.21	16:00:00	132915	133550	132850	133480	324145	1164533	5
2025.03.21	17:00:00	133485	133585	133140	133260	183588	637650	5
2025.03.21	18:00:00	133265	133295	133110	133110	26976	83604	5
2025.03.24	09:00:00	133900	134145	132670	132865	744767	2163478	5
2025.03.24	10:00:00	132865	133270	132505	132970	817505	2546458	5
2025.03.24	11:00:00	132970	133415	132850	133165	549968	1826179	5
2025.03.24	12:00:00	133165	133185	132875	133025	320164	1120421	5
2025.03.24	13:00:00	133025	133035	132700	132860	260363	884817	5
2025.03.24	14:00:00	132860	132865	131940	132060	447427	1623362	5
2025.03.24	15:00:00	132055	132290	131925	132155	297839	1084794	5
2025.03.24	16:00:00	132150	132545	132045	132345	316920	1152613	5
2025.03.24	17:00:00	132345	132445	132155	132335	153573	540247	5
2025.03.24	18:00:00	132340	132540	132290	132470	61874	153592	5
2025.03.25	09:00:00	132200	132935	132090	132845	790080	2287308	5
2025.03.25	10:00:00	132850	133680	132560	133530	831771	2664283	5
2025.03.25	11:00:00	133530	134105	133465	134050	482041	1633351	5
2025.03.25	12:00:00	134050	134455	133995	134260	358655	1291288	5
2025.03.25	13:00:00	134260	134265	133410	133670	333568	1172530	5
2025.03.25	14:00:00	133670	133805	133220	133340	371380	1247812	5
2025.03.25	15:00:00	133340	133455	133145	133170	266161	950049	5
2025.03.25	16:00:00	133165	133250	132895	133075	302202	1086253	5
2025.03.25	17:00:00	133070	133400	132980	133345	159337	554778	5
2025.03.25	18:00:00	133350	133360	133055	133195	54944	140841	5
2025.03.26	09:00:00	133180	133755	133000	133755	677551	1924676	5
2025.03.26	10:00:00	133750	133795	133030	133435	963218	3045421	5
2025.03.26	11:00:00	133435	133835	133265	133290	521641	1767991	5
2025.03.26	12:00:00	133290	133580	133265	133370	357327	1306778	5
2025.03.26	13:00:00	133370	133875	133320	133390	322738	1150165	5
2025.03.26	14:00:00	133395	133415	133095	133315	328848	1207602	5
2025.03.26	15:00:00	133315	133550	133255	133305	269714	1016881	5
2025.03.26	16:00:00	133305	133640	133220	133540	241008	942033	5
2025.03.26	17:00:00	133540	133655	133215	133315	177380	645832	5
2025.03.26	18:00:00	133315	133335	132605	133200	61165	174712	5
2025.03.27	09:00:00	133680	134165	133605	133970	728744	2064933	5
2025.03.27	10:00:00	133970	134055	133240	133785	971067	3079589	5
2025.03.27	11:00:00	133790	134000	133530	133685	572183	1905089	5
2025.03.27	12:00:00	133685	134575	133665	134465	417761	1439380	5
2025.03.27	13:00:00	134460	134640	134285	134440	308468	1025893	5
2025.03.27	14:00:00	134445	134640	133725	133975	334405	1150408	5
2025.03.27	15:00:00	133980	134315	133920	134095	316642	1076739	5
2025.03.27	16:00:00	134095	134180	133660	133945	276788	957824	5
2025.03.27	17:00:00	133945	134080	133795	133880	141311	471382	5
2025.03.27	18:00:00	133880	133915	133765	133835	31303	93638	5
2025.03.28	09:00:00	133745	133750	132850	133440	698568	2114525	5
2025.03.28	10:00:00	133435	133800	133095	133265	817807	2663151	5
2025.03.28	11:00:00	133265	133270	132120	132185	673923	2366915	5
2025.03.28	12:00:00	132180	132505	132080	132400	325285	1172258	5
2025.03.28	13:00:00	132395	132530	132190	132200	228042	772166	5
2025.03.28	14:00:00	132205	132625	132030	132625	349433	1205796	5
2025.03.28	15:00:00	132625	133635	132615	132995	537086	2006829	5
2025.03.28	16:00:00	133000	133075	132765	132815	200349	708770	5
2025.03.28	17:00:00	132815	132820	132515	132690	156448	549820	5
2025.03.28	18:00:00	132690	132750	132610	132720	22419	67788	5
2025.03.31	09:00:00	131935	132170	131430	131680	661572	1820369	5
2025.03.31	10:00:00	131685	131790	130930	131365	865085	2705372	5
2025.03.31	11:00:00	131370	131650	131275	131450	534869	1732434	5
2025.03.31	12:00:00	131450	131455	130855	131030	368335	1253886	5
2025.03.31	13:00:00	131035	131175	130900	131045	257852	876141	5
2025.03.31	14:00:00	131045	131205	130805	131115	295348	1067563	5
2025.03.31	15:00:00	131110	131720	131100	131335	427647	1578411	5
2025.03.31	16:00:00	131330	131455	131080	131115	291879	1149106	5
2025.03.31	17:00:00	131115	131145	130870	131050	189282	691034	5
2025.03.31	18:00:00	131045	131070	130960	130960	32386	91278	5
2025.04.01	09:00:00	131130	131325	130865	131105	641814	1818987	5
2025.04.01	10:00:00	131100	131510	130625	131380	989798	3153906	5
2025.04.01	11:00:00	131380	132390	131120	132040	794299	2682945	5
2025.04.01	12:00:00	132035	132515	132035	132430	365331	1242295	5
2025.04.01	13:00:00	132430	132585	132045	132240	363110	1198419	5
2025.04.01	14:00:00	132235	132665	132185	132420	309648	1020344	5
2025.04.01	15:00:00	132425	132475	131620	131860	338415	1220816	5
2025.04.01	16:00:00	131860	132080	131635	131875	297537	1023249	5
2025.04.01	17:00:00	131870	131890	131640	131830	146472	487792	5
2025.04.01	18:00:00	131830	131840	131610	131700	32296	89021	5
2025.04.02	09:00:00	131525	132045	131405	131620	766527	2194764	5
2025.04.02	10:00:00	131620	132130	131030	131115	928321	3050805	5
2025.04.02	11:00:00	131120	131750	130885	131495	664090	2260109	5
2025.04.02	12:00:00	131500	131695	131360	131525	352967	1244389	5
2025.04.02	13:00:00	131525	131930	131355	131855	391734	1366748	5
2025.04.02	14:00:00	131855	131875	131420	131685	326094	1132436	5
2025.04.02	15:00:00	131690	131840	131590	131690	220701	761163	5
2025.04.02	16:00:00	131685	131995	131675	131955	205521	682555	5
2025.04.02	17:00:00	131955	133410	130990	131385	837789	2161418	5
2025.04.02	18:00:00	131390	131550	130760	130760	42783	141143	5
2025.04.03	09:00:00	130340	131590	130205	130360	894705	2729972	5
2025.04.03	10:00:00	130360	133070	130265	132550	1225498	3827650	5
2025.04.03	11:00:00	132550	133130	132115	132155	784875	2420963	5
2025.04.03	12:00:00	132160	132185	131360	131565	604257	1910126	5
2025.04.03	13:00:00	131570	132120	131520	131905	381623	1182263	5
2025.04.03	14:00:00	131905	132140	131595	131895	370242	1153894	5
2025.04.03	15:00:00	131895	132030	131685	131925	368421	1155917	5
2025.04.03	16:00:00	131925	132025	131555	131745	309140	974175	5
2025.04.03	17:00:00	131745	131875	131615	131750	171046	514285	5
2025.04.03	18:00:00	131740	131870	131655	131870	24858	75631	5
2025.04.04	09:00:00	129700	129900	128730	128975	907781	2414638	5
2025.04.04	10:00:00	128975	129315	127670	128015	1101097	3373555	5
2025.04.04	11:00:00	128015	128020	126825	127285	795958	2511576	5
2025.04.04	12:00:00	127280	128215	127205	127540	813152	2525599	5
2025.04.04	13:00:00	127540	127850	127215	127565	379437	1204127	5
2025.04.04	14:00:00	127570	127850	127245	127730	423283	1307242	5
2025.04.04	15:00:00	127730	127825	127165	127375	387471	1180074	5
2025.04.04	16:00:00	127375	127855	127250	127485	383029	1127112	5
2025.04.04	17:00:00	127485	127715	127280	127620	222932	662645	5
2025.04.04	18:00:00	127625	127790	127350	127650	44474	123751	5
2025.04.07	09:00:00	125650	126490	125350	126075	1053034	2722637	5
2025.04.07	10:00:00	126080	126120	124225	125535	1283386	3820245	5
2025.04.07	11:00:00	125530	129025	125370	127190	2059699	4797735	5
2025.04.07	12:00:00	127190	127585	125260	125885	1129407	2547699	5
2025.04.07	13:00:00	125890	126070	125090	125645	699036	1595668	5
2025.04.07	14:00:00	125640	126895	125530	126550	723787	1787416	5
2025.04.07	15:00:00	126550	126865	125435	125565	583547	1456257	5
2025.04.07	16:00:00	125560	126350	125525	125815	519235	1292994	5
2025.04.07	17:00:00	125815	126120	125715	125900	190428	468019	5
2025.04.07	18:00:00	125900	125960	125720	125890	26891	66418	5
2025.04.08	09:00:00	127300	127445	126170	126610	837712	2305327	5
2025.04.08	10:00:00	126605	127980	126470	126985	1200387	3522584	5
2025.04.08	11:00:00	126985	127475	125715	125790	868872	2625836	5
2025.04.08	12:00:00	125790	126070	125250	125780	668499	2045710	5
2025.04.08	13:00:00	125775	125800	124675	125000	701813	2086394	5
2025.04.08	14:00:00	125000	125330	124430	125200	739921	2078317	5
2025.04.08	15:00:00	125195	125770	124680	124705	582946	1694428	5
2025.04.08	16:00:00	124705	124740	123645	124220	642483	1916504	5
2025.04.08	17:00:00	124225	124395	123925	124010	194994	556420	5
2025.04.08	18:00:00	124010	124125	123800	124000	50572	125278	5
2025.04.09	09:00:00	123015	123405	122560	123150	972592	2667676	5
2025.04.09	10:00:00	123155	124760	123060	124475	1345139	3730602	5
2025.04.09	11:00:00	124475	125040	123830	123950	1129286	3052878	5
2025.04.09	12:00:00	123950	124525	123605	123795	806727	2196785	5
2025.04.09	13:00:00	123790	124820	123730	124585	544218	1491554	5
2025.04.09	14:00:00	124585	129960	123800	128570	1114744	2899332	5
2025.04.09	15:00:00	128565	128845	127035	127145	912726	2049144	5
2025.04.09	16:00:00	127150	128380	126895	127905	601738	1449258	5
2025.04.09	17:00:00	127905	128235	127505	127625	275199	644964	5
2025.04.09	18:00:00	127620	127945	127500	127550	41722	98875	5
2025.04.10	09:00:00	127145	128245	126735	127280	964531	2477616	5
2025.04.10	10:00:00	127275	127800	126540	126840	1284704	3466755	5
2025.04.10	11:00:00	126845	127365	126510	126705	913787	2394610	5
2025.04.10	12:00:00	126710	126970	125985	126050	692148	1831718	5
2025.04.10	13:00:00	126050	126245	125060	126195	816874	2062313	5
2025.04.10	14:00:00	126195	126660	125485	126415	823234	1967815	5
2025.04.10	15:00:00	126410	126925	126185	126385	697779	1693253	5
2025.04.10	16:00:00	126385	126845	125645	126475	699548	1696804	5
2025.04.10	17:00:00	126475	126790	126410	126600	209478	517450	5
2025.04.10	18:00:00	126595	126630	126360	126535	33737	75313	5
2025.04.11	09:00:00	127080	127675	126960	127295	838661	2125314	5
2025.04.11	10:00:00	127290	127450	126205	126990	1289534	3541698	5
2025.04.11	11:00:00	126995	127300	126100	126670	1091805	2798046	5
2025.04.11	12:00:00	126670	127375	126295	127000	579850	1655514	5
2025.04.11	13:00:00	127000	127825	126840	127690	469522	1435354	5
2025.04.11	14:00:00	127685	128540	127255	128215	586166	1800269	5
2025.04.11	15:00:00	128210	128370	127955	128135	365384	1107644	5
2025.04.11	16:00:00	128130	128475	128035	128055	307260	955077	5
2025.04.11	17:00:00	128055	128085	127725	127885	191060	548999	5
2025.04.11	18:00:00	127890	127995	127740	127920	29086	74135	5
2025.04.14	09:00:00	128600	129495	128445	129470	740402	1997901	5
2025.04.14	10:00:00	129465	129700	128975	129125	1049020	3046967	5
2025.04.14	11:00:00	129130	129590	128775	128865	806551	2449505	5
2025.04.14	12:00:00	128860	129310	128480	128750	728838	2183582	5
2025.04.14	13:00:00	128750	129120	128425	128880	590536	1788601	5
2025.04.14	14:00:00	128875	129530	128860	129285	538649	1605126	5
2025.04.14	15:00:00	129290	130000	129240	129895	447292	1481276	5
2025.04.14	16:00:00	129900	130125	129605	129685	410508	1296654	5
2025.04.14	17:00:00	129680	129760	129490	129625	243594	708364	5
2025.04.14	18:00:00	129625	129680	129400	129480	46290	119253	5
2025.04.15	09:00:00	129450	129955	129155	129165	739708	2008036	5
2025.04.15	10:00:00	129165	129910	129120	129740	946799	2916506	5
2025.04.15	11:00:00	129745	129995	128950	129235	902156	2840307	5
2025.04.15	12:00:00	129235	129620	129140	129585	514469	1671238	5
2025.04.15	13:00:00	129585	129885	129385	129445	391341	1205204	5
2025.04.15	14:00:00	129445	129740	129020	129175	458278	1394816	5
2025.04.15	15:00:00	129175	129410	129045	129105	373041	1162905	5
2025.04.15	16:00:00	129100	129435	129070	129185	278251	828613	5
2025.04.15	17:00:00	129185	129400	129165	129250	148859	396243	5
2025.04.15	18:00:00	129255	129280	129185	129275	46374	103558	5
2025.04.16	09:00:00	131520	131680	130810	131125	821163	2192879	5
2025.04.16	10:00:00	131125	131515	130980	131040	890376	2593513	5
2025.04.16	11:00:00	131045	131480	130535	130775	676945	2101941	5
2025.04.16	12:00:00	130775	131275	130755	131170	366921	1159172	5
2025.04.16	13:00:00	131165	131495	130825	131420	354558	1125139	5
2025.04.16	14:00:00	131425	132065	130715	130775	671986	2044009	5
2025.04.16	15:00:00	130775	131570	130735	131170	497083	1654311	5
2025.04.16	16:00:00	131170	131200	130405	130685	411602	1430738	5
2025.04.16	17:00:00	130690	130790	130380	130610	157428	429619	5
2025.04.16	18:00:00	130610	130735	130465	130570	43676	98645	5
2025.04.17	09:00:00	130855	131195	130525	130855	662428	1844817	5
2025.04.17	10:00:00	130855	131290	130270	131150	967626	3069329	5
2025.04.17	11:00:00	131150	131530	130855	131280	719524	2306577	5
2025.04.17	12:00:00	131280	131955	131245	131665	494342	1600520	5
2025.04.17	13:00:00	131660	132280	131655	132175	522103	1691919	5
2025.04.17	14:00:00	132180	132375	131845	132195	371880	1233749	5
2025.04.17	15:00:00	132195	132600	132135	132345	353353	1157232	5
2025.04.17	16:00:00	132345	132390	131860	131870	305032	990169	5
2025.04.17	17:00:00	131865	132215	131855	131980	189427	551276	5
2025.04.17	18:00:00	131980	132070	131850	131875	33139	102343	5
2025.04.22	09:00:00	132140	132320	131505	131520	750372	2148244	5
2025.04.22	10:00:00	131520	131865	130940	131530	959393	3117420	5
2025.04.22	11:00:00	131530	132610	131380	132520	660268	2254445	5
2025.04.22	12:00:00	132520	133000	132450	132920	447603	1561863	5
2025.04.22	13:00:00	132920	133195	132705	132790	389381	1292890	5
2025.04.22	14:00:00	132785	132985	132415	132575	481055	1583917	5
2025.04.22	15:00:00	132570	133335	132550	133190	387719	1314961	5
2025.04.22	16:00:00	133190	133315	133010	133020	282999	936714	5
2025.04.22	17:00:00	133015	133090	132760	132845	161217	508402	5
2025.04.22	18:00:00	132840	133110	132820	133110	45969	105363	5
2025.04.23	09:00:00	134125	134815	134110	134490	736917	2149404	5
2025.04.23	10:00:00	134490	135440	134325	135410	1029077	3395814	5
2025.04.23	11:00:00	135410	135670	135000	135580	680050	2247292	5
2025.04.23	12:00:00	135585	135770	135090	135345	507400	1736916	5
2025.04.23	13:00:00	135340	135385	134665	135075	402990	1406532	5
2025.04.23	14:00:00	135075	135215	134750	135090	352110	1249750	5
2025.04.23	15:00:00	135090	135180	134825	134990	314461	1143255	5
2025.04.23	16:00:00	134990	135120	134680	134825	313010	1163055	5
2025.04.23	17:00:00	134830	135040	134625	134930	206196	689820	5
2025.04.23	18:00:00	134925	135045	134870	135015	34634	85044	5
2025.04.24	09:00:00	134785	135495	134675	135245	608285	1788228	5
2025.04.24	10:00:00	135245	135720	134865	135185	897566	2945599	5
2025.04.24	11:00:00	135190	135575	134950	135500	699973	2442892	5
2025.04.24	12:00:00	135500	136470	135495	136395	514650	1895122	5
2025.04.24	13:00:00	136395	136985	136320	136825	420555	1569756	5
2025.04.24	14:00:00	136830	137095	136610	136975	361941	1289352	5
2025.04.24	15:00:00	136980	137390	136940	137170	346348	1255587	5
2025.04.24	16:00:00	137170	137220	136850	136875	332586	1183760	5
2025.04.24	17:00:00	136875	137115	136870	136975	166065	496461	5
2025.04.24	18:00:00	136980	137075	136960	137050	41265	106834	5
2025.04.25	09:00:00	136745	137190	136530	136975	689051	1973333	5
2025.04.25	10:00:00	136980	137225	136580	136675	874988	2777148	5
2025.04.25	11:00:00	136680	137430	136630	137265	720904	2401380	5
2025.04.25	12:00:00	137265	137280	136810	137090	357854	1182080	5
2025.04.25	13:00:00	137090	137185	136850	136915	284063	970965	5
2025.04.25	14:00:00	136910	137025	136500	136765	449958	1552964	5
2025.04.25	15:00:00	136765	137320	136705	137010	363773	1236444	5
2025.04.25	16:00:00	137010	137270	136925	137115	262233	936351	5
2025.04.25	17:00:00	137115	137265	137005	137175	131431	427680	5
2025.04.25	18:00:00	137170	137285	137105	137265	22292	69111	5
2025.04.28	09:00:00	136890	137535	136840	137490	595657	1660354	5
2025.04.28	10:00:00	137495	137755	136920	137535	916523	3005190	5
2025.04.28	11:00:00	137535	138070	137470	137805	596009	2061159	5
2025.04.28	12:00:00	137805	137900	137200	137410	419618	1484889	5
2025.04.28	13:00:00	137410	137530	137130	137190	288073	1050912	5
2025.04.28	14:00:00	137185	137325	136955	137150	334520	1184928	5
2025.04.28	15:00:00	137150	137400	136975	137170	300588	1073415	5
2025.04.28	16:00:00	137170	137355	137095	137270	201343	777539	5
2025.04.28	17:00:00	137265	137325	137165	137220	103205	321087	5
2025.04.28	18:00:00	137220	137325	137200	137275	29753	73490	5
2025.04.29	09:00:00	137265	137670	137200	137270	620291	1748256	5
2025.04.29	10:00:00	137275	137775	137145	137630	891780	2834641	5
2025.04.29	11:00:00	137635	138435	137500	138335	676025	2265859	5
2025.04.29	12:00:00	138335	138465	137990	138170	363343	1286733	5
2025.04.29	13:00:00	138170	138290	138020	138090	259086	889894	5
2025.04.29	14:00:00	138085	138225	137950	137980	259069	923436	5
2025.04.29	15:00:00	137980	138025	137610	137690	319486	1210363	5
2025.04.29	16:00:00	137695	137710	137450	137515	253661	986979	5
2025.04.29	17:00:00	137515	137565	137285	137405	135914	463179	5
2025.04.29	18:00:00	137410	137435	137330	137420	44879	103869	5
2025.04.30	09:00:00	137155	137640	136725	136775	811557	2360287	5
2025.04.30	10:00:00	136775	137350	136330	136605	922333	3164419	5
2025.04.30	11:00:00	136605	136790	136115	136255	680602	2420781	5
2025.04.30	12:00:00	136255	136980	136230	136915	475573	1688348	5
2025.04.30	13:00:00	136915	136965	136660	136935	340187	1218682	5
2025.04.30	14:00:00	136935	137285	136760	136900	436650	1565490	5
2025.04.30	15:00:00	136900	137500	136840	137020	380923	1380765	5
2025.04.30	16:00:00	137025	137360	136940	137165	323929	1104799	5
2025.04.30	17:00:00	137170	137265	136960	136980	193134	622613	5
2025.04.30	18:00:00	136975	137030	136785	136800	37199	105122	5
2025.05.02	09:00:00	137240	137465	136490	136860	688183	2022192	5
2025.05.02	10:00:00	136860	137350	136585	136820	856852	2870616	5
2025.05.02	11:00:00	136820	137215	136380	137115	646308	2284914	5
2025.05.02	12:00:00	137115	137155	136380	136580	422478	1515326	5
2025.05.02	13:00:00	136585	136880	136465	136650	344775	1176814	5
2025.05.02	14:00:00	136655	137010	136560	136620	322791	1110041	5
2025.05.02	15:00:00	136615	136925	136565	136765	248845	875836	5
2025.05.02	16:00:00	136760	137200	136735	137035	253690	873683	5
2025.05.02	17:00:00	137030	137305	136985	137235	121832	406868	5
2025.05.02	18:00:00	137235	137555	137215	137555	30999	110014	5
2025.05.05	09:00:00	136975	137460	136935	137270	539759	1533569	5
2025.05.05	10:00:00	137265	137345	136245	136390	904092	3121845	5
2025.05.05	11:00:00	136390	136455	135620	135945	625257	2318095	5
2025.05.05	12:00:00	135950	136090	135585	135740	385656	1412916	5
2025.05.05	13:00:00	135740	135905	135450	135540	289213	996110	5
2025.05.05	14:00:00	135535	135700	135400	135635	257312	935755	5
2025.05.05	15:00:00	135635	135745	135505	135645	242745	939053	5
2025.05.05	16:00:00	135640	135720	135450	135495	231995	822464	5
2025.05.05	17:00:00	135500	135600	135430	135545	130406	412133	5
2025.05.05	18:00:00	135545	135570	135300	135300	44846	135099	5
2025.05.06	09:00:00	135300	136015	135285	135890	655734	1989088	5
2025.05.06	10:00:00	135890	136220	135540	135705	899874	3089561	5
2025.05.06	11:00:00	135705	136090	135480	135530	587145	2147290	5
2025.05.06	12:00:00	135535	135840	135360	135395	370849	1351893	5
2025.05.06	13:00:00	135395	135830	135325	135455	385244	1401860	5
2025.05.06	14:00:00	135455	135530	135310	135485	247825	860550	5
2025.05.06	15:00:00	135490	135645	135160	135435	313081	1149128	5
2025.05.06	16:00:00	135435	135575	135420	135475	213524	805970	5
2025.05.06	17:00:00	135480	135625	135430	135510	109733	337561	5
2025.05.06	18:00:00	135515	135685	135505	135665	41182	100368	5
2025.05.07	09:00:00	136000	136500	136000	136205	632468	1964184	5
2025.05.07	10:00:00	136200	136205	134760	134930	883613	3091261	5
2025.05.07	11:00:00	134930	135080	134675	134875	571701	2106717	5
2025.05.07	12:00:00	134875	135200	134755	135075	374175	1415709	5
2025.05.07	13:00:00	135075	135480	134930	135410	313176	1156591	5
2025.05.07	14:00:00	135410	135475	135050	135240	309822	1187593	5
2025.05.07	15:00:00	135235	135520	134945	135250	548738	1977961	5
2025.05.07	16:00:00	135245	135440	134895	135235	532029	1836577	5
2025.05.07	17:00:00	135240	135415	135170	135350	150042	490103	5
2025.05.07	18:00:00	135355	135445	135315	135390	36656	95192	5
2025.05.08	09:00:00	136400	137695	136380	137575	786848	2530197	5
2025.05.08	10:00:00	137575	138885	137465	138775	892098	3249775	5
2025.05.08	11:00:00	138780	138800	138205	138610	582663	2031286	5
2025.05.08	12:00:00	138610	139620	138550	139255	558948	2115905	5
2025.05.08	13:00:00	139255	139410	138990	139225	319313	1104749	5
2025.05.08	14:00:00	139230	139260	138850	138940	294932	1052301	5
2025.05.08	15:00:00	138935	139155	138880	138940	269477	1009772	5
2025.05.08	16:00:00	138945	139020	138235	138350	358966	1390846	5
2025.05.08	17:00:00	138350	138355	138050	138260	191110	697308	5
2025.05.08	18:00:00	138255	138360	138205	138360	43260	104648	5
2025.05.09	09:00:00	138800	138845	138280	138715	683504	2075740	5
2025.05.09	10:00:00	138715	139045	138390	138805	823721	2797764	5
2025.05.09	11:00:00	138805	139070	138205	138560	662661	2384277	5
2025.05.09	12:00:00	138565	138595	138170	138385	382696	1412460	5
2025.05.09	13:00:00	138390	138440	138155	138200	259474	962737	5
2025.05.09	14:00:00	138200	138310	137905	138275	296873	1074389	5
2025.05.09	15:00:00	138280	138510	138175	138290	239083	913526	5
2025.05.09	16:00:00	138285	138450	138130	138135	197361	762299	5
2025.05.09	17:00:00	138130	138340	138125	138250	90289	319097	5
2025.05.09	18:00:00	138255	138340	138215	138220	21710	61574	5
2025.05.12	09:00:00	140305	140310	139280	139505	571383	1829341	5
2025.05.12	10:00:00	139505	139515	138485	138550	892097	3043350	5
2025.05.12	11:00:00	138545	138940	138230	138510	612831	2142006	5
2025.05.12	12:00:00	138505	138535	138090	138280	356126	1296016	5
2025.05.12	13:00:00	138275	138530	138240	138455	270982	985731	5
2025.05.12	14:00:00	138450	138495	138275	138335	230520	844021	5
2025.05.12	15:00:00	138340	138530	138060	138470	287970	1045022	5
2025.05.12	16:00:00	138475	138610	138320	138380	230596	803596	5
2025.05.12	17:00:00	138385	138590	138355	138535	130414	432172	5
2025.05.12	18:00:00	138540	138620	138445	138620	39612	98226	5
2025.05.13	09:00:00	138700	138825	138325	138720	632103	1818111	5
2025.05.13	10:00:00	138720	139830	138655	139445	930367	3112500	5
2025.05.13	11:00:00	139445	140115	139370	140040	517108	1827541	5
2025.05.13	12:00:00	140040	140820	140020	140510	467239	1722929	5
2025.05.13	13:00:00	140505	140535	140165	140330	299431	1112859	5
2025.05.13	14:00:00	140325	140410	140210	140330	220559	836506	5
2025.05.13	15:00:00	140330	140745	140315	140670	295241	1187488	5
2025.05.13	16:00:00	140670	141360	140655	140835	362285	1354063	5
2025.05.13	17:00:00	140835	140875	140660	140750	144857	479034	5
2025.05.13	18:00:00	140755	140765	140525	140525	33795	115867	5
2025.05.14	09:00:00	140555	140940	140435	140725	679617	1955600	5
2025.05.14	10:00:00	140720	141030	140310	140710	977615	3179922	5
2025.05.14	11:00:00	140715	140840	140090	140420	637086	2142536	5
2025.05.14	12:00:00	140425	140645	140170	140555	406082	1406922	5
2025.05.14	13:00:00	140555	140630	140335	140530	235931	800970	5
2025.05.14	14:00:00	140525	140745	140225	140270	322852	1162818	5
2025.05.14	15:00:00	140270	140330	139925	140280	295703	1060985	5
2025.05.14	16:00:00	140285	140400	140145	140165	234511	819563	5
2025.05.14	17:00:00	140165	140165	140000	140025	121675	411625	5
2025.05.14	18:00:00	140020	140145	140015	140065	31891	83961	5
2025.05.15	09:00:00	139775	140050	139570	140015	527915	1443422	5
2025.05.15	10:00:00	140010	140475	139910	140400	790650	2445621	5
2025.05.15	11:00:00	140395	140940	140140	140315	722178	2408370	5
2025.05.15	12:00:00	140315	140670	140030	140625	378648	1225286	5
2025.05.15	13:00:00	140630	141025	140610	140735	357065	1188970	5
2025.05.15	14:00:00	140735	140860	140000	140190	448632	1556284	5
2025.05.15	15:00:00	140195	140665	140165	140625	359165	1207430	5
2025.05.15	16:00:00	140630	141140	140575	141105	308322	1010991	5
2025.05.15	17:00:00	141105	141170	140930	141045	156266	467666	5
2025.05.15	18:00:00	141045	141090	140930	141075	30979	95686	5
2025.05.16	09:00:00	140770	140790	139330	139525	733783	2375660	5
2025.05.16	10:00:00	139520	140000	139180	139905	905674	2969294	5
2025.05.16	11:00:00	139905	139920	139120	139400	599699	2044719	5
2025.05.16	12:00:00	139395	139995	139285	139825	346870	1171994	5
2025.05.16	13:00:00	139820	140360	139790	140165	327443	1107627	5
2025.05.16	14:00:00	140165	140595	140130	140375	316605	1087214	5
2025.05.16	15:00:00	140380	140850	140350	140700	290839	1022988	5
2025.05.16	16:00:00	140700	140815	140490	140705	260823	902187	5
2025.05.16	17:00:00	140700	140735	140410	140470	166137	473345	5
2025.05.16	18:00:00	140465	140500	140250	140325	39857	101606	5
2025.05.19	09:00:00	140000	140370	139895	140200	563309	1599470	5
2025.05.19	10:00:00	140200	141070	140060	141010	974270	3255087	5
2025.05.19	11:00:00	141005	141315	140790	141225	668584	2290494	5
2025.05.19	12:00:00	141225	141550	141145	141495	432210	1502302	5
2025.05.19	13:00:00	141500	141615	141300	141375	325374	1073722	5
2025.05.19	14:00:00	141370	141740	141350	141585	353233	1228947	5
2025.05.19	15:00:00	141585	141640	141250	141400	289634	1030733	5
2025.05.19	16:00:00	141400	141490	141115	141175	253990	857735	5
2025.05.19	17:00:00	141175	141255	141055	141175	178145	537451	5
2025.05.19	18:00:00	141170	141320	141110	141310	46446	110234	5
2025.05.20	09:00:00	141300	141455	140915	141375	560425	1606601	5
2025.05.20	10:00:00	141375	141395	140390	140770	1013229	3257924	5
2025.05.20	11:00:00	140765	140950	140520	140755	522186	1741812	5
2025.05.20	12:00:00	140760	140880	140640	140790	246242	840056	5
2025.05.20	13:00:00	140795	141180	140700	141085	285565	971516	5
2025.05.20	14:00:00	141090	141120	140720	140990	275501	987706	5
2025.05.20	15:00:00	140985	141050	140635	141015	308782	1083649	5
2025.05.20	16:00:00	141015	141730	140960	141665	336417	1205461	5
2025.05.20	17:00:00	141660	141665	141415	141480	137524	456685	5
2025.05.20	18:00:00	141475	141525	141420	141500	34294	90102	5
2025.05.21	09:00:00	141270	141515	141065	141130	630927	1707679	5
2025.05.21	10:00:00	141135	141150	140520	140705	768208	2455280	5
2025.05.21	11:00:00	140705	140780	139590	140055	738594	2658330	5
2025.05.21	12:00:00	140055	140105	139530	139650	355415	1235936	5
2025.05.21	13:00:00	139650	139795	139465	139765	273616	993263	5
2025.05.21	14:00:00	139770	139845	138790	139120	573364	2058636	5
2025.05.21	15:00:00	139115	139180	138820	138970	342050	1261021	5
2025.05.21	16:00:00	138970	139310	138930	139060	284011	1029343	5
2025.05.21	17:00:00	139055	139120	138870	138975	132773	466167	5
2025.05.21	18:00:00	138975	139160	138910	139060	34016	112038	5
2025.05.22	09:00:00	139065	139210	138415	139110	763561	2202485	5
2025.05.22	10:00:00	139110	139440	138580	138770	943424	3146199	5
2025.05.22	11:00:00	138765	139330	138705	139275	563633	1987814	5
2025.05.22	12:00:00	139280	139375	138955	139030	396101	1464890	5
2025.05.22	13:00:00	139030	139390	138970	139080	284833	1029489	5
2025.05.22	14:00:00	139080	140150	139075	139905	467873	1689363	5
2025.05.22	15:00:00	139905	139945	138320	138325	524463	1963833	5
2025.05.22	16:00:00	138320	138960	138165	138430	452152	1470652	5
2025.05.22	17:00:00	138430	138545	137345	137400	299635	975491	5
2025.05.22	18:00:00	137395	137465	135175	136290	137616	434501	5
2025.05.23	09:00:00	136440	137360	135960	136870	909449	2523749	5
2025.05.23	10:00:00	136870	137335	136000	136995	1029774	3010193	5
2025.05.23	11:00:00	136990	138235	136990	138050	738075	2324921	5
2025.05.23	12:00:00	138050	138465	137890	138230	417576	1303996	5
2025.05.23	13:00:00	138230	138880	138225	138320	467155	1482910	5
2025.05.23	14:00:00	138320	138635	137985	138270	382594	1201744	5
2025.05.23	15:00:00	138265	138995	138125	138670	374801	1168328	5
2025.05.23	16:00:00	138670	138965	138500	138910	284505	875621	5
2025.05.23	17:00:00	138910	139095	138725	138870	186898	535126	5
2025.05.23	18:00:00	138865	139205	138800	138830	59014	148535	5
2025.05.26	09:00:00	139200	139495	138715	138915	704132	1944894	5
2025.05.26	10:00:00	138915	139965	138850	139490	1029878	3069353	5
2025.05.26	11:00:00	139495	139580	139055	139140	602339	1876883	5
2025.05.26	12:00:00	139140	139360	138840	139025	365333	1129553	5
2025.05.26	13:00:00	139025	139245	138975	139055	214877	656964	5
2025.05.26	14:00:00	139060	139380	138980	139345	223833	675434	5
2025.05.26	15:00:00	139345	139400	139170	139225	194604	527256	5
2025.05.26	16:00:00	139225	139350	139170	139285	165889	483108	5
2025.05.26	17:00:00	139290	139455	139265	139360	115725	307378	5
2025.05.26	18:00:00	139355	139475	139275	139420	45200	96144	5
2025.05.27	09:00:00	140020	141625	140020	141100	919331	2507630	5
2025.05.27	10:00:00	141095	141290	140620	140685	897001	2579053	5
2025.05.27	11:00:00	140690	141545	140630	141005	638434	2025819	5
2025.05.27	12:00:00	141000	141035	140535	140655	383521	1279487	5
2025.05.27	13:00:00	140655	140865	140420	140480	339716	1148283	5
2025.05.27	14:00:00	140480	141020	140425	140900	301720	1069903	5
2025.05.27	15:00:00	140905	141035	140645	140690	305787	1010351	5
2025.05.27	16:00:00	140685	140840	140540	140800	273821	857669	5
2025.05.27	17:00:00	140795	140975	140660	140905	163512	439210	5
2025.05.27	18:00:00	140905	140975	140900	140930	36124	76196	5
2025.05.28	09:00:00	140795	141080	140450	140545	710359	1882698	5
2025.05.28	10:00:00	140545	140650	139690	140100	842080	2525114	5
2025.05.28	11:00:00	140105	140225	139725	140115	493287	1547745	5
2025.05.28	12:00:00	140115	140185	139565	139690	336012	1068890	5
2025.05.28	13:00:00	139695	139805	139570	139715	216318	691037	5
2025.05.28	14:00:00	139710	140230	139685	140000	287389	925051	5
2025.05.28	15:00:00	140005	140180	139870	140120	270806	887624	5
2025.05.28	16:00:00	140115	140150	139970	140055	177828	579819	5
2025.05.28	17:00:00	140055	140320	139970	140285	155279	438235	5
2025.05.28	18:00:00	140285	140375	140245	140285	49113	98094	5
2025.05.29	09:00:00	140600	140600	139370	139675	758055	2089445	5
2025.05.29	10:00:00	139675	140125	139065	139200	1057152	3117576	5
2025.05.29	11:00:00	139195	139945	139130	139710	648823	1967402	5
2025.05.29	12:00:00	139705	139750	138880	138940	386813	1325735	5
2025.05.29	13:00:00	138940	139410	138835	139295	312691	998942	5
2025.05.29	14:00:00	139300	140000	139200	139780	403807	1365596	5
2025.05.29	15:00:00	139775	140110	139690	139725	334132	1108645	5
2025.05.29	16:00:00	139725	139915	139470	139590	267024	854346	5
2025.05.29	17:00:00	139590	139725	139510	139680	108806	342628	5
2025.05.29	18:00:00	139680	139720	139605	139605	26341	75368	5
2025.05.30	09:00:00	139600	140045	139095	139815	881235	2259650	5
2025.05.30	10:00:00	139815	139815	138115	138220	943030	2787686	5
2025.05.30	11:00:00	138220	138285	137705	138015	640974	2032362	5
2025.05.30	12:00:00	138020	138270	137885	137990	358824	1143468	5
2025.05.30	13:00:00	137995	138085	137535	137955	334324	1026290	5
2025.05.30	14:00:00	137960	138375	137910	138215	348108	1126836	5
2025.05.30	15:00:00	138210	138575	138095	138200	347427	1090945	5
2025.05.30	16:00:00	138195	138355	137955	138140	295116	907136	5
2025.05.30	17:00:00	138145	138400	137710	137885	203520	584603	5
2025.05.30	18:00:00	137885	138020	137715	138020	41342	98046	5
2025.06.02	09:00:00	138110	139325	137960	139290	722081	1949967	5
2025.06.02	10:00:00	139290	139570	137870	138130	971079	3167485	5
2025.06.02	11:00:00	138130	138250	137775	137890	585958	1826409	5
2025.06.02	12:00:00	137885	138050	137605	137650	412434	1326541	5
2025.06.02	13:00:00	137655	137730	137340	137505	320539	1018822	5
2025.06.02	14:00:00	137505	137580	137255	137400	304612	979520	5
2025.06.02	15:00:00	137405	137685	137240	137560	329234	1069156	5
2025.06.02	16:00:00	137555	137645	137380	137520	250324	829647	5
2025.06.02	17:00:00	137520	137665	137450	137565	165385	501075	5
2025.06.02	18:00:00	137560	137575	137345	137435	52476	115351	5
2025.06.03	09:00:00	137525	137530	136945	137125	117492	264631	5
2025.06.03	10:00:00	137120	137595	136900	137065	918341	2591063	5
2025.06.03	11:00:00	137070	137960	136845	137845	782074	2342696	5
2025.06.03	12:00:00	137845	138150	137625	138085	481251	1480381	5
2025.06.03	13:00:00	138090	138125	137780	137910	300716	900978	5
2025.06.03	14:00:00	137915	138300	137750	138200	338768	1068706	5
2025.06.03	15:00:00	138200	138530	137930	138240	437008	1406263	5
2025.06.03	16:00:00	138240	138375	138130	138335	227993	743922	5
2025.06.03	17:00:00	138335	138465	138230	138350	139978	375515	5
2025.06.03	18:00:00	138350	138575	138340	138490	47733	112411	5
2025.06.04	09:00:00	138650	139380	138650	139065	858007	2143565	5
2025.06.04	10:00:00	139065	139410	138820	139030	944222	2639460	5
2025.06.04	11:00:00	139025	139550	138500	138555	780497	2299367	5
2025.06.04	12:00:00	138560	138645	138005	138060	489110	1510021	5
2025.06.04	13:00:00	138060	138150	137815	137940	307020	898911	5
2025.06.04	14:00:00	137940	138065	137640	137705	290051	910414	5
2025.06.04	15:00:00	137710	137760	137440	137580	287954	904026	5
2025.06.04	16:00:00	137585	137690	137510	137615	196293	636734	5
2025.06.04	17:00:00	137615	137925	137600	137820	155683	472146	5
2025.06.04	18:00:00	137825	137890	137775	137815	34007	83263	5
2025.06.05	09:00:00	138010	138250	137820	137975	667107	1734336	5
2025.06.05	10:00:00	137975	138145	137490	137760	1122883	3247777	5
2025.06.05	11:00:00	137760	137795	137185	137570	777841	2280384	5
2025.06.05	12:00:00	137565	137940	137535	137890	424437	1294617	5
2025.06.05	13:00:00	137890	137940	137580	137750	308987	909356	5
2025.06.05	14:00:00	137750	137845	137260	137320	300834	926569	5
2025.06.05	15:00:00	137315	137345	136570	136940	523523	1665470	5
2025.06.05	16:00:00	136940	137095	136710	136775	382678	1196398	5
2025.06.05	17:00:00	136775	136965	136740	136865	143779	396960	5
2025.06.05	18:00:00	136865	136995	136845	136935	38271	90053	5
2025.06.06	09:00:00	137400	137405	136780	136970	776125	1968678	5
2025.06.06	10:00:00	136970	137535	136830	137300	879801	2617931	5
2025.06.06	11:00:00	137300	137450	136330	136390	781971	2291875	5
2025.06.06	12:00:00	136395	137000	136325	136945	488066	1427712	5
2025.06.06	13:00:00	136945	136995	136310	136370	365293	1085276	5
2025.06.06	14:00:00	136370	136795	136245	136435	424449	1258652	5
2025.06.06	15:00:00	136440	136595	136290	136325	285752	919393	5
2025.06.06	16:00:00	136325	136900	136150	136770	332808	1034889	5
2025.06.06	17:00:00	136770	136965	136660	136890	154545	459037	5
2025.06.06	18:00:00	136885	136985	136750	136800	33860	94634	5
2025.06.09	09:00:00	136775	137200	135350	135725	822628	2161984	5
2025.06.09	10:00:00	135725	136250	134520	134565	1050854	3093470	5
2025.06.09	11:00:00	134570	135270	134540	135205	581374	1722699	5
2025.06.09	12:00:00	135205	135920	135180	135785	452051	1413025	5
2025.06.09	13:00:00	135790	136210	135630	135945	362205	1112733	5
2025.06.09	14:00:00	135945	136305	135940	136180	314970	989383	5
2025.06.09	15:00:00	136180	136495	136115	136380	321219	993917	5
2025.06.09	16:00:00	136380	136450	136140	136225	291613	947965	5
2025.06.09	17:00:00	136220	136300	136130	136295	135011	401454	5
2025.06.09	18:00:00	136295	136355	136240	136290	38579	91891	5
2025.06.10	09:00:00	136780	137760	136585	137360	1003382	2660603	5
2025.06.10	10:00:00	137365	137540	136500	137290	1110290	3183773	5
2025.06.10	11:00:00	137290	137885	137145	137320	767466	2312499	5
2025.06.10	12:00:00	137320	137445	137045	137405	409362	1263846	5
2025.06.10	13:00:00	137405	137665	137020	137300	382497	1179147	5
2025.06.10	14:00:00	137295	137470	136855	136965	376414	1170622	5
2025.06.10	15:00:00	136970	137035	136655	136835	366441	1125338	5
2025.06.10	16:00:00	136840	137065	136805	136940	268823	845285	5
2025.06.10	17:00:00	136940	137065	136785	136975	170136	496210	5
2025.06.10	18:00:00	136980	137260	136965	137045	41421	101431	5
2025.06.11	09:00:00	137020	137120	135710	136345	1251861	2997994	5
2025.06.11	10:00:00	136345	136955	135895	136915	1013350	2864102	5
2025.06.11	11:00:00	136915	137415	136650	136680	666959	2061754	5
2025.06.11	12:00:00	136680	137145	136180	137050	485190	1537647	5
2025.06.11	13:00:00	137045	137280	136835	137215	323781	984613	5
2025.06.11	14:00:00	137210	137950	137205	137640	431394	1401460	5
2025.06.11	15:00:00	137640	137785	137310	137535	397846	1269705	5
2025.06.11	16:00:00	137535	137630	137140	137460	314727	1033192	5
2025.06.11	17:00:00	137460	137510	137310	137335	116295	354681	5
2025.06.11	18:00:00	137335	137435	137315	137320	33675	84841	5
2025.06.12	09:00:00	136830	136965	136020	136420	974506	2461191	5
2025.06.12	10:00:00	136415	137255	136345	137120	1065405	3073156	5
2025.06.12	11:00:00	137120	137840	137075	137310	810474	2531006	5
2025.06.12	12:00:00	137310	137760	137235	137570	400186	1274057	5
2025.06.12	13:00:00	137565	137700	137335	137515	335523	1068783	5
2025.06.12	14:00:00	137515	137645	137255	137525	301714	941257	5
2025.06.12	15:00:00	137525	137870	137520	137805	282517	909277	5
2025.06.12	16:00:00	137805	138245	137760	138070	315022	1006438	5
2025.06.12	17:00:00	138070	138120	137925	138000	162595	475710	5
2025.06.12	18:00:00	138000	138215	137990	138175	63350	155903	5
2025.06.13	09:00:00	137385	137645	137110	137375	814546	2048266	5
2025.06.13	10:00:00	137370	137930	137135	137335	1136091	3156185	5
2025.06.13	11:00:00	137340	137495	136660	137235	881312	2608289	5
2025.06.13	12:00:00	137235	137750	137200	137420	477119	1382113	5
2025.06.13	13:00:00	137420	137855	137295	137760	351062	1021616	5
2025.06.13	14:00:00	137760	137950	137480	137675	367030	1067650	5
2025.06.13	15:00:00	137680	137700	137185	137675	458173	1432440	5
2025.06.13	16:00:00	137680	137875	137470	137540	328142	973367	5
2025.06.13	17:00:00	137540	137620	137065	137260	199760	590043	5
2025.06.13	18:00:00	137260	137425	137255	137285	42089	106193	5
2025.06.16	09:00:00	137600	138950	137550	138665	876871	2288631	5
2025.06.16	10:00:00	138670	139920	138480	139580	1191621	3416201	5
2025.06.16	11:00:00	139575	140115	139385	140075	687314	2020535	5
2025.06.16	12:00:00	140075	140180	139865	139995	429416	1277162	5
2025.06.16	13:00:00	139995	140265	139865	139970	325490	956703	5
2025.06.16	14:00:00	139975	140045	139735	139800	295437	891695	5
2025.06.16	15:00:00	139800	139945	139730	139745	245950	796130	5
2025.06.16	16:00:00	139740	139830	139525	139610	273249	932545	5
2025.06.16	17:00:00	139610	139955	139460	139755	246210	758091	5
2025.06.16	18:00:00	139755	140150	139740	140150	60688	125574	5
2025.06.17	09:00:00	139650	139770	139355	139695	854524	2117513	5
2025.06.17	10:00:00	139700	139795	139140	139355	1084657	2995862	5
2025.06.17	11:00:00	139355	139425	138740	138815	730924	2123648	5
2025.06.17	12:00:00	138820	138880	138390	138555	481075	1387016	5
2025.06.17	13:00:00	138560	138770	138280	138400	397518	1207963	5
2025.06.17	14:00:00	138405	138660	138375	138495	339885	1037873	5
2025.06.17	15:00:00	138495	138720	138445	138675	296107	907893	5
2025.06.17	16:00:00	138670	139020	138470	138930	336718	988927	5
2025.06.17	17:00:00	138930	139000	138655	138725	185871	463123	5
2025.06.17	18:00:00	138730	138940	138665	138940	51451	118116	5
2025.06.18	09:00:00	141695	141795	141000	141315	708130	1730541	5
2025.06.18	10:00:00	141315	141765	141075	141125	866881	2361740	5
2025.06.18	11:00:00	141125	141830	141120	141590	633754	1820326	5
2025.06.18	12:00:00	141590	141665	141275	141445	385792	1144488	5
2025.06.18	13:00:00	141445	141845	141230	141675	307114	906285	5
2025.06.18	14:00:00	141680	141960	141435	141795	353601	1113477	5
2025.06.18	15:00:00	141775	141875	141250	141325	406927	1181645	5
2025.06.18	16:00:00	141325	141445	141155	141275	323117	928644	5
2025.06.18	17:00:00	141280	141640	141255	141595	126759	370336	5
2025.06.18	18:00:00	141595	141680	141500	141655	37158	96555	5
2025.06.20	09:00:00	141580	141745	140265	140395	766302	2039210	5
2025.06.20	10:00:00	140390	140570	140015	140215	775820	2254710	5
2025.06.20	11:00:00	140220	140390	139400	139500	578229	1820304	5
2025.06.20	12:00:00	139495	139840	139305	139775	413584	1324162	5
2025.06.20	13:00:00	139780	140375	139765	139840	459843	1424574	5
2025.06.20	14:00:00	139835	139980	139465	139570	333426	1057314	5
2025.06.20	15:00:00	139570	139805	139385	139635	255881	813546	5
2025.06.20	16:00:00	139640	139735	139500	139545	213668	670704	5
2025.06.20	17:00:00	139540	139760	139510	139730	155347	443454	5
2025.06.20	18:00:00	139730	139850	139670	139710	47234	102320	5
2025.06.23	09:00:00	139695	139945	139455	139755	825550	2122545	5
2025.06.23	10:00:00	139750	139815	138845	138970	960730	2868155	5
2025.06.23	11:00:00	138965	139260	138795	139095	529506	1609623	5
2025.06.23	12:00:00	139100	139235	138715	138735	452900	1430511	5
2025.06.23	13:00:00	138740	138845	138345	138560	424110	1353936	5
2025.06.23	14:00:00	138560	138945	138320	138905	443823	1427831	5
2025.06.23	15:00:00	138910	139030	138700	138835	334199	996570	5
2025.06.23	16:00:00	138830	139045	138745	138990	241059	777800	5
2025.06.23	17:00:00	138995	139230	138990	139135	164881	516836	5
2025.06.23	18:00:00	139135	139260	139105	139215	36199	94027	5
2025.06.24	09:00:00	139860	139900	138710	139395	958759	2668931	5
2025.06.24	10:00:00	139395	139720	138640	139260	1041055	3168303	5
2025.06.24	11:00:00	139255	140350	139225	140320	675043	2141104	5
2025.06.24	12:00:00	140325	140670	140315	140570	361735	1177944	5
2025.06.24	13:00:00	140575	140590	140325	140350	239864	763251	5
2025.06.24	14:00:00	140355	140545	140245	140480	225173	760079	5
2025.06.24	15:00:00	140480	140525	139520	139690	364805	1257895	5
2025.06.24	16:00:00	139695	139935	139670	139680	252377	870507	5
2025.06.24	17:00:00	139680	139680	139330	139505	143575	487914	5
2025.06.24	18:00:00	139495	139510	139300	139300	37418	97549	5
2025.06.25	09:00:00	139300	139385	138260	138735	933181	2516916	5
2025.06.25	10:00:00	138730	138940	138250	138505	966542	2815835	5
2025.06.25	11:00:00	138505	138830	138270	138470	598065	1818919	5
2025.06.25	12:00:00	138470	138470	137900	138275	529834	1710166	5
2025.06.25	13:00:00	138275	138645	138265	138510	314485	974215	5
2025.06.25	14:00:00	138510	138540	138170	138245	349765	1127333	5
2025.06.25	15:00:00	138250	138350	137960	138180	288835	938628	5
2025.06.25	16:00:00	138180	138375	138070	138155	235957	780724	5
2025.06.25	17:00:00	138155	138210	137735	137975	191528	623217	5
2025.06.25	18:00:00	137980	138210	137890	138190	54244	142970	5
2025.06.26	09:00:00	138635	138970	138325	138730	841859	2211921	5
2025.06.26	10:00:00	138730	139200	138380	138900	1103049	3193670	5
2025.06.26	11:00:00	138900	139565	138800	139355	662210	2059812	5
2025.06.26	12:00:00	139355	139610	139260	139490	426184	1390128	5
2025.06.26	13:00:00	139490	139750	139355	139525	340846	1128126	5
2025.06.26	14:00:00	139525	139665	139345	139410	304001	1002662	5
2025.06.26	15:00:00	139405	139515	139320	139425	227402	731518	5
2025.06.26	16:00:00	139425	139540	139280	139460	225266	739488	5
2025.06.26	17:00:00	139460	139520	139220	139270	174813	565475	5
2025.06.26	18:00:00	139270	139485	139140	139225	63269	170676	5
2025.06.27	09:00:00	139600	139740	138450	138500	881832	2321290	5
2025.06.27	10:00:00	138495	139275	138300	139100	1005331	2843081	5
2025.06.27	11:00:00	139100	139415	138890	139025	600237	1874121	5
2025.06.27	12:00:00	139025	139485	138825	139315	438099	1369243	5
2025.06.27	13:00:00	139320	139565	139230	139300	285156	917399	5
2025.06.27	14:00:00	139300	139430	138935	139140	372764	1231336	5
2025.06.27	15:00:00	139145	139300	138850	138910	322319	1036025	5
2025.06.27	16:00:00	138915	139220	138825	139170	225315	728401	5
2025.06.27	17:00:00	139175	139280	139020	139145	148425	480153	5
2025.06.27	18:00:00	139145	139335	139140	139335	31960	87482	5
2025.06.30	09:00:00	139250	139250	138025	138915	913632	2487866	5
2025.06.30	10:00:00	138915	140295	138550	140175	984260	2966528	5
2025.06.30	11:00:00	140180	140355	139935	140290	518273	1618240	5
2025.06.30	12:00:00	140285	140535	140135	140320	395508	1272299	5
2025.06.30	13:00:00	140325	140575	140190	140565	313476	953636	5
2025.06.30	14:00:00	140570	141035	140480	140950	406694	1286780	5
2025.06.30	15:00:00	140950	141280	140850	141200	349915	1165785	5
2025.06.30	16:00:00	141195	141450	141110	141275	318755	1068831	5
2025.06.30	17:00:00	141270	141290	141035	141195	180741	607530	5
2025.06.30	18:00:00	141195	141350	141115	141115	56743	144578	5
2025.07.01	09:00:00	140900	141875	140725	141240	1030551	2798610	5
2025.07.01	10:00:00	141240	141885	141140	141320	1052670	2940750	5
2025.07.01	11:00:00	141330	141455	141075	141335	622517	1906854	5
2025.07.01	12:00:00	141340	141535	141150	141360	425095	1337347	5
2025.07.01	13:00:00	141365	141835	141355	141560	385379	1220646	5
2025.07.01	14:00:00	141565	141895	141560	141830	339218	1064023	5
2025.07.01	15:00:00	141835	141950	141725	141935	248128	832241	5
2025.07.01	16:00:00	141935	141945	141795	141885	209828	696845	5
2025.07.01	17:00:00	141885	141915	141640	141665	156375	485280	5
2025.07.01	18:00:00	141660	141785	141625	141785	53882	117556	5
2025.07.02	09:00:00	141830	142200	141545	141950	1045030	2800459	5
2025.07.02	10:00:00	141945	142035	140520	140690	1204955	3840394	5
2025.07.02	11:00:00	140690	140975	140400	140830	726032	2494776	5
2025.07.02	12:00:00	140830	141340	140725	141070	498990	1664055	5
2025.07.02	13:00:00	141070	141385	140915	141280	366669	1228835	5
2025.07.02	14:00:00	141280	141685	141195	141425	372398	1287832	5
2025.07.02	15:00:00	141425	141450	140965	141185	351445	1212919	5
2025.07.02	16:00:00	141185	141355	141110	141215	270641	951954	5
2025.07.02	17:00:00	141215	141330	141060	141325	143478	493298	5
2025.07.02	18:00:00	141325	141450	141285	141435	53385	148610	5
2025.07.03	09:00:00	141160	141475	140865	141300	888945	2434638	5
2025.07.03	10:00:00	141300	143200	141210	142990	1264522	4039039	5
2025.07.03	11:00:00	142985	143295	142620	142685	576660	1915457	5
2025.07.03	12:00:00	142685	143140	142535	142940	412858	1410825	5
2025.07.03	13:00:00	142945	143325	142885	143295	312200	1048643	5
2025.07.03	14:00:00	143300	143445	143200	143405	250310	852074	5
2025.07.03	15:00:00	143410	143445	143235	143330	173596	618317	5
2025.07.03	16:00:00	143330	143385	143130	143195	201133	697230	5
2025.07.03	17:00:00	143195	143210	143015	143140	171505	559900	5
2025.07.03	18:00:00	143140	143255	143060	143125	33522	113051	5
2025.07.04	09:00:00	142675	142845	142415	142590	580162	1465370	5
2025.07.04	10:00:00	142590	142985	142535	142985	811716	2269681	5
2025.07.04	11:00:00	142975	143370	142970	143155	527142	1571913	5
2025.07.04	12:00:00	143155	143500	143050	143295	339224	1078251	5
2025.07.04	13:00:00	143290	143415	143225	143245	178921	541475	5
2025.07.04	14:00:00	143250	143560	143230	143530	212227	643522	5
2025.07.04	15:00:00	143530	143650	143480	143505	193763	635482	5
2025.07.04	16:00:00	143510	143635	143350	143380	136265	472997	5
2025.07.04	17:00:00	143380	143400	143225	143390	116372	394681	5
2025.07.04	18:00:00	143390	143825	143385	143815	43397	139500	5
2025.07.07	09:00:00	143360	143415	142855	143225	836477	2307538	5
2025.07.07	10:00:00	143220	143345	142510	142590	990677	3077265	5
2025.07.07	11:00:00	142590	142605	142060	142235	589412	1998098	5
2025.07.07	12:00:00	142235	142240	141655	141760	447683	1620253	5
2025.07.07	13:00:00	141760	141815	141285	141315	422226	1558814	5
2025.07.07	14:00:00	141315	141470	141145	141375	345877	1299880	5
2025.07.07	15:00:00	141370	141480	141200	141405	286258	1077588	5
2025.07.07	16:00:00	141410	141445	141235	141370	217906	844271	5
2025.07.07	17:00:00	141370	141475	141285	141435	141929	527485	5
2025.07.07	18:00:00	141430	141465	141325	141325	36258	123084	5
2025.07.08	09:00:00	141670	141895	140860	141430	1027910	2968885	5
2025.07.08	10:00:00	141435	141435	140800	141150	1095376	3411403	5
2025.07.08	11:00:00	141150	141335	140810	141100	564936	1902533	5
2025.07.08	12:00:00	141100	141290	140860	140955	376134	1268774	5
2025.07.08	13:00:00	140960	141030	140530	140910	497818	1621218	5
2025.07.08	14:00:00	140910	141110	140825	141025	310949	1033498	5
2025.07.08	15:00:00	141020	141235	140860	140955	287467	999491	5
2025.07.08	16:00:00	140950	140990	140745	140895	227558	805607	5
2025.07.08	17:00:00	140900	141290	140895	141260	207514	713299	5
2025.07.08	18:00:00	141255	141370	141205	141250	43475	129223	5
2025.07.09	09:00:00	141280	141340	140205	140735	830245	2395059	5
2025.07.09	10:00:00	140735	140845	140010	140045	949952	3078450	5
2025.07.09	11:00:00	140045	140200	139720	139730	516180	1742380	5
2025.07.09	12:00:00	139730	139850	139530	139805	338599	1214550	5
2025.07.09	13:00:00	139805	139820	139620	139700	227989	841482	5
2025.07.09	14:00:00	139700	139830	139080	139345	469739	1704070	5
2025.07.09	15:00:00	139340	139445	139240	139295	227382	810016	5
2025.07.09	16:00:00	139300	139335	138940	139105	261622	987251	5
2025.07.09	17:00:00	139110	139215	137155	137970	537854	1624355	5
2025.07.09	18:00:00	137970	138030	137500	137820	98635	222264	5
2025.07.10	09:00:00	137320	137655	136755	137495	294072	2687501	0
2025.07.10	10:00:00	137500	138305	137480	137970	336527	3363309	0
2025.07.10	11:00:00	137965	138395	137730	138195	199576	1974777	0
2025.07.10	12:00:00	138190	138315	137920	138205	116021	1176934	0
2025.07.10	13:00:00	138205	138655	138175	138355	117847	1170898	0
2025.07.10	14:00:00	138355	138570	138125	138290	114047	1192321	0
2025.07.10	15:00:00	138285	138480	138100	138390	100840	1006908	0
2025.07.10	16:00:00	138390	138635	138340	138365	85757	955496	0
2025.07.10	17:00:00	138365	138695	138250	138635	57985	544617	0
2025.07.10	18:00:00	138640	138875	138575	138575	18207	144775	0
2025.07.11	09:00:00	138100	138255	137535	137875	241234	2053389	0
2025.07.11	10:00:00	137880	138005	137135	137325	302107	2974558	0
2025.07.11	11:00:00	137325	138150	137150	137610	234390	2374048	0
2025.07.11	12:00:00	137605	137645	137050	137265	125330	1264409	0
2025.07.11	13:00:00	137265	137270	137005	137095	83738	862927	0
2025.07.11	14:00:00	137095	137505	137050	137485	105557	1087285	0
2025.07.11	15:00:00	137490	137815	137425	137725	101138	1137334	0
2025.07.11	16:00:00	137725	137810	137630	137705	65944	702628	0
2025.07.11	17:00:00	137705	137920	137605	137730	59133	556290	0
2025.07.11	18:00:00	137730	137830	137460	137615	13546	111827	0
2025.07.14	09:00:00	137370	137720	136815	137320	289029	2510347	0
2025.07.14	10:00:00	137320	137450	136515	137010	287149	2841549	0
2025.07.14	11:00:00	137010	137025	136225	136435	198211	1985170	0
2025.07.14	12:00:00	136430	136880	136390	136680	122715	1253899	0
2025.07.14	13:00:00	136675	136915	136450	136840	93572	1011725	0
2025.07.14	14:00:00	136840	136865	136420	136545	90526	917087	0
2025.07.14	15:00:00	136545	136750	136545	136645	73759	778530	0
2025.07.14	16:00:00	136650	136810	136575	136725	63744	678785	0
2025.07.14	17:00:00	136730	136850	136635	136705	45398	442358	0
2025.07.14	18:00:00	136705	136750	136580	136740	9326	81911	0
2025.07.15	09:00:00	136880	137000	136230	136855	255536	2257599	0
2025.07.15	10:00:00	136850	137535	135885	136325	381363	3784583	0
2025.07.15	11:00:00	136330	136415	135870	136175	173234	1702837	0
2025.07.15	12:00:00	136175	136375	135720	136075	141776	1402319	0
2025.07.15	13:00:00	136080	136235	135650	136175	131126	1374826	0
2025.07.15	14:00:00	136180	136855	136180	136735	139118	1503638	0
2025.07.15	15:00:00	136740	137025	136550	136600	109129	1162073	0
2025.07.15	16:00:00	136595	136825	136550	136685	69213	749526	0
2025.07.15	17:00:00	136680	136870	136655	136845	40155	395785	0
2025.07.15	18:00:00	136845	137175	136820	137175	14201	124277	0
2025.07.16	09:00:00	136640	137280	136285	136800	867631	2425926	5
2025.07.16	10:00:00	136800	136960	135965	136095	979124	3056674	5
2025.07.16	11:00:00	136095	136375	135730	135735	616305	2087691	5
2025.07.16	12:00:00	135735	136035	135525	135890	617204	2037943	5
2025.07.16	13:00:00	135895	135955	135775	135950	263824	840159	5
2025.07.16	14:00:00	135950	136745	135935	136705	440183	1512070	5
2025.07.16	15:00:00	136705	136935	136140	136880	503704	1749823	5
2025.07.16	16:00:00	136885	136980	136705	136890	252950	891052	5
2025.07.16	17:00:00	136895	136950	136535	136655	138034	465333	5
2025.07.16	18:00:00	136655	136665	136450	136495	28273	89069	5
2025.07.17	09:00:00	136210	136940	135635	136655	897279	2557963	5
2025.07.17	10:00:00	136655	136780	136190	136430	946488	2940492	5
2025.07.17	11:00:00	136435	137015	136245	136930	660560	2186003	5
2025.07.17	12:00:00	136930	137065	136530	136725	416404	1432063	5
2025.07.17	13:00:00	136730	136745	136330	136430	313670	1067355	5
2025.07.17	14:00:00	136425	136675	136290	136435	279044	951513	5
2025.07.17	15:00:00	136435	136920	136240	136885	323333	1100390	5
2025.07.17	16:00:00	136890	136940	136770	136835	185470	634153	5
2025.07.17	17:00:00	136835	136980	136755	136845	123744	392508	5
2025.07.17	18:00:00	136845	136910	136740	136795	43131	95847	5
2025.07.18	09:00:00	136565	136640	135470	135515	952919	2700490	5
2025.07.18	10:00:00	135515	136340	135250	136060	1058247	3295432	5
2025.07.18	11:00:00	136060	136380	135725	135810	580633	1979876	5
2025.07.18	12:00:00	135810	136020	135110	135150	442795	1491272	5
2025.07.18	13:00:00	135145	135160	134720	134745	318113	1135817	5
2025.07.18	14:00:00	134745	134780	134475	134730	273891	991905	5
2025.07.18	15:00:00	134735	134860	134415	134485	311718	1110018	5
2025.07.18	16:00:00	134485	134675	134425	134490	220013	830811	5
2025.07.18	17:00:00	134495	134710	134310	134675	151793	553785	5
2025.07.18	18:00:00	134670	134750	134575	134725	36209	118836	5
2025.07.21	09:00:00	134140	135645	134040	135135	842332	2272728	5
2025.07.21	10:00:00	135140	135565	134920	135290	928407	2806800	5
2025.07.21	11:00:00	135290	135835	135120	135750	673531	2100878	5
2025.07.21	12:00:00	135750	136015	135680	135925	378414	1163815	5
2025.07.21	13:00:00	135925	136050	135765	135940	263822	847557	5
2025.07.21	14:00:00	135940	136005	135275	135335	332354	1103701	5
2025.07.21	15:00:00	135335	135455	135180	135365	273914	909261	5
2025.07.21	16:00:00	135365	135460	135240	135365	223340	798968	5
2025.07.21	17:00:00	135365	135415	135200	135285	113512	357461	5
2025.07.21	18:00:00	135295	135300	134975	135145	48070	130449	5
2025.07.22	09:00:00	135250	135725	134785	135640	873377	2258960	5
2025.07.22	10:00:00	135635	136370	135595	136050	1002359	2919820	5
2025.07.22	11:00:00	136055	136385	135845	136190	606789	1828531	5
2025.07.22	12:00:00	136195	136350	135885	136085	360252	1109972	5
2025.07.22	13:00:00	136080	136105	135595	135825	367284	1131470	5
2025.07.22	14:00:00	135825	135830	135290	135295	362432	1130029	5
2025.07.22	15:00:00	135295	135300	135080	135150	268052	875976	5
2025.07.22	16:00:00	135155	135250	134975	135040	226011	745454	5
2025.07.22	17:00:00	135045	135455	135040	135345	173150	552762	5
2025.07.22	18:00:00	135345	135575	135265	135575	42468	118568	5
2025.07.23	09:00:00	135675	135700	134505	134840	972595	2782367	5
2025.07.23	10:00:00	134835	135985	134565	135495	1111216	3640826	5
2025.07.23	11:00:00	135495	136135	135480	135950	550317	1891471	5
2025.07.23	12:00:00	135950	136375	135800	136260	448295	1570786	5
2025.07.23	13:00:00	136255	136505	136110	136420	343573	1173877	5
2025.07.23	14:00:00	136415	136640	136340	136440	321102	1125535	5
2025.07.23	15:00:00	136435	136800	136360	136700	245885	918703	5
2025.07.23	16:00:00	136695	136765	136425	136470	207230	773654	5
2025.07.23	17:00:00	136470	136470	136170	136220	165840	555274	5
2025.07.23	18:00:00	136225	136425	136205	136360	41325	92070	5
2025.07.24	09:00:00	136065	136160	135065	135355	758739	2176252	5
2025.07.24	10:00:00	135355	135450	134520	134575	934762	2922250	5
2025.07.24	11:00:00	134575	135195	134510	134990	564227	1884510	5
2025.07.24	12:00:00	134985	135120	134700	134825	332992	1117122	5
2025.07.24	13:00:00	134820	135110	134540	134700	351042	1239074	5
2025.07.24	14:00:00	134695	134890	134615	134640	263168	945209	5
2025.07.24	15:00:00	134645	134740	134550	134600	171261	612519	5
2025.07.24	16:00:00	134605	134720	134515	134535	178785	641821	5
2025.07.24	17:00:00	134530	134910	134525	134850	200512	688115	5
2025.07.24	18:00:00	134850	134885	134595	134595	57549	145594	5
2025.07.25	09:00:00	134530	135555	134525	134875	776904	2200600	5
2025.07.25	10:00:00	134870	135050	134370	134470	983871	3112638	5
2025.07.25	11:00:00	134465	134875	134325	134375	560326	1942165	5
2025.07.25	12:00:00	134375	134485	134140	134205	377030	1329471	5
2025.07.25	13:00:00	134205	134755	134180	134685	278605	958706	5
2025.07.25	14:00:00	134680	134785	134170	134210	291789	1014928	5
2025.07.25	15:00:00	134210	134475	134075	134255	305681	1123477	5
2025.07.25	16:00:00	134255	134365	134195	134280	178016	657800	5
2025.07.25	17:00:00	134275	134400	134220	134285	128148	418795	5
2025.07.25	18:00:00	134280	134300	134130	134280	33026	98734	5
2025.07.28	09:00:00	134210	134885	133760	134405	833408	2264722	5
2025.07.28	10:00:00	134410	134495	133155	133255	967310	2939220	5
2025.07.28	11:00:00	133255	133620	133085	133385	482785	1640336	5
2025.07.28	12:00:00	133390	133390	133065	133125	317950	1069030	5
2025.07.28	13:00:00	133125	133255	132975	133020	229678	789725	5
2025.07.28	14:00:00	133020	133050	132450	132580	316494	1108922	5
2025.07.28	15:00:00	132580	132585	132335	132475	258082	994995	5
2025.07.28	16:00:00	132480	132845	132450	132825	290132	1097466	5
2025.07.28	17:00:00	132825	133135	132825	133075	232103	821366	5
2025.07.28	18:00:00	133070	133250	133055	133065	68287	168046	5
2025.07.29	09:00:00	133150	133495	132775	133140	936884	2598715	5
2025.07.29	10:00:00	133135	133340	132770	133105	939952	2947958	5
2025.07.29	11:00:00	133105	133715	133070	133475	725954	2356444	5
2025.07.29	12:00:00	133480	133860	133445	133830	444035	1488433	5
2025.07.29	13:00:00	133835	134045	133745	133985	272458	947897	5
2025.07.29	14:00:00	133990	134100	133665	133765	295934	1043766	5
2025.07.29	15:00:00	133760	133875	133640	133705	247740	881051	5
2025.07.29	16:00:00	133710	133755	133305	133450	248392	927086	5
2025.07.29	17:00:00	133450	133465	133225	133395	159072	528433	5
2025.07.29	18:00:00	133390	133410	133295	133355	35848	92442	5
2025.07.30	09:00:00	133435	133760	132575	132625	986591	2727382	5
2025.07.30	10:00:00	132630	134020	132520	133270	1316058	4167663	5
2025.07.30	11:00:00	133270	133420	132645	132720	632423	2073214	5
2025.07.30	12:00:00	132720	133065	132620	132775	401637	1329197	5
2025.07.30	13:00:00	132775	133240	132495	133145	494343	1572080	5
2025.07.30	14:00:00	133150	133475	133060	133230	421667	1407244	5
2025.07.30	15:00:00	133235	135870	132680	134270	921853	2854534	5
2025.07.30	16:00:00	134270	135000	134065	134475	552355	1563516	5
2025.07.30	17:00:00	134475	134760	134310	134560	191022	519704	5
2025.07.30	18:00:00	134560	134825	134545	134560	46415	115076	5
2025.07.31	09:00:00	133980	134210	132960	132990	788394	2226535	5
2025.07.31	10:00:00	132990	133445	132520	133355	991422	3282676	5
2025.07.31	11:00:00	133350	133495	133030	133110	649236	2303892	5
2025.07.31	12:00:00	133115	133995	133105	133850	461117	1722890	5
2025.07.31	13:00:00	133850	134030	133735	133755	266475	963407	5
2025.07.31	14:00:00	133750	133780	133085	133300	366724	1308432	5
2025.07.31	15:00:00	133300	133655	133085	133625	350647	1248753	5
2025.07.31	16:00:00	133630	133680	133150	133310	291207	1078784	5
2025.07.31	17:00:00	133305	133775	133275	133590	239552	771997	5
2025.07.31	18:00:00	133590	133715	133515	133635	41374	97912	5
2025.08.01	09:00:00	132905	134835	132505	134810	1231155	3370989	5
2025.08.01	10:00:00	134810	135480	133740	133885	1262853	3894844	5
2025.08.01	11:00:00	133895	134385	133635	133830	660569	2225382	5
2025.08.01	12:00:00	133825	133930	133250	133745	462710	1443461	5
2025.08.01	13:00:00	133745	133790	133125	133155	354808	1116786	5
2025.08.01	14:00:00	133150	133265	132885	133130	349482	1129019	5
2025.08.01	15:00:00	133130	133325	132600	132605	366177	1261080	5
2025.08.01	16:00:00	132600	133015	132575	132870	343349	1128561	5
2025.08.01	17:00:00	132870	133115	132650	132915	196620	620674	5
2025.08.01	18:00:00	132905	132990	132820	132990	34675	92785	5
2025.08.04	09:00:00	133400	134500	133055	134425	944348	2603693	5
2025.08.04	10:00:00	134420	134585	133260	133505	1158532	3468265	5
2025.08.04	11:00:00	133505	134030	133445	133765	653674	2180095	5
2025.08.04	12:00:00	133765	133775	133165	133265	459995	1544432	5
2025.08.04	13:00:00	133260	133270	132815	132935	372013	1263208	5
2025.08.04	14:00:00	132935	133035	132825	132930	257727	887871	5
2025.08.04	15:00:00	132935	133380	132860	133165	350825	1210290	5
2025.08.04	16:00:00	133165	133430	133110	133295	228418	803975	5
2025.08.04	17:00:00	133295	133675	133280	133600	200301	624928	5
2025.08.04	18:00:00	133605	133700	133000	133200	66095	203892	5
2025.08.05	09:00:00	132760	133810	132600	133345	870256	2335927	5
2025.08.05	10:00:00	133350	134650	133025	134085	1377501	4294662	5
2025.08.05	11:00:00	134085	134270	133075	133270	801884	2617302	5
2025.08.05	12:00:00	133265	134050	133230	133970	556479	1986793	5
2025.08.05	13:00:00	133965	134005	133415	133610	415391	1458339	5
2025.08.05	14:00:00	133615	134180	133475	133860	411952	1472276	5
2025.08.05	15:00:00	133855	133915	133505	133645	311749	1086317	5
2025.08.05	16:00:00	133645	133825	133575	133600	228563	814354	5
2025.08.05	17:00:00	133605	133605	133405	133480	167782	549159	5
2025.08.05	18:00:00	133485	133550	133425	133520	44487	114507	5
2025.08.06	09:00:00	133760	134960	133740	134635	1017373	3152842	5
2025.08.06	10:00:00	134635	135585	134375	135410	1216749	3955377	5
2025.08.06	11:00:00	135410	135425	134695	134815	734575	2444602	5
2025.08.06	12:00:00	134810	135315	134740	135145	414735	1440754	5
2025.08.06	13:00:00	135145	135225	134810	134830	317268	1122369	5
2025.08.06	14:00:00	134825	135310	134795	135170	348479	1257360	5
2025.08.06	15:00:00	135170	135250	134865	135015	333424	1259261	5
2025.08.06	16:00:00	135015	135080	134650	134800	253478	1000080	5
2025.08.06	17:00:00	134800	134860	134555	134770	220229	754642	5
2025.08.06	18:00:00	134765	134970	134645	134780	67795	161360	5
2025.08.07	09:00:00	135225	135775	135035	135635	863995	2611751	5
2025.08.07	10:00:00	135635	136495	135405	136220	1116013	3804915	5
2025.08.07	11:00:00	136220	136400	135870	136350	627873	2206908	5
2025.08.07	12:00:00	136350	136680	136310	136650	450617	1632835	5
2025.08.07	13:00:00	136650	137265	136580	137195	438812	1640286	5
2025.08.07	14:00:00	137200	137265	136725	136920	374350	1319545	5
2025.08.07	15:00:00	136920	137095	136840	136925	268157	997849	5
2025.08.07	16:00:00	136930	137075	136665	136850	280577	1049414	5
2025.08.07	17:00:00	136855	136895	136705	136805	181350	614470	5
2025.08.07	18:00:00	136805	137135	136780	137060	77036	197633	5
2025.08.08	09:00:00	136705	136760	136100	136375	671814	2026558	5
2025.08.08	10:00:00	136375	136640	135720	135850	1078740	3605770	5
2025.08.08	11:00:00	135850	136515	135795	136415	684016	2391159	5
2025.08.08	12:00:00	136415	136795	136280	136385	449388	1641746	5
2025.08.08	13:00:00	136385	136435	136175	136295	273709	950015	5
2025.08.08	14:00:00	136300	136490	136265	136315	245948	899050	5
2025.08.08	15:00:00	136315	136665	135770	136095	500588	1884208	5
2025.08.08	16:00:00	136095	136130	135830	136025	224691	813241	5
2025.08.08	17:00:00	136030	136275	135945	136250	121795	425431	5
2025.08.08	18:00:00	136245	136365	136205	136365	33096	109625	5
2025.08.11	09:00:00	136105	136380	135680	135815	784807	2243993	5
2025.08.11	10:00:00	135815	136150	135535	135745	1050427	3281561	5
2025.08.11	11:00:00	135750	136015	135525	135915	546116	1860586	5
2025.08.11	12:00:00	135915	136290	135800	136270	426575	1469393	5
2025.08.11	13:00:00	136270	136445	135680	135750	463612	1599814	5
2025.08.11	14:00:00	135745	135815	135510	135720	350026	1225410	5
2025.08.11	15:00:00	135715	135955	135660	135820	296017	1071121	5
2025.08.11	16:00:00	135815	135825	135600	135755	207651	769956	5
2025.08.11	17:00:00	135755	135940	135660	135855	135584	453546	5
2025.08.11	18:00:00	135855	135920	135750	135850	38482	97745	5
2025.08.12	09:00:00	136335	137025	136070	136925	981607	2694524	5
2025.08.12	10:00:00	136930	137835	136815	137705	1092232	3488155	5
2025.08.12	11:00:00	137700	138055	137560	137945	609175	2146035	5
2025.08.12	12:00:00	137945	138490	137840	138425	467352	1761854	5
2025.08.12	13:00:00	138425	138460	138160	138345	325210	1188875	5
2025.08.12	14:00:00	138350	138430	138005	138345	328579	1189653	5
2025.08.12	15:00:00	138340	138365	138120	138190	235707	852497	5
2025.08.12	16:00:00	138185	138220	137865	138015	289150	1033543	5
2025.08.12	17:00:00	138020	138160	137950	138065	178026	526522	5
2025.08.12	18:00:00	138070	138250	138000	138135	66029	166144	5
2025.08.13	09:00:00	141130	141445	140350	140525	530322	1460927	5
2025.08.13	10:00:00	140525	140660	139845	140350	888470	2764778	5
2025.08.13	11:00:00	140345	140505	140030	140180	560265	1768360	5
2025.08.13	12:00:00	140180	140385	139765	139805	371132	1258527	5
2025.08.13	13:00:00	139805	139895	139530	139805	323518	1158333	5
2025.08.13	14:00:00	139805	140135	139770	140060	367272	1325831	5
2025.08.13	15:00:00	140065	140125	139650	139685	240871	902233	5
2025.08.13	16:00:00	139685	139775	139550	139730	254038	1013571	5
2025.08.13	17:00:00	139730	139765	139630	139690	116616	382961	5
2025.08.13	18:00:00	139695	139740	139595	139675	38415	90490	5
2025.08.14	09:00:00	139480	139840	138600	138745	1007053	2988373	5
2025.08.14	10:00:00	138745	139425	138485	139330	926218	3052286	5
2025.08.14	11:00:00	139335	140460	139235	140265	819893	2850922	5
2025.08.14	12:00:00	140270	140295	139850	140055	457132	1655115	5
2025.08.14	13:00:00	140055	140190	139690	139790	326549	1152452	5
2025.08.14	14:00:00	139785	139900	139495	139570	306486	1121745	5
2025.08.14	15:00:00	139570	139600	139305	139530	293229	1101395	5
2025.08.14	16:00:00	139535	139655	139240	139360	238309	900556	5
2025.08.14	17:00:00	139355	139415	139220	139300	111655	400681	5
2025.08.14	18:00:00	139295	139410	139285	139400	28081	85664	5
2025.08.15	09:00:00	139500	139500	138785	138830	727169	2193934	5
2025.08.15	10:00:00	138830	139230	138570	139140	902496	2840299	5
2025.08.15	11:00:00	139145	139385	138810	139100	650238	2201809	5
2025.08.15	12:00:00	139100	139170	138865	138910	291885	1042399	5
2025.08.15	13:00:00	138910	139100	138510	138655	341371	1240928	5
2025.08.15	14:00:00	138650	138765	138400	138460	278702	1007392	5
2025.08.15	15:00:00	138460	138720	138405	138630	248270	936898	5
2025.08.15	16:00:00	138630	139265	138585	139145	268325	1071028	5
2025.08.15	17:00:00	139145	139700	139140	139420	152527	549507	5
2025.08.15	18:00:00	139420	140820	139275	139395	68618	207556	5
2025.08.18	09:00:00	139295	140295	138955	139350	884759	2546692	5
2025.08.18	10:00:00	139350	139885	139265	139535	914025	2837562	5
2025.08.18	11:00:00	139530	140500	139530	140465	697440	2320815	5
2025.08.18	12:00:00	140465	140820	140440	140765	393235	1420623	5
2025.08.18	13:00:00	140760	140765	140250	140285	360149	1244897	5
2025.08.18	14:00:00	140280	140345	140020	140255	344648	1169286	5
2025.08.18	15:00:00	140250	140455	140140	140355	243371	868685	5
2025.08.18	16:00:00	140355	140375	140170	140280	211698	752961	5
2025.08.18	17:00:00	140280	140285	140065	140175	141280	475181	5
2025.08.18	18:00:00	140175	140185	140050	140075	55262	133740	5
2025.08.19	09:00:00	140170	140200	138770	138825	974089	3029593	5
2025.08.19	10:00:00	138830	138910	137675	137925	1063651	3761046	5
2025.08.19	11:00:00	137920	137950	137300	137410	603303	2291073	5
2025.08.19	12:00:00	137405	137455	137045	137200	397310	1628656	5
2025.08.19	13:00:00	137205	137645	137170	137475	375587	1472044	5
2025.08.19	14:00:00	137475	137505	137145	137295	309766	1187482	5
2025.08.19	15:00:00	137295	137295	136665	136820	400820	1597058	5
2025.08.19	16:00:00	136825	136990	136735	136970	254678	1033142	5
2025.08.19	17:00:00	136975	137110	136525	136685	257553	939970	5
2025.08.19	18:00:00	136675	136700	136250	136490	93292	239479	5
2025.08.20	09:00:00	136795	137080	136460	136690	930863	2748151	5
2025.08.20	10:00:00	136695	137430	136660	137135	1010985	3363187	5
2025.08.20	11:00:00	137135	137310	136750	136900	667703	2372471	5
2025.08.20	12:00:00	136900	137485	136840	137440	391806	1410128	5
2025.08.20	13:00:00	137435	137580	137255	137515	293875	1053422	5
2025.08.20	14:00:00	137520	137665	136820	137335	497220	1727369	5
2025.08.20	15:00:00	137340	137370	137145	137195	266869	966604	5
2025.08.20	16:00:00	137190	137275	137025	137160	227249	892191	5
2025.08.20	17:00:00	137165	137405	136955	137065	220287	758054	5
2025.08.20	18:00:00	137065	137175	136910	137145	65565	163861	5
2025.08.21	09:00:00	136960	136980	135900	136355	418795	1201375	5
2025.08.21	10:00:00	136475	137565	136250	136960	320866	854503	5
2025.08.21	11:00:00	136960	137190	136665	136890	472753	1492736	5
2025.08.21	12:00:00	136890	137000	136645	136730	274959	972653	5
2025.08.21	13:00:00	136730	136890	136580	136855	230911	795840	5
2025.08.21	14:00:00	136855	137360	136850	137065	365464	1306091	5
2025.08.21	15:00:00	137070	137390	137045	137250	249199	939236	5
2025.08.21	16:00:00	137250	137300	137105	137165	149233	563881	5
2025.08.21	17:00:00	137165	137220	136965	137180	121829	434069	5
2025.08.21	18:00:00	137185	137215	137060	137140	43733	102194	5
2025.08.22	09:00:00	137165	138190	137005	137830	825822	2409845	5
2025.08.22	10:00:00	137835	138450	137455	138110	960812	2983439	5
2025.08.22	11:00:00	138105	140135	138105	139975	906541	2898033	5
2025.08.22	12:00:00	139975	140190	139785	140060	331248	1231776	5
2025.08.22	13:00:00	140060	140425	140040	140200	295027	1148202	5
2025.08.22	14:00:00	140195	140555	140085	140445	272298	1075164	5
2025.08.22	15:00:00	140445	140795	140330	140515	288792	1142792	5
2025.08.22	16:00:00	140520	140635	140350	140570	217092	844970	5
2025.08.22	17:00:00	140570	140860	140540	140655	178939	717576	5
2025.08.22	18:00:00	140650	140925	140620	140740	56363	142998	5
2025.08.25	09:00:00	140780	141585	140780	141360	777803	2257116	5
2025.08.25	10:00:00	141360	141450	140865	140900	774349	2480259	5
2025.08.25	11:00:00	140895	141380	140670	141210	610779	2107279	5
2025.08.25	12:00:00	141215	141500	140875	141040	462382	1623466	5
2025.08.25	13:00:00	141040	141135	140700	140770	285472	972861	5
2025.08.25	14:00:00	140765	140885	140535	140695	313684	1086935	5
2025.08.25	15:00:00	140690	140855	140585	140645	275424	1022871	5
2025.08.25	16:00:00	140650	140780	140565	140655	205513	762504	5
2025.08.25	17:00:00	140655	140745	140500	140645	169560	570627	5
2025.08.25	18:00:00	140640	140885	140625	140850	63916	155383	5
2025.08.26	09:00:00	140525	140735	140105	140610	746554	2195902	5
2025.08.26	10:00:00	140610	140635	140110	140400	901787	2904244	5
2025.08.26	11:00:00	140400	140430	139450	139765	719264	2515801	5
2025.08.26	12:00:00	139765	139860	139530	139585	313045	1135067	5
2025.08.26	13:00:00	139590	139710	139460	139575	264011	943804	5
2025.08.26	14:00:00	139575	139910	139545	139890	237265	865446	5
2025.08.26	15:00:00	139890	139935	139705	139830	251495	951091	5
2025.08.26	16:00:00	139835	140220	139810	140075	242931	938493	5
2025.08.26	17:00:00	140075	140480	140065	140430	209104	659703	5
2025.08.26	18:00:00	140425	140570	140400	140435	65386	153727	5
2025.08.27	09:00:00	140100	140485	139540	140210	777380	2269723	5
2025.08.27	10:00:00	140210	140425	139740	139955	1056668	3445910	5
2025.08.27	11:00:00	139955	140155	139760	140035	589512	2023621	5
2025.08.27	12:00:00	140035	140690	139965	140395	471394	1632222	5
2025.08.27	13:00:00	140395	140540	140260	140455	287760	958214	5
2025.08.27	14:00:00	140455	141015	140410	140980	396706	1340583	5
2025.08.27	15:00:00	140980	141300	140955	141170	327868	1154143	5
2025.08.27	16:00:00	141175	141765	141150	141645	371833	1424743	5
2025.08.27	17:00:00	141645	141730	141355	141555	204858	624999	5
2025.08.27	18:00:00	141550	141630	141310	141310	72052	156177	5
2025.08.28	09:00:00	142150	142950	142115	142680	721953	2209069	5
2025.08.28	10:00:00	142680	143715	142490	143680	1107623	3764021	5
2025.08.28	11:00:00	143680	144660	143665	144205	841656	3065024	5
2025.08.28	12:00:00	144205	144235	143930	144080	322912	1225887	5
2025.08.28	13:00:00	144085	144345	143970	144225	278892	1027374	5
2025.08.28	14:00:00	144225	144385	143975	144080	286639	1090790	5
2025.08.28	15:00:00	144080	144210	143875	143910	236744	935719	5
2025.08.28	16:00:00	143910	144000	143625	143625	263955	1029907	5
2025.08.28	17:00:00	143630	143830	143500	143630	194939	689237	5
2025.08.28	18:00:00	143630	143750	143530	143750	56937	144551	5
2025.08.29	09:00:00	143005	143870	142870	143590	749698	2262665	5
2025.08.29	10:00:00	143590	144245	143530	144000	780963	2641374	5
2025.08.29	11:00:00	144000	144430	143940	144350	558326	2126029	5
2025.08.29	12:00:00	144350	144775	144260	144410	462938	1746932	5
2025.08.29	13:00:00	144405	144480	144220	144245	281767	1027158	5
2025.08.29	14:00:00	144245	144340	144030	144195	294213	1052566	5
2025.08.29	15:00:00	144195	144235	143985	144175	228566	838017	5
2025.08.29	16:00:00	144170	144190	143940	143965	209324	778922	5
2025.08.29	17:00:00	143960	144085	143785	144010	161047	527144	5
2025.08.29	18:00:00	144010	144460	144000	144095	81590	186014	5
2025.09.01	09:00:00	143905	144250	143730	144210	664737	1848303	5
2025.09.01	10:00:00	144210	144240	143760	143960	860101	2687484	5
2025.09.01	11:00:00	143955	144050	143465	143555	493539	1688038	5
2025.09.01	12:00:00	143555	143560	143180	143300	364828	1292891	5
2025.09.01	13:00:00	143295	143320	143075	143140	283325	994948	5
2025.09.01	14:00:00	143135	143280	143115	143240	174616	586022	5
2025.09.01	15:00:00	143240	143450	143035	143320	300660	1006171	5
2025.09.01	16:00:00	143320	143500	143235	143480	191071	667988	5
2025.09.01	17:00:00	143480	143635	143380	143490	192224	592665	5
2025.09.01	18:00:00	143490	143640	143385	143610	47704	141922	5
2025.09.02	09:00:00	142650	142795	141670	141680	1024106	2985443	5
2025.09.02	10:00:00	141675	142995	141615	142780	1215815	3955209	5
2025.09.02	11:00:00	142780	143250	142700	142965	686564	2313994	5
2025.09.02	12:00:00	142960	143065	142080	142440	594406	1978212	5
2025.09.02	13:00:00	142445	142830	142375	142785	363808	1197476	5
2025.09.02	14:00:00	142790	142870	142585	142650	298620	968317	5
2025.09.02	15:00:00	142650	142670	142115	142300	395561	1372537	5
2025.09.02	16:00:00	142295	142595	142290	142515	252754	893494	5
2025.09.02	17:00:00	142515	142635	142290	142330	163803	531775	5
2025.09.02	18:00:00	142325	142500	142300	142500	52245	116363	5
2025.09.03	09:00:00	142700	142815	142315	142380	737282	2104837	5
2025.09.03	10:00:00	142380	142415	141820	141895	1075936	3438089	5
2025.09.03	11:00:00	141895	142630	141850	142300	775572	2598096	5
2025.09.03	12:00:00	142295	142295	141885	141945	431464	1503730	5
2025.09.03	13:00:00	141945	142075	141795	141895	321472	1104600	5
2025.09.03	14:00:00	141895	142035	141670	141765	367512	1281041	5
2025.09.03	15:00:00	141765	141870	141625	141685	246872	885485	5
2025.09.03	16:00:00	141685	141825	141590	141800	234706	865891	5
2025.09.03	17:00:00	141795	141945	141710	141830	182742	600665	5
2025.09.03	18:00:00	141835	141920	141745	141780	55522	137687	5
2025.09.04	09:00:00	141750	142150	141550	142060	883798	2417751	5
2025.09.04	10:00:00	142055	142360	141785	142220	926676	3044277	5
2025.09.04	11:00:00	142215	142365	141885	142325	608677	2099210	5
2025.09.04	12:00:00	142325	142650	142135	142625	431352	1546668	5
2025.09.04	13:00:00	142630	142865	142570	142790	322147	1149886	5
2025.09.04	14:00:00	142790	143495	142725	143410	423943	1653321	5
2025.09.04	15:00:00	143410	143480	143165	143220	266877	1046753	5
2025.09.04	16:00:00	143215	143310	142940	143065	245262	960432	5
2025.09.04	17:00:00	143065	143110	142945	143010	150379	501470	5
2025.09.04	18:00:00	143005	143110	142965	142965	42892	120226	5
2025.09.05	09:00:00	143240	144430	143160	144190	896262	2502074	5
2025.09.05	10:00:00	144195	145400	144010	145310	967668	3281541	5
2025.09.05	11:00:00	145310	145465	143880	144190	800420	3090039	5
2025.09.05	12:00:00	144185	144825	143930	144255	489565	1791627	5
2025.09.05	13:00:00	144255	144555	144095	144540	321732	1153846	5
2025.09.05	14:00:00	144535	144555	144200	144380	296652	1055814	5
2025.09.05	15:00:00	144380	144675	144300	144625	253953	942590	5
2025.09.05	16:00:00	144625	144700	144425	144595	215100	790706	5
2025.09.05	17:00:00	144595	144700	144485	144615	121491	412957	5
2025.09.05	18:00:00	144615	144700	144600	144650	25104	91968	5
2025.09.08	09:00:00	144850	145025	144575	144695	574983	1648412	5
2025.09.08	10:00:00	144690	144950	143745	143850	1162371	3918261	5
2025.09.08	11:00:00	143850	143905	143335	143375	572811	2151253	5
2025.09.08	12:00:00	143370	143800	143315	143420	422411	1570798	5
2025.09.08	13:00:00	143420	143470	143145	143350	303030	1113799	5
2025.09.08	14:00:00	143350	143600	143330	143425	305705	1101620	5
2025.09.08	15:00:00	143420	143740	143400	143685	305547	1183958	5
2025.09.08	16:00:00	143685	143790	143635	143685	192687	746508	5
2025.09.08	17:00:00	143690	143780	143515	143695	204642	682894	5
2025.09.08	18:00:00	143690	143835	143640	143790	57508	142973	5
2025.09.09	09:00:00	143930	144475	143655	144035	914961	2737677	5
2025.09.09	10:00:00	144035	144085	143580	143675	1009615	3420683	5
2025.09.09	11:00:00	143675	144065	143610	143825	756200	2778982	5
2025.09.09	12:00:00	143825	143860	143520	143615	400805	1485738	5
2025.09.09	13:00:00	143615	143760	143470	143580	323548	1154595	5
2025.09.09	14:00:00	143575	143830	143515	143605	292588	1080008	5
2025.09.09	15:00:00	143605	143765	143540	143580	205200	789326	5
2025.09.09	16:00:00	143580	143645	143385	143495	249333	993474	5
2025.09.09	17:00:00	143495	143570	143340	143485	167556	591328	5
2025.09.09	18:00:00	143485	143605	143455	143605	37313	122568	5
2025.09.10	09:00:00	143780	143885	142965	143765	1068536	3097378	5
2025.09.10	10:00:00	143765	144695	143160	144455	1187369	4016680	5
2025.09.10	11:00:00	144455	144920	144290	144440	682101	2351360	5
2025.09.10	12:00:00	144440	144630	144295	144375	377329	1327126	5
2025.09.10	13:00:00	144370	144530	144185	144320	290330	1000220	5
2025.09.10	14:00:00	144315	144465	143840	144045	401711	1411590	5
2025.09.10	15:00:00	144045	144120	143940	144075	248852	875629	5
2025.09.10	16:00:00	144080	144180	143995	144090	217987	827863	5
2025.09.10	17:00:00	144090	144420	144085	144335	156759	522464	5
2025.09.10	18:00:00	144330	144380	144225	144335	44731	109433	5
2025.09.11	09:00:00	144150	144730	143380	144580	1298525	3491179	5
2025.09.11	10:00:00	144580	144935	144080	144870	996833	3261853	5
2025.09.11	11:00:00	144870	145695	144830	145480	661113	2435895	5
2025.09.11	12:00:00	145480	145515	144935	145170	364219	1373457	5
2025.09.11	13:00:00	145175	145315	145080	145275	206086	722453	5
2025.09.11	14:00:00	145275	145590	145250	145405	296347	1058154	5
2025.09.11	15:00:00	145405	145470	144595	144825	463899	1712789	5
2025.09.11	16:00:00	144825	145015	144750	144925	209159	775709	5
2025.09.11	17:00:00	144925	144985	144755	144830	143871	483985	5
2025.09.11	18:00:00	144830	144880	144755	144795	46253	116683	5
2025.09.12	09:00:00	144395	144540	143550	143985	901686	2707510	5
2025.09.12	10:00:00	143980	144860	143615	144715	972850	3265608	5
2025.09.12	11:00:00	144715	144870	144110	144205	662832	2380019	5
2025.09.12	12:00:00	144210	144590	144140	144260	364027	1334113	5
2025.09.12	13:00:00	144260	144435	144135	144180	242115	847062	5
2025.09.12	14:00:00	144185	144230	143755	144005	353430	1242001	5
2025.09.12	15:00:00	144005	144115	143875	143900	204820	730814	5
2025.09.12	16:00:00	143900	144040	143810	143825	195515	705749	5
2025.09.12	17:00:00	143825	144070	143760	144035	116978	391970	5
2025.09.12	18:00:00	144040	144200	143975	144165	43033	149211	5
2025.09.15	09:00:00	144150	144955	143930	144600	1038523	3149346	5
2025.09.15	10:00:00	144595	144745	144140	144740	1003597	3322014	5
2025.09.15	11:00:00	144745	145315	144305	145135	781748	2667468	5
2025.09.15	12:00:00	145135	145340	145040	145325	392386	1373050	5
2025.09.15	13:00:00	145330	145525	145235	145335	340890	1208060	5
2025.09.15	14:00:00	145340	145805	145275	145665	396050	1463388	5
2025.09.15	15:00:00	145665	145720	145365	145405	326263	1200008	5
2025.09.15	16:00:00	145405	145480	144900	145055	332307	1258354	5
2025.09.15	17:00:00	145055	145145	144900	144940	182744	592408	5
2025.09.15	18:00:00	144940	145010	144685	144790	94480	225790	5
2025.09.16	09:00:00	145620	146260	145230	146090	1261791	3645016	5
2025.09.16	10:00:00	146090	146215	145435	145520	1220880	3832518	5
2025.09.16	11:00:00	145520	145695	145305	145505	676432	2270102	5
2025.09.16	12:00:00	145505	145565	145210	145220	439802	1548815	5
2025.09.16	13:00:00	145225	145440	145095	145140	317458	1087731	5
2025.09.16	14:00:00	145145	145530	145050	145410	434899	1482816	5
2025.09.16	15:00:00	145410	145475	145165	145220	288735	1036867	5
2025.09.16	16:00:00	145220	145715	145210	145455	379290	1392229	5
2025.09.16	17:00:00	145455	145590	145440	145495	143306	445505	5
2025.09.16	18:00:00	145495	145555	145380	145475	52617	133159	5
2025.09.17	09:00:00	145400	145690	145115	145305	895533	2624206	5
2025.09.17	10:00:00	145305	146820	145175	146770	1293814	4262148	5
2025.09.17	11:00:00	146775	146810	146285	146585	704041	2472404	5
2025.09.17	12:00:00	146580	146740	146480	146690	345519	1226762	5
2025.09.17	13:00:00	146690	146980	146600	146865	409311	1429888	5
2025.09.17	14:00:00	146860	147340	146820	147165	561885	1969160	5
2025.09.17	15:00:00	147160	147895	146545	147015	1225097	3723709	5
2025.09.17	16:00:00	147010	147280	146810	147010	570017	1874679	5
2025.09.17	17:00:00	147010	147155	146900	146960	162364	543247	5
2025.09.17	18:00:00	146960	147070	146885	146995	54274	128878	5
2025.09.18	09:00:00	147100	147395	146630	146830	895606	2511807	5
2025.09.18	10:00:00	146830	147055	146325	146505	1029138	3196700	5
2025.09.18	11:00:00	146510	146925	146470	146630	659566	2031898	5
2025.09.18	12:00:00	146625	146965	146400	146775	451507	1415146	5
2025.09.18	13:00:00	146780	147040	146755	147025	335290	1051761	5
2025.09.18	14:00:00	147025	147115	146710	146890	353790	1188477	5
2025.09.18	15:00:00	146890	147020	146825	146980	238447	858105	5
2025.09.18	16:00:00	146980	147005	146585	146665	261496	959755	5
2025.09.18	17:00:00	146665	146875	146645	146780	129322	410901	5
2025.09.18	18:00:00	146780	147130	146780	147105	57745	165152	5
2025.09.19	09:00:00	146730	147290	146435	147165	788029	2324170	5
2025.09.19	10:00:00	147160	147720	146905	147005	1068347	3374982	5
2025.09.19	11:00:00	147010	147260	146845	147080	634667	2019963	5
2025.09.19	12:00:00	147080	147105	146785	147060	348504	1143718	5
2025.09.19	13:00:00	147065	147300	146985	147250	264242	889437	5
2025.09.19	14:00:00	147255	147470	147180	147410	330609	1128199	5
2025.09.19	15:00:00	147410	147420	147255	147345	204906	728450	5
2025.09.19	16:00:00	147345	147450	147005	147015	292578	1074417	5
2025.09.19	17:00:00	147015	147090	146930	146975	179751	585883	5
2025.09.19	18:00:00	146970	146990	146830	146840	57046	151327	5
2025.09.22	09:00:00	146675	146775	145880	146165	896539	2598739	5
2025.09.22	10:00:00	146160	146225	145535	146075	1005748	3225641	5
2025.09.22	11:00:00	146070	146085	145240	145435	726489	2571877	5
2025.09.22	12:00:00	145430	146170	145415	146130	460451	1591833	5
2025.09.22	13:00:00	146130	146445	146055	146145	419819	1486478	5
2025.09.22	14:00:00	146150	146605	146120	146525	343172	1174077	5
2025.09.22	15:00:00	146520	146590	146350	146370	239260	826348	5
2025.09.22	16:00:00	146370	146390	146140	146255	259672	960112	5
2025.09.22	17:00:00	146260	146275	146120	146260	161676	538670	5
2025.09.22	18:00:00	146265	146300	146200	146245	55760	128160	5
2025.09.23	09:00:00	146135	146640	146040	146155	721803	2174687	5
2025.09.23	10:00:00	146155	147120	146150	147045	1122490	3653868	5
2025.09.23	11:00:00	147050	147780	146930	147630	799899	2740252	5
2025.09.23	12:00:00	147630	148145	147560	147960	654057	2201138	5
2025.09.23	13:00:00	147960	148300	147790	148265	393336	1343027	5
2025.09.23	14:00:00	148260	148375	147680	147910	432435	1461011	5
2025.09.23	15:00:00	147915	148020	147700	147715	308016	1034404	5
2025.09.23	16:00:00	147715	147850	147565	147660	278495	997097	5
2025.09.23	17:00:00	147660	147740	147510	147530	143097	464200	5
2025.09.23	18:00:00	147525	147650	147455	147590	63438	158253	5
2025.09.24	09:00:00	147590	147730	147235	147515	792620	2278056	5
2025.09.24	10:00:00	147515	147890	147380	147490	1020139	3330128	5
2025.09.24	11:00:00	147490	147865	147310	147360	695148	2414662	5
2025.09.24	12:00:00	147355	147495	147215	147280	474906	1651112	5
2025.09.24	13:00:00	147280	147600	147155	147525	431135	1469250	5
2025.09.24	14:00:00	147520	147570	147200	147445	346428	1238433	5
2025.09.24	15:00:00	147445	147655	147355	147610	299795	1099114	5
2025.09.24	16:00:00	147605	147655	147460	147505	216051	810088	5
2025.09.24	17:00:00	147500	147720	147500	147600	162405	535859	5
2025.09.24	18:00:00	147595	149000	147575	148800	152415	434294	5
2025.09.25	09:00:00	148000	148700	147250	147570	1042301	2999476	5
2025.09.25	10:00:00	147570	147600	146605	146840	977916	3140284	5
2025.09.25	11:00:00	146845	147165	146490	146915	716104	2427173	5
2025.09.25	12:00:00	146910	147475	146765	147385	443016	1528842	5
2025.09.25	13:00:00	147385	147500	147100	147195	326507	1173347	5
2025.09.25	14:00:00	147190	147335	146220	146295	508086	1839579	5
2025.09.25	15:00:00	146295	146475	146110	146355	331652	1248766	5
2025.09.25	16:00:00	146355	146365	146115	146235	234137	897407	5
2025.09.25	17:00:00	146235	146450	146230	146340	148244	477410	5
2025.09.25	18:00:00	146345	146585	146315	146405	56281	142965	5
2025.09.26	09:00:00	146545	146595	145975	146240	775512	2181830	5
2025.09.26	10:00:00	146240	147170	146100	146385	1063748	3514756	5
2025.09.26	11:00:00	146380	146730	146125	146305	677970	2336423	5
2025.09.26	12:00:00	146305	146400	146025	146055	286442	965725	5
2025.09.26	13:00:00	146050	146320	146050	146225	267035	886544	5
2025.09.26	14:00:00	146225	146465	146130	146310	268934	994357	5
2025.09.26	15:00:00	146310	146475	146240	146390	206591	767681	5
2025.09.26	16:00:00	146390	146450	146265	146390	182038	682659	5
2025.09.26	17:00:00	146395	146545	146345	146500	91531	326911	5
2025.09.26	18:00:00	146500	146520	146305	146360	32276	103287	5
2025.09.29	09:00:00	146635	147910	146620	147665	937498	2862985	5
2025.09.29	10:00:00	147660	149095	147515	147695	908593	2817694	5
2025.09.29	11:00:00	147695	147785	147330	147370	535774	1889378	5
2025.09.29	12:00:00	147375	147640	147205	147365	405830	1463180	5
2025.09.29	13:00:00	147365	147515	147145	147505	303220	1053605	5
2025.09.29	14:00:00	147505	147510	147110	147180	321938	1167616	5
2025.09.29	15:00:00	147180	147535	147165	147340	261472	999046	5
2025.09.29	16:00:00	147340	147395	147210	147320	214531	823586	5
2025.09.29	17:00:00	147325	147440	147250	147360	106514	359924	5
2025.09.29	18:00:00	147360	147430	147250	147305	54161	127946	5
2025.09.30	09:00:00	147400	147930	146975	147895	808117	2408084	5
2025.09.30	10:00:00	147895	148435	147720	147800	892078	3111984	5
2025.09.30	11:00:00	147805	147825	146835	146930	658212	2459814	5
2025.09.30	12:00:00	146935	147045	146680	146760	367606	1338703	5
2025.09.30	13:00:00	146765	146945	146740	146875	272096	964447	5
2025.09.30	14:00:00	146875	147025	146825	146860	237635	867139	5
2025.09.30	15:00:00	146865	147020	146610	146950	279021	1097100	5
2025.09.30	16:00:00	146950	147250	146890	147125	228573	899272	5
2025.09.30	17:00:00	147125	147210	147040	147145	137205	537221	5
2025.09.30	18:00:00	147140	147245	147120	147135	34966	81315	5
2025.10.01	09:00:00	147205	148125	146575	147905	1388192	4043128	5
2025.10.01	10:00:00	147905	148015	147005	147145	1092443	3454102	5
2025.10.01	11:00:00	147140	147195	146335	146445	727328	2370940	5
2025.10.01	12:00:00	146440	146640	146065	146280	488677	1686395	5
2025.10.01	13:00:00	146280	146435	145955	145975	331434	1115751	5
2025.10.01	14:00:00	145975	146150	145910	146060	239620	794862	5
2025.10.01	15:00:00	146060	146415	145955	146305	343386	1190417	5
2025.10.01	16:00:00	146305	146460	146130	146190	280418	1005445	5
2025.10.01	17:00:00	146190	146405	146110	146375	158776	527320	5
2025.10.01	18:00:00	146370	146385	146250	146255	45852	115163	5
2025.10.02	09:00:00	146750	147280	145885	146010	934083	2869737	5
2025.10.02	10:00:00	146015	146315	145670	146030	1068128	3565933	5
2025.10.02	11:00:00	146030	146030	144570	144615	892023	3262699	5
2025.10.02	12:00:00	144615	144735	144235	144370	511461	1894481	5
2025.10.02	13:00:00	144370	144715	144270	144675	338158	1250610	5
2025.10.02	14:00:00	144675	144830	144415	144730	330964	1227834	5
2025.10.02	15:00:00	144725	144890	144585	144740	277061	1058016	5
2025.10.02	16:00:00	144740	144845	144610	144635	225823	911783	5
2025.10.02	17:00:00	144630	144800	144555	144780	150535	534339	5
2025.10.02	18:00:00	144775	144785	144650	144725	44537	120084	5
2025.10.03	09:00:00	145000	145050	144565	144895	822743	2587445	5
2025.10.03	10:00:00	144900	144935	144240	144630	1061797	3492813	5
2025.10.03	11:00:00	144630	144825	144210	144450	656592	2305857	5
2025.10.03	12:00:00	144455	144795	144335	144740	427961	1557439	5
2025.10.03	13:00:00	144735	145160	144655	144745	431155	1555837	5
2025.10.03	14:00:00	144745	144970	144615	144675	336813	1224302	5
2025.10.03	15:00:00	144680	144960	144525	144840	317046	1178527	5
2025.10.03	16:00:00	144840	144990	144685	144720	230623	881782	5
2025.10.03	17:00:00	144720	144850	144610	144815	132395	478863	5
2025.10.03	18:00:00	144820	144850	144635	144670	29850	99853	5
2025.10.06	09:00:00	144860	145335	144450	145210	919481	2882354	5
2025.10.06	10:00:00	145215	145245	144335	144400	1239712	4195231	5
2025.10.06	11:00:00	144400	144575	144050	144385	737829	2676511	5
2025.10.06	12:00:00	144380	144430	143890	143980	405005	1483948	5
2025.10.06	13:00:00	143975	144440	143820	144425	378859	1365704	5
2025.10.06	14:00:00	144420	144515	144155	144245	351453	1349635	5
2025.10.06	15:00:00	144250	144260	144055	144160	221430	859072	5
2025.10.06	16:00:00	144160	144260	143985	144150	229642	905811	5
2025.10.06	17:00:00	144150	144225	144025	144145	141842	472030	5
2025.10.06	18:00:00	144150	144220	144000	144060	52226	129285	5
2025.10.07	09:00:00	143650	143715	142800	143110	979816	3140204	5
2025.10.07	10:00:00	143115	143300	142180	142305	1193884	3933063	5
2025.10.07	11:00:00	142305	142355	141765	142070	558472	2126001	5
2025.10.07	12:00:00	142070	142260	141675	141825	523327	1897367	5
2025.10.07	13:00:00	141825	141935	141420	141630	436543	1575510	5
2025.10.07	14:00:00	141630	141730	141565	141650	289426	1077294	5
2025.10.07	15:00:00	141650	142030	141590	141875	304012	1160075	5
2025.10.07	16:00:00	141870	141945	141735	141780	240549	953170	5
2025.10.07	17:00:00	141780	141840	141705	141795	123466	456796	5
2025.10.07	18:00:00	141790	141820	141600	141615	50812	153088	5
2025.10.08	09:00:00	141700	142465	141640	142305	955918	2988040	5
2025.10.08	10:00:00	142305	142480	141985	142235	1072887	3491359	5
2025.10.08	11:00:00	142235	142715	142155	142585	708451	2509479	5
2025.10.08	12:00:00	142590	142650	142020	142170	431929	1546851	5
2025.10.08	13:00:00	142165	142275	142060	142220	269745	959965	5
2025.10.08	14:00:00	142225	142305	142105	142205	232470	870514	5
2025.10.08	15:00:00	142205	142425	142085	142250	266625	1016445	5
2025.10.08	16:00:00	142250	142435	142235	142330	246520	962415	5
2025.10.08	17:00:00	142330	142590	142330	142540	178242	624670	5
2025.10.08	18:00:00	142540	142780	142490	142490	77102	184527	5
2025.10.09	09:00:00	142900	143800	142855	143280	1118402	3366620	5
2025.10.09	10:00:00	143280	143515	142450	142510	1200672	3853420	5
2025.10.09	11:00:00	142510	142660	142110	142355	734232	2523073	5
2025.10.09	12:00:00	142355	142810	142340	142595	460047	1597432	5
2025.10.09	13:00:00	142600	142665	142250	142265	316971	1082357	5
2025.10.09	14:00:00	142270	142275	141890	141955	375394	1276663	5
2025.10.09	15:00:00	141955	142050	141810	141920	266068	974406	5
2025.10.09	16:00:00	141920	142105	141880	142005	199712	713837	5
2025.10.09	17:00:00	142005	142145	141855	141940	167312	541494	5
2025.10.09	18:00:00	141945	141995	141890	141890	44118	113575	5
2025.10.10	09:00:00	142145	142665	141885	142645	839654	2651965	5
2025.10.10	10:00:00	142650	142685	141355	141785	1340370	4506137	5
2025.10.10	11:00:00	141785	142260	141440	141560	923111	2984885	5
2025.10.10	12:00:00	141560	141605	140825	140980	891158	2826765	5
2025.10.10	13:00:00	140985	141050	140425	140485	531441	1746585	5
2025.10.10	14:00:00	140490	141100	140365	140960	473068	1566532	5
2025.10.10	15:00:00	140965	141100	140855	140965	319969	1052183	5
2025.10.10	16:00:00	140965	141120	140790	140835	285609	997364	5
2025.10.10	17:00:00	140835	140970	140165	140330	183459	632150	5
2025.10.10	18:00:00	140330	140475	140055	140350	52204	152098	5
2025.10.13	09:00:00	141550	142230	141550	142020	992954	2990702	5
2025.10.13	10:00:00	142020	142295	141710	142125	1216036	3636364	5
2025.10.13	11:00:00	142120	142315	141750	142065	847134	2693512	5
2025.10.13	12:00:00	142060	142340	141915	142145	480279	1594851	5
2025.10.13	13:00:00	142140	142450	142130	142365	344497	1121860	5
2025.10.13	14:00:00	142365	142395	141990	142090	375708	1255746	5
2025.10.13	15:00:00	142090	142240	141945	142010	274512	1018793	5
2025.10.13	16:00:00	142010	142070	141855	141870	236955	873534	5
2025.10.13	17:00:00	141870	141925	141480	141645	201999	703745	5
2025.10.13	18:00:00	141640	141685	141525	141615	59789	152436	5
2025.10.14	09:00:00	140590	141595	140500	141340	1036572	3207885	5
2025.10.14	10:00:00	141340	142065	141195	141980	1259853	3926671	5
2025.10.14	11:00:00	141980	142690	141835	142130	858035	2832806	5
2025.10.14	12:00:00	142135	142495	141965	142405	495654	1686039	5
2025.10.14	13:00:00	142405	142540	141970	142320	487090	1548850	5
2025.10.14	14:00:00	142325	142370	142130	142210	308270	1061014	5
2025.10.14	15:00:00	142210	142225	141690	141860	404773	1431585	5
2025.10.14	16:00:00	141855	141935	141320	141695	362863	1196701	5
2025.10.14	17:00:00	141695	141765	141615	141675	108431	322129	5
2025.10.14	18:00:00	141680	142475	141670	141790	90440	246319	5
2025.10.15	09:00:00	145145	145405	144320	144425	949031	2776732	5
2025.10.15	10:00:00	144420	145645	144005	145580	1263159	4069650	5
2025.10.15	11:00:00	145585	146100	145465	145965	803985	2650831	5
2025.10.15	12:00:00	145965	145970	145190	145345	500135	1636552	5
2025.10.15	13:00:00	145350	145595	145255	145590	320002	988661	5
2025.10.15	14:00:00	145585	145840	144945	145705	568584	1868010	5
2025.10.15	15:00:00	145705	146045	145600	145860	390064	1383691	5
2025.10.15	16:00:00	145855	145960	145605	145650	268180	933052	5
2025.10.15	17:00:00	145650	145890	145615	145740	136308	421237	5
2025.10.15	18:00:00	145740	145855	145680	145715	46723	106020	5
2025.10.16	09:00:00	145735	145930	144685	144795	936431	2878667	5
2025.10.16	10:00:00	144795	145200	144330	145160	1062342	3598824	5
2025.10.16	11:00:00	145155	145900	144905	145765	796448	2785578	5
2025.10.16	12:00:00	145760	146195	145460	145730	574727	1979325	5
2025.10.16	13:00:00	145730	145840	145040	145810	590624	2019252	5
2025.10.16	14:00:00	145810	145815	145170	145310	422226	1371389	5
2025.10.16	15:00:00	145310	145430	145020	145325	405487	1325280	5
2025.10.16	16:00:00	145330	145375	145065	145140	262176	891345	5
2025.10.16	17:00:00	145135	145210	145030	145100	115730	397990	5
2025.10.16	18:00:00	145100	145195	145010	145010	36653	97317	5
2025.10.17	09:00:00	144885	145455	144225	144335	1060586	3155405	5
2025.10.17	10:00:00	144330	145870	144080	145790	1179044	3989972	5
2025.10.17	11:00:00	145790	146235	145530	145945	768378	2634523	5
2025.10.17	12:00:00	145945	146430	145650	146305	512349	1722220	5
2025.10.17	13:00:00	146305	146390	145995	146060	327900	1054228	5
2025.10.17	14:00:00	146060	146090	145820	146020	312077	1032935	5
2025.10.17	15:00:00	146015	146400	146010	146255	274549	978305	5
2025.10.17	16:00:00	146260	146355	146060	146080	217286	781957	5
2025.10.17	17:00:00	146080	146250	146020	146145	151172	535404	5
2025.10.17	18:00:00	146140	146545	146070	146450	49405	162513	5
2025.10.20	09:00:00	146320	146925	146250	146505	1059831	2963177	5
2025.10.20	10:00:00	146505	147265	146305	147150	1349229	4122982	5
2025.10.20	11:00:00	147155	147665	147150	147555	699703	2300602	5
2025.10.20	12:00:00	147550	148065	147505	148015	536625	1847285	5
2025.10.20	13:00:00	148015	148215	147740	147870	424030	1462925	5
2025.10.20	14:00:00	147870	147995	147740	147775	280349	975487	5
2025.10.20	15:00:00	147775	147795	147605	147655	257661	903972	5
2025.10.20	16:00:00	147655	147715	147430	147500	242778	885578	5
2025.10.20	17:00:00	147500	147520	147345	147445	138444	465158	5
2025.10.20	18:00:00	147450	147460	147270	147300	45206	120446	5
2025.10.21	09:00:00	147100	147650	146830	146985	991130	2891158	5
2025.10.21	10:00:00	146985	147720	146645	147155	1258785	3982924	5
2025.10.21	11:00:00	147155	147740	146815	147375	810160	2577066	5
2025.10.21	12:00:00	147370	147550	147050	147320	454297	1532997	5
2025.10.21	13:00:00	147320	147370	146695	146760	420797	1435612	5
2025.10.21	14:00:00	146760	147235	146695	147090	396845	1390653	5
2025.10.21	15:00:00	147085	147115	146920	146945	205339	725817	5
2025.10.21	16:00:00	146940	147005	146865	146900	174979	614912	5
2025.10.21	17:00:00	146895	147135	146865	147075	107061	361856	5
2025.10.21	18:00:00	147075	147240	147030	147235	47987	125993	5
2025.10.22	09:00:00	146995	147795	146565	147635	1107948	3160551	5
2025.10.22	10:00:00	147640	147750	146755	147175	1248584	4047217	5
2025.10.22	11:00:00	147170	147625	147065	147480	782167	2625690	5
2025.10.22	12:00:00	147485	147945	147365	147615	596112	2046864	5
2025.10.22	13:00:00	147620	147910	147220	147510	592061	1905767	5
2025.10.22	14:00:00	147505	147705	147285	147375	392117	1254893	5
2025.10.22	15:00:00	147380	147490	147090	147485	338735	1141402	5
2025.10.22	16:00:00	147490	147715	147355	147670	254717	863405	5
2025.10.22	17:00:00	147670	147795	147620	147750	109187	337500	5
2025.10.22	18:00:00	147745	147915	147740	147915	43396	108675	5
2025.10.23	09:00:00	147960	149045	147910	148660	1109923	3205228	5
2025.10.23	10:00:00	148660	149125	148300	148395	1019061	3352481	5
2025.10.23	11:00:00	148390	148575	148190	148330	661062	2283201	5
2025.10.23	12:00:00	148330	148425	147770	148225	515227	1780718	5
2025.10.23	13:00:00	148225	148430	148190	148295	267312	943038	5
2025.10.23	14:00:00	148295	148515	148135	148490	364024	1280221	5
2025.10.23	15:00:00	148490	148630	148400	148480	242159	846289	5
2025.10.23	16:00:00	148480	148645	148420	148625	213146	760093	5
2025.10.23	17:00:00	148620	148725	148570	148695	115624	377859	5
2025.10.23	18:00:00	148695	148800	148625	148785	47687	130890	5
2025.10.24	09:00:00	148545	149845	148450	149530	1067112	3164471	5
2025.10.24	10:00:00	149525	150095	149320	149395	1035476	3365963	5
2025.10.24	11:00:00	149400	149420	148875	148940	651026	2330686	5
2025.10.24	12:00:00	148945	149340	148930	149020	334899	1193075	5
2025.10.24	13:00:00	149020	149200	148825	148945	256614	904909	5
2025.10.24	14:00:00	148940	149085	148900	149005	220703	808414	5
2025.10.24	15:00:00	149005	149050	148850	148940	155183	594638	5
2025.10.24	16:00:00	148940	148990	148835	148905	137438	526772	5
2025.10.24	17:00:00	148905	148980	148825	148910	93865	287254	5
2025.10.24	18:00:00	148910	148950	148810	148815	22963	99299	5
2025.10.27	09:00:00	150075	150595	150000	150590	833322	2444631	5
2025.10.27	10:00:00	150585	150750	149745	149855	1103302	3698494	5
2025.10.27	11:00:00	149860	150090	149540	150010	633203	2218533	5
2025.10.27	12:00:00	150010	150060	149735	149770	360901	1276514	5
2025.10.27	13:00:00	149775	149820	149630	149635	233650	805003	5
2025.10.27	14:00:00	149630	149750	149545	149625	234780	857773	5
2025.10.27	15:00:00	149620	149635	149475	149595	178028	654179	5
2025.10.27	16:00:00	149600	149775	149515	149755	189006	712034	5
2025.10.27	17:00:00	149755	149820	149665	149740	116991	407963	5
2025.10.27	18:00:00	149740	149900	149710	149790	49107	137569	5
2025.10.28	09:00:00	149520	149650	149065	149580	915952	2785297	5
2025.10.28	10:00:00	149585	150030	149120	149870	1085800	3626718	5
2025.10.28	11:00:00	149870	150235	149845	150055	571779	2052714	5
2025.10.28	12:00:00	150050	150230	149970	150135	301944	1104341	5
2025.10.28	13:00:00	150135	150495	150100	150410	422296	1450246	5
2025.10.28	14:00:00	150410	150525	150200	150425	303135	1063086	5
2025.10.28	15:00:00	150430	150460	150200	150225	199637	711327	5
2025.10.28	16:00:00	150225	150230	149925	150100	331280	1190606	5
2025.10.28	17:00:00	150100	150260	149990	150225	121774	404966	5
2025.10.28	18:00:00	150230	150375	150155	150375	47700	126059	5
2025.10.29	09:00:00	150465	150785	149815	150565	1015591	3073016	5
2025.10.29	10:00:00	150565	151230	150555	151045	984003	3372825	5
2025.10.29	11:00:00	151045	151430	150950	151290	609855	2169259	5
2025.10.29	12:00:00	151290	151555	151270	151360	348063	1252674	5
2025.10.29	13:00:00	151365	151695	151340	151655	240203	930583	5
2025.10.29	14:00:00	151650	151740	151380	151605	314701	1277342	5
2025.10.29	15:00:00	151600	151635	150910	151280	731272	2472988	5
2025.10.29	16:00:00	151280	151380	150970	151235	462609	1581205	5
2025.10.29	17:00:00	151230	151310	151120	151180	126016	444502	5
2025.10.29	18:00:00	151180	151345	151160	151295	40065	123745	5
2025.10.30	09:00:00	151000	151000	150020	150025	895173	2767518	5
2025.10.30	10:00:00	150025	151400	149900	151230	1237113	4350815	5
2025.10.30	11:00:00	151235	151715	151065	151675	708575	2484045	5
2025.10.30	12:00:00	151675	151790	151540	151610	328188	1182793	5
2025.10.30	13:00:00	151605	151755	151545	151665	227018	868364	5
2025.10.30	14:00:00	151665	151720	151545	151610	176200	660736	5
2025.10.30	15:00:00	151615	151625	151370	151440	237601	893918	5
2025.10.30	16:00:00	151435	151470	151275	151310	221294	869083	5
2025.10.30	17:00:00	151310	151630	151265	151595	164393	597123	5
2025.10.30	18:00:00	151595	151795	151585	151760	81018	207994	5
2025.10.31	09:00:00	151485	152090	151445	152025	990090	2823383	5
2025.10.31	10:00:00	152020	152215	151355	151450	1030518	3216129	5
2025.10.31	11:00:00	151445	151920	151365	151710	669527	2250916	5
2025.10.31	12:00:00	151710	151785	151425	151570	450734	1526737	5
2025.10.31	13:00:00	151570	151840	151415	151665	354537	1199077	5
2025.10.31	14:00:00	151665	151905	151570	151800	283619	939135	5
2025.10.31	15:00:00	151800	152060	151740	152000	242388	852870	5
2025.10.31	16:00:00	152000	152140	151880	152070	236808	861210	5
2025.10.31	17:00:00	152070	152190	152010	152165	132687	456917	5
2025.10.31	18:00:00	152165	152245	152140	152225	38022	127726	5
2025.11.03	09:00:00	152225	152915	151965	152745	868719	2518891	5
2025.11.03	10:00:00	152740	152960	151970	152595	1004282	3254561	5
2025.11.03	11:00:00	152595	152990	152320	152910	735699	2429925	5
2025.11.03	12:00:00	152905	153225	152510	152665	595881	1963137	5
2025.11.03	13:00:00	152665	152900	152655	152720	257470	834335	5
2025.11.03	14:00:00	152715	152810	152560	152710	247358	814459	5
2025.11.03	15:00:00	152710	152745	152480	152530	217653	777965	5
2025.11.03	16:00:00	152525	152710	152520	152615	190832	698768	5
2025.11.03	17:00:00	152615	152900	152570	152885	183887	562030	5
2025.11.03	18:00:00	152890	153020	152825	153000	79543	220958	5
2025.11.04	09:00:00	151950	152300	151750	152210	872823	2661765	5
2025.11.04	10:00:00	152205	152700	152120	152645	984798	3232230	5
2025.11.04	11:00:00	152645	153180	152440	153045	844222	2898146	5
2025.11.04	12:00:00	153045	153250	152800	152905	452684	1556038	5
2025.11.04	13:00:00	152900	152990	152760	152840	285537	966599	5
2025.11.04	14:00:00	152845	152860	152635	152720	272328	931210	5
2025.11.04	15:00:00	152715	152730	152505	152550	230003	808683	5
2025.11.04	16:00:00	152545	152790	152535	152715	252733	892258	5
2025.11.04	17:00:00	152715	152970	152660	152960	204741	631372	5
2025.11.04	18:00:00	152960	153065	152900	153050	82895	246874	5
2025.11.05	09:00:00	152850	153250	152555	152835	911532	2826915	5
2025.11.05	10:00:00	152840	153615	152515	153425	1127995	3689734	5
2025.11.05	11:00:00	153425	154385	153275	154220	893169	3159823	5
2025.11.05	12:00:00	154230	154975	154120	154760	660609	2314138	5
2025.11.05	13:00:00	154760	155475	154700	155285	515678	1964946	5
2025.11.05	14:00:00	155280	155435	155205	155235	290356	1103292	5
2025.11.05	15:00:00	155235	155235	154945	155125	305293	1249517	5
2025.11.05	16:00:00	155125	155645	155095	155520	315683	1330453	5
2025.11.05	17:00:00	155515	155975	155435	155830	299691	1185227	5
2025.11.05	18:00:00	155830	155990	155675	155915	106308	364513	5
2025.11.06	09:00:00	155455	155970	155455	155880	832105	2548430	5
2025.11.06	10:00:00	155875	156570	155825	156430	958211	3169803	5
2025.11.06	11:00:00	156430	156455	155835	155885	927085	3253502	5
2025.11.06	12:00:00	155885	156125	155725	155845	595405	1959616	5
2025.11.06	13:00:00	155845	155995	155675	155780	428116	1362767	5
2025.11.06	14:00:00	155780	156060	155655	155695	366186	1214168	5
2025.11.06	15:00:00	155690	155850	155490	155760	310253	1117523	5
2025.11.06	16:00:00	155760	155840	155640	155700	181585	667335	5
2025.11.06	17:00:00	155695	155905	155620	155765	200581	685198	5
2025.11.06	18:00:00	155760	155850	155630	155750	61898	233336	5
2025.11.07	09:00:00	155635	155750	155060	155075	765104	2423174	5
2025.11.07	10:00:00	155075	155430	154790	154905	878328	2888326	5
2025.11.07	11:00:00	154905	154980	154500	154675	824648	2766805	5
2025.11.07	12:00:00	154675	155415	154550	154975	675874	2214324	5
2025.11.07	13:00:00	154975	155210	154950	155020	368198	1217074	5
2025.11.07	14:00:00	155020	155410	154905	155365	383136	1325192	5
2025.11.07	15:00:00	155365	155750	155285	155635	393888	1407345	5
2025.11.07	16:00:00	155635	155875	155565	155835	303662	1073521	5
2025.11.07	17:00:00	155835	156275	155765	156205	231070	821525	5
2025.11.07	18:00:00	156205	156350	156060	156240	82023	309522	5
2025.11.10	09:00:00	157100	157220	156670	157050	869487	2674524	5
2025.11.10	10:00:00	157050	157735	156695	157635	973105	3166495	5
2025.11.10	11:00:00	157635	157730	156835	156885	761721	2736463	5
2025.11.10	12:00:00	156885	157195	156815	157040	403736	1493136	5
2025.11.10	13:00:00	157040	157235	156930	156985	300768	1116649	5
2025.11.10	14:00:00	156985	157415	156930	157325	326182	1212837	5
2025.11.10	15:00:00	157330	157455	157250	157320	242852	981456	5
2025.11.10	16:00:00	157325	157395	157165	157180	190672	786136	5
2025.11.10	17:00:00	157180	157355	157015	157335	234899	915670	5
2025.11.10	18:00:00	157335	157940	157320	157820	113219	420113	5
2025.11.11	09:00:00	157940	158700	157940	158305	1068778	3250693	5
2025.11.11	10:00:00	158305	159995	158095	159645	1257262	4273898	5
2025.11.11	11:00:00	159650	160565	159620	160510	980672	3551422	5
2025.11.11	12:00:00	160505	160605	159510	159645	660342	2314885	5
2025.11.11	13:00:00	159640	159800	159465	159680	368484	1334253	5
2025.11.11	14:00:00	159680	159765	159485	159670	284667	1076702	5
2025.11.11	15:00:00	159670	159875	159595	159605	273460	1086976	5
2025.11.11	16:00:00	159600	159985	159585	159960	222128	944322	5
2025.11.11	17:00:00	159960	160370	159920	159965	316375	1302618	5
2025.11.11	18:00:00	159960	160095	159825	159835	111436	365212	5
2025.11.12	09:00:00	160000	160170	159725	160005	748021	2363018	5
2025.11.12	10:00:00	160005	160095	159525	159550	866679	2869572	5
2025.11.12	11:00:00	159550	159835	158910	158955	879277	3123477	5
2025.11.12	12:00:00	158955	159165	158845	158925	490836	1775503	5
2025.11.12	13:00:00	158920	158970	158730	158825	332354	1189231	5
2025.11.12	14:00:00	158830	158910	158610	158875	287340	1024873	5
2025.11.12	15:00:00	158875	159380	158870	159260	411985	1632806	5
2025.11.12	16:00:00	159265	159395	159100	159285	240711	983065	5
2025.11.12	17:00:00	159285	159885	159280	159775	282667	1048356	5
2025.11.12	18:00:00	159770	159825	159565	159615	82566	263159	5
2025.11.13	09:00:00	159950	159950	159435	159525	703595	2212280	5
2025.11.13	10:00:00	159525	160295	159180	159485	1190536	3917560	5
2025.11.13	11:00:00	159485	159915	159225	159535	887088	3032830	5
2025.11.13	12:00:00	159535	159975	159475	159535	580245	1999725	5
2025.11.13	13:00:00	159535	159715	158970	159120	436598	1519716	5
2025.11.13	14:00:00	159125	159255	158870	158910	372928	1303435	5
2025.11.13	15:00:00	158910	159135	158610	158610	406377	1476769	5
2025.11.13	16:00:00	158615	159015	158475	158995	384179	1431581	5
2025.11.13	17:00:00	158990	159175	158700	158940	340731	1228726	5
2025.11.13	18:00:00	158940	159155	158880	159040	76976	248694	5
2025.11.14	09:00:00	158295	158815	158065	158490	924100	2882163	5
2025.11.14	10:00:00	158485	159065	158460	158930	999515	3369620	5
2025.11.14	11:00:00	158935	160015	158615	159955	954689	3331441	5
2025.11.14	12:00:00	159955	160250	159605	159915	601957	2059884	5
2025.11.14	13:00:00	159910	159950	159660	159845	317137	1097169	5
2025.11.14	14:00:00	159845	160275	159735	160045	404835	1430150	5
2025.11.14	15:00:00	160045	160210	159760	160045	401663	1429023	5
2025.11.14	16:00:00	160045	160135	159870	159965	244183	932636	5
2025.11.14	17:00:00	159970	160020	159500	159765	275880	1035611	5
2025.11.14	18:00:00	159765	159775	159310	159310	85585	306573	5
2025.11.17	09:00:00	159585	159670	158940	159365	760107	2350239	5
2025.11.17	10:00:00	159365	159625	158670	158900	1036874	3395989	5
2025.11.17	11:00:00	158905	159470	158765	159405	880672	2975399	5
2025.11.17	12:00:00	159405	159620	159240	159355	639617	2043655	5
2025.11.17	13:00:00	159350	159660	159225	159535	389510	1265085	5
2025.11.17	14:00:00	159535	159645	159315	159345	345333	1147356	5
2025.11.17	15:00:00	159340	159370	159005	159030	371470	1289011	5
2025.11.17	16:00:00	159030	159055	158525	158565	392844	1409572	5
2025.11.17	17:00:00	158560	158750	158335	158610	358239	1173368	5
2025.11.17	18:00:00	158610	158875	158535	158840	108537	315485	5
2025.11.18	09:00:00	158100	158220	157130	157200	974562	2936780	5
2025.11.18	10:00:00	157195	158605	157120	158265	1157255	4044226	5
2025.11.18	11:00:00	158260	158455	157820	158030	840416	2893652	5
2025.11.18	12:00:00	158030	158455	157780	158095	785565	2450516	5
2025.11.18	13:00:00	158095	158570	157985	158395	512310	1604533	5
2025.11.18	14:00:00	158390	158595	158285	158460	386192	1248177	5
2025.11.18	15:00:00	158465	158615	158400	158520	284724	1001177	5
2025.11.18	16:00:00	158515	158750	158495	158585	308812	1138578	5
2025.11.18	17:00:00	158585	158595	158255	158345	257375	871010	5
2025.11.18	18:00:00	158350	158360	158095	158095	76340	245857	5
2025.11.19	09:00:00	158360	158440	157360	157405	959273	2958826	5
2025.11.19	10:00:00	157400	157695	157310	157425	823607	2666234	5
2025.11.19	11:00:00	157425	157900	157245	157860	763115	2647833	5
2025.11.19	12:00:00	157860	157870	157185	157265	498924	1730504	5
2025.11.19	13:00:00	157260	157340	157075	157125	358533	1280862	5
2025.11.19	14:00:00	157120	157305	157025	157215	379300	1309536	5
2025.11.19	15:00:00	157220	157380	157120	157185	298491	1050305	5
2025.11.19	16:00:00	157185	157200	156820	156995	305136	1074034	5
2025.11.19	17:00:00	157000	157260	156985	157100	253988	837281	5
2025.11.19	18:00:00	157100	157145	156260	156880	145728	413393	5
2025.11.21	09:00:00	155200	156690	155200	156500	877392	2666401	5
2025.11.21	10:00:00	156495	156675	156030	156335	823046	2768550	5
2025.11.21	11:00:00	156340	156435	155370	155570	943313	3128923	5
2025.11.21	12:00:00	155560	155915	155025	155410	812753	2457518	5
2025.11.21	13:00:00	155410	156195	155140	156170	537105	1680895	5
2025.11.21	14:00:00	156170	156350	156075	156190	391680	1254714	5
2025.11.21	15:00:00	156195	156465	155855	156195	453244	1450464	5
2025.11.21	16:00:00	156195	156375	156165	156265	272688	925679	5
2025.11.21	17:00:00	156260	156425	156225	156285	206494	631958	5
2025.11.21	18:00:00	156285	156450	156275	156440	62202	203750	5
2025.11.24	09:00:00	156750	156860	156060	156140	867024	2649623	5
2025.11.24	10:00:00	156140	156805	155930	156200	1022660	3278792	5
2025.11.24	11:00:00	156200	157335	156130	156735	1001188	3467661	5
2025.11.24	12:00:00	156730	156985	156670	156685	413193	1364454	5
2025.11.24	13:00:00	156685	156925	156575	156605	321646	1126280	5
2025.11.24	14:00:00	156610	156865	156565	156675	261807	946635	5
2025.11.24	15:00:00	156675	156765	156605	156685	202612	770908	5
2025.11.24	16:00:00	156690	156760	156485	156515	174000	689074	5
2025.11.24	17:00:00	156520	156715	156390	156425	215825	768263	5
2025.11.24	18:00:00	156430	156975	156380	156975	106464	362837	5
2025.11.25	09:00:00	156885	157155	156435	156655	1168130	3451826	5
2025.11.25	10:00:00	156655	157760	156410	156620	1310126	4297835	5
2025.11.25	11:00:00	156615	156750	156035	156450	878526	3123095	5
2025.11.25	12:00:00	156445	157195	156305	156595	695352	2286186	5
2025.11.25	13:00:00	156600	156800	156460	156700	306135	1073452	5
2025.11.25	14:00:00	156695	156935	156680	156890	249542	875735	5
2025.11.25	15:00:00	156895	157135	156875	157125	278393	1064134	5
2025.11.25	16:00:00	157120	157280	157075	157210	224861	869169	5
2025.11.25	17:00:00	157215	157295	157030	157220	193772	668105	5
2025.11.25	18:00:00	157220	157460	157215	157300	79463	264884	5
2025.11.26	09:00:00	157500	157950	157415	157920	841631	2526923	5
2025.11.26	10:00:00	157925	158970	157515	158915	1153300	3813466	5
2025.11.26	11:00:00	158920	159170	158785	158870	673634	2322973	5
2025.11.26	12:00:00	158870	159040	158475	158935	538953	1952993	5
2025.11.26	13:00:00	158935	159375	158895	159215	397653	1471892	5
2025.11.26	14:00:00	159215	159565	159210	159440	317817	1186951	5
2025.11.26	15:00:00	159445	159740	159370	159675	333938	1297155	5
2025.11.26	16:00:00	159675	159915	159655	159845	237681	983374	5
2025.11.26	17:00:00	159845	159975	159725	159865	222495	830199	5
2025.11.26	18:00:00	159870	160145	159790	160145	106129	354583	5
2025.11.27	09:00:00	159815	159940	159675	159720	596328	1720161	5
2025.11.27	10:00:00	159720	159980	159525	159545	734185	2248066	5
2025.11.27	11:00:00	159540	159635	159385	159410	404327	1305975	5
2025.11.27	12:00:00	159415	159560	159360	159515	234338	839402	5
2025.11.27	13:00:00	159520	159795	159470	159480	303295	1033034	5
2025.11.27	14:00:00	159475	159650	159470	159590	234545	798795	5
2025.11.27	15:00:00	159585	159735	159285	159350	260608	875855	5
2025.11.27	16:00:00	159345	159575	159315	159550	183239	632024	5
2025.11.27	17:00:00	159555	159625	159460	159515	149891	482084	5
2025.11.27	18:00:00	159515	159705	159465	159610	72451	198073	5
2025.11.28	09:00:00	159485	160270	159465	160235	610002	1664685	5
2025.11.28	10:00:00	160235	160240	159575	159810	921355	2731300	5
2025.11.28	11:00:00	159810	160340	159505	159995	899633	2813870	5
2025.11.28	12:00:00	159990	160050	159615	159980	456277	1409948	5
2025.11.28	13:00:00	159975	160275	159830	160265	383473	1153288	5
2025.11.28	14:00:00	160270	160580	160250	160355	347878	1125623	5
2025.11.28	15:00:00	160355	160820	160315	160770	297793	1009418	5
2025.11.28	16:00:00	160775	160840	160350	160375	220210	697407	5
2025.11.28	17:00:00	160375	160435	160270	160320	191280	540121	5
2025.11.28	18:00:00	160315	160335	160100	160100	88186	245157	5
2025.12.01	09:00:00	160000	160360	159845	160155	686718	2032772	5
2025.12.01	10:00:00	160155	160245	158945	159435	1009250	3357425	5
2025.12.01	11:00:00	159435	160225	159055	160080	829214	2889357	5
2025.12.01	12:00:00	160085	160210	159425	159645	495941	1638388	5
2025.12.01	13:00:00	159645	159685	159350	159415	288433	942142	5
2025.12.01	14:00:00	159415	159735	159390	159555	311911	1088394	5
2025.12.01	15:00:00	159555	159675	159465	159575	222826	806679	5
2025.12.01	16:00:00	159580	159595	159370	159455	183860	707005	5
2025.12.01	17:00:00	159455	159655	159425	159475	189130	666226	5
2025.12.01	18:00:00	159470	159690	159440	159690	55280	214332	5
2025.12.02	09:00:00	160025	160480	159980	160240	818062	2561008	5
2025.12.02	10:00:00	160240	161020	159745	160940	1380060	4501824	5
2025.12.02	11:00:00	160940	161460	160650	160975	824194	2783508	5
2025.12.02	12:00:00	160970	161085	160680	160765	425259	1400816	5
2025.12.02	13:00:00	160770	161055	160640	160860	433239	1434479	5
2025.12.02	14:00:00	160860	161155	160845	160955	377089	1246523	5
2025.12.02	15:00:00	160960	161600	160940	161515	429588	1507344	5
2025.12.02	16:00:00	161515	161760	161465	161515	293369	1106523	5
2025.12.02	17:00:00	161510	162075	161500	162015	266382	927111	5
2025.12.02	18:00:00	162020	162425	162000	162270	112053	375092	5
2025.12.03	09:00:00	162380	162585	162100	162500	926898	2825127	5
2025.12.03	10:00:00	162500	162900	162290	162430	1132589	3498585	5
2025.12.03	11:00:00	162425	162695	162075	162325	1007079	3349437	5
2025.12.03	12:00:00	162320	162580	162065	162285	604784	2011853	5
2025.12.03	13:00:00	162285	162445	162040	162070	374427	1307388	5
2025.12.03	14:00:00	162075	162320	161970	162225	315331	1143125	5
2025.12.03	15:00:00	162220	162575	162130	162570	289033	1100049	5
2025.12.03	16:00:00	162570	162675	162385	162480	257881	1006844	5
2025.12.03	17:00:00	162480	162820	162475	162680	259890	888955	5
2025.12.03	18:00:00	162685	162885	162580	162650	82484	265581	5
2025.12.04	09:00:00	162655	163585	162650	163545	889679	2896737	5
2025.12.04	10:00:00	163540	164630	163275	164420	1145166	3817193	5
2025.12.04	11:00:00	164420	164880	164375	164540	771630	2784100	5
2025.12.04	12:00:00	164535	165285	164485	164875	584374	2146707	5
2025.12.04	13:00:00	164875	165025	164660	164665	359214	1342895	5
2025.12.04	14:00:00	164670	164700	164350	164485	387128	1520039	5
2025.12.04	15:00:00	164490	164910	164450	164880	373771	1496245	5
2025.12.04	16:00:00	164885	165175	164630	165125	421206	1751781	5
2025.12.04	17:00:00	165125	165395	164965	165290	308745	1166077	5
2025.12.04	18:00:00	165290	165505	165220	165270	109473	403588	5
2025.12.05	09:00:00	165250	165345	164960	165115	574729	1949184	5
2025.12.05	10:00:00	165115	165450	164970	165150	947160	3327920	5
2025.12.05	11:00:00	165145	165560	164790	165425	740808	2671692	5
2025.12.05	12:00:00	165425	165785	163445	163605	849647	3034667	5
2025.12.05	13:00:00	163600	164285	160900	162215	1343445	3683032	5
2025.12.05	14:00:00	162210	162900	160475	160855	994002	2696443	5
2025.12.05	15:00:00	160860	160915	158055	158305	947786	2509548	5
2025.12.05	16:00:00	158300	159190	158115	159065	752597	2042183	5
2025.12.05	17:00:00	159060	159095	157465	158110	529619	1425245	5
2025.12.05	18:00:00	158105	158480	157750	158325	142614	372330	5
2025.12.08	09:00:00	160090	160105	159305	159420	1086132	3110574	5
2025.12.08	10:00:00	159420	159790	158935	159505	1075997	3481865	5
2025.12.08	11:00:00	159500	159730	158520	158625	855445	2964111	5
2025.12.08	12:00:00	158630	158690	158110	158430	641904	2315261	5
2025.12.08	13:00:00	158425	159095	158355	158930	515885	1828324	5
2025.12.08	14:00:00	158930	159920	158810	159505	606706	2194368	5
2025.12.08	15:00:00	159510	159650	159020	159350	441447	1649831	5
2025.12.08	16:00:00	159350	159380	159095	159270	287311	1075515	5
2025.12.08	17:00:00	159270	159410	158135	158565	439475	1424507	5
2025.12.08	18:00:00	158565	158970	158520	158860	119378	305816	5
2025.12.09	09:00:00	158465	158665	157265	157395	1248633	3878291	5
2025.12.09	10:00:00	157395	157665	155630	156650	1388812	4879013	5
2025.12.09	11:00:00	156645	157590	156400	157240	924741	3306891	5
2025.12.09	12:00:00	157240	158680	157090	158220	960030	3311286	5
2025.12.09	13:00:00	158215	158645	157795	157920	568906	1977944	5
2025.12.09	14:00:00	157920	158395	157920	158215	443989	1564788	5
2025.12.09	15:00:00	158215	158540	158095	158450	360122	1302744	5
2025.12.09	16:00:00	158450	159315	158285	159140	462961	1705999	5
2025.12.09	17:00:00	159145	159415	158330	158430	466893	1542349	5
2025.12.09	18:00:00	158430	158525	158020	158210	120888	346102	5
2025.12.10	09:00:00	159300	160280	158705	158890	1204129	3746353	5
2025.12.10	10:00:00	158890	159075	157965	158830	1293797	4269655	5
2025.12.10	11:00:00	158830	159055	158495	158695	854816	2981881	5
2025.12.10	12:00:00	158695	158995	158320	158845	652613	2339253	5
2025.12.10	13:00:00	158845	159000	158545	158925	427672	1606705	5
2025.12.10	14:00:00	158920	158930	158635	158795	317477	1175009	5
2025.12.10	15:00:00	158795	158995	158680	158880	273724	1094293	5
2025.12.10	16:00:00	158875	159305	158300	159045	851322	2687308	5
2025.12.10	17:00:00	159040	160190	159040	159550	735245	2358911	5
2025.12.10	18:00:00	159545	159880	159450	159560	102282	272904	5
2025.12.11	09:00:00	158635	159040	158050	158900	988120	3095130	5
2025.12.11	10:00:00	158900	159065	158335	158810	1017727	3190625	5
2025.12.11	11:00:00	158810	159610	158710	159535	910018	3113103	5
2025.12.11	12:00:00	159535	160260	159410	159855	681263	2392139	5
2025.12.11	13:00:00	159855	160270	159820	160030	369771	1426334	5
2025.12.11	14:00:00	160030	160245	159785	159845	354481	1337778	5
2025.12.11	15:00:00	159840	160190	159835	160075	361868	1362451	5
2025.12.11	16:00:00	160080	160220	159840	160060	245581	966465	5
2025.12.11	17:00:00	160055	160160	159510	159620	303727	1041723	5
2025.12.11	18:00:00	159615	159685	159455	159465	99224	280501	5
2025.12.12	09:00:00	159715	160315	159585	159840	916566	2736792	5
2025.12.12	10:00:00	159840	161610	159650	161525	1257183	3983640	5
2025.12.12	11:00:00	161530	161550	160930	161080	743908	2530637	5
2025.12.12	12:00:00	161080	161085	159610	159710	766059	2586328	5
2025.12.12	13:00:00	159710	160140	159540	160130	471048	1594570	5
2025.12.12	14:00:00	160135	161070	160090	160855	550652	1918900	5
2025.12.12	15:00:00	160850	160900	160630	160685	287012	1010374	5
2025.12.12	16:00:00	160680	161050	160520	160885	302885	1081615	5
2025.12.12	17:00:00	160880	160985	160545	160915	259008	826855	5
2025.12.12	18:00:00	160920	161095	160880	161030	70217	238859	5
2025.12.15	09:00:00	161575	162955	161345	162910	931880	2840753	5
2025.12.15	10:00:00	162910	162925	161785	162235	986517	3251822	5
2025.12.15	11:00:00	162235	162785	162145	162410	932598	3230619	5
2025.12.15	12:00:00	162415	162715	162160	162605	645179	2170474	5
2025.12.15	13:00:00	162605	163300	162600	163075	596821	2137607	5
2025.12.15	14:00:00	163075	163105	162400	162590	406963	1466682	5
2025.12.15	15:00:00	162590	162685	162170	162510	387841	1398556	5
2025.12.15	16:00:00	162515	162660	162390	162605	303487	1080615	5
2025.12.15	17:00:00	162600	163115	162540	162680	315494	1043765	5
2025.12.15	18:00:00	162680	162935	162675	162755	100613	271545	5
2025.12.16	09:00:00	161250	161350	159900	160555	1146028	3139291	5
2025.12.16	10:00:00	160555	161165	160000	160710	1103983	2974171	5
2025.12.16	11:00:00	160705	160850	160095	160210	801381	2412561	5
2025.12.16	12:00:00	160210	160300	159365	159655	657447	2102952	5
2025.12.16	13:00:00	159650	160015	159520	159935	397781	1293117	5
2025.12.16	14:00:00	159930	160455	159840	159930	545262	1853261	5
2025.12.16	15:00:00	159930	160250	159795	160080	349045	1183851	5
2025.12.16	16:00:00	160080	160095	159390	159580	388090	1349881	5
2025.12.16	17:00:00	159580	159775	158835	158970	438497	1351765	5
2025.12.16	18:00:00	158970	158995	157325	157585	252575	685331	5
2025.12.17	09:00:00	161500	161690	160590	161165	1128715	3040881	5
2025.12.17	10:00:00	161165	161220	159610	159830	1139464	3523257	5
2025.12.17	11:00:00	159825	161055	159770	160870	934474	2985454	5
2025.12.17	12:00:00	160870	160890	160215	160250	572680	1745837	5
2025.12.17	13:00:00	160245	160390	159720	160325	488351	1546313	5
2025.12.17	14:00:00	160330	160705	160135	160425	463096	1514219	5
2025.12.17	15:00:00	160425	160665	160250	160475	348995	1158563	5
2025.12.17	16:00:00	160475	160590	160255	160360	231852	790865	5
2025.12.17	17:00:00	160355	160895	160260	160480	331103	1026788	5
2025.12.17	18:00:00	160485	160805	160315	160340	78021	251402	5
2025.12.18	09:00:00	160660	161080	159845	160270	1004089	2972399	5
2025.12.18	10:00:00	160265	161070	160020	160515	961682	2908469	5
2025.12.18	11:00:00	160510	161035	160235	160795	845562	2788784	5
2025.12.18	12:00:00	160795	161835	160765	161550	661578	2259310	5
2025.12.18	13:00:00	161555	161795	161405	161550	393998	1360718	5
2025.12.18	14:00:00	161550	161710	160700	161475	583502	1932504	5
2025.12.18	15:00:00	161475	161710	161400	161490	265684	934979	5
2025.12.18	16:00:00	161490	161510	160835	160925	282375	1030746	5
2025.12.18	17:00:00	160920	161465	160920	161210	267521	851575	5
2025.12.18	18:00:00	161205	161430	161205	161315	55220	181115	5
2025.12.19	09:00:00	161200	161980	161085	161225	864255	2506383	5
2025.12.19	10:00:00	161225	162085	160990	162045	964839	3051736	5
2025.12.19	11:00:00	162040	162610	161640	162515	824347	2744324	5
2025.12.19	12:00:00	162515	162725	162070	162175	471453	1566618	5
2025.12.19	13:00:00	162175	162380	162105	162240	269264	928797	5
2025.12.19	14:00:00	162235	162300	161810	161885	258199	945200	5
2025.12.19	15:00:00	161885	161965	161710	161750	225212	820924	5
2025.12.19	16:00:00	161755	161865	161675	161795	199575	716002	5
2025.12.19	17:00:00	161795	161850	161325	161450	232492	738115	5
2025.12.19	18:00:00	161455	161710	161405	161600	72007	247807	5
2025.12.22	09:00:00	162055	162415	161365	161490	781874	2373728	5
2025.12.22	10:00:00	161490	161575	160710	160995	862929	2695548	5
2025.12.22	11:00:00	160995	161330	160150	160510	852019	2844615	5
2025.12.22	12:00:00	160515	161040	160455	160870	503173	1689407	5
2025.12.22	13:00:00	160870	161350	160775	161215	447964	1516291	5
2025.12.22	14:00:00	161215	161350	160975	161140	341408	1200569	5
2025.12.22	15:00:00	161140	161300	160715	161145	392812	1351673	5
2025.12.22	16:00:00	161140	161190	160895	161165	286553	1023340	5
2025.12.22	17:00:00	161170	161285	160970	161075	225759	727956	5
2025.12.22	18:00:00	161080	161175	160905	161045	64998	218185	5
2025.12.23	09:00:00	161245	162185	160900	161770	855497	2630013	5
2025.12.23	10:00:00	161770	162535	161665	162390	884058	2810290	5
2025.12.23	11:00:00	162390	162900	161970	162845	759192	2468662	5
2025.12.23	12:00:00	162850	163465	162845	163125	501663	1767187	5
2025.12.23	13:00:00	163120	163345	163035	163245	255340	909462	5
2025.12.23	14:00:00	163250	163440	163110	163415	234478	911019	5
2025.12.23	15:00:00	163420	163420	162920	163190	297631	1112043	5
2025.12.23	16:00:00	163190	163340	163100	163130	190339	707215	5
2025.12.23	17:00:00	163130	163405	163050	163330	183523	633938	5
2025.12.23	18:00:00	163325	163520	163200	163400	83701	273216	5
2025.12.26	09:00:00	162935	162975	162165	162450	700818	2092593	5
2025.12.26	10:00:00	162450	162820	162100	162195	760887	2413041	5
2025.12.26	11:00:00	162195	163085	162125	162775	660123	2104324	5
2025.12.26	12:00:00	162775	163440	162700	163140	456197	1468661	5
2025.12.26	13:00:00	163145	163260	162710	162855	295081	1017239	5
2025.12.26	14:00:00	162850	163385	162835	163330	321585	1130222	5
2025.12.26	15:00:00	163335	163485	163165	163315	232432	803074	5
2025.12.26	16:00:00	163315	163530	163275	163445	203574	723844	5
2025.12.26	17:00:00	163445	163875	163380	163865	178913	606628	5
2025.12.26	18:00:00	163865	164120	163820	164050	72550	216661	5
2025.12.29	09:00:00	163850	164335	163580	163600	792947	2365086	5
2025.12.29	10:00:00	163600	163890	163065	163210	849788	2667779	5
2025.12.29	11:00:00	163215	163515	163005	163220	648718	2078290	5
2025.12.29	12:00:00	163215	163275	162660	162965	520838	1689071	5
2025.12.29	13:00:00	162965	163035	162680	162860	328425	1099283	5
2025.12.29	14:00:00	162865	163165	162690	162905	302467	1006802	5
2025.12.29	15:00:00	162900	163100	162355	162535	386952	1326658	5
2025.12.29	16:00:00	162530	162980	162430	162890	272994	973006	5
2025.12.29	17:00:00	162890	163130	162575	162900	278604	887246	5
2025.12.29	18:00:00	162900	163125	162830	162990	63656	193136	5
2025.12.30	09:00:00	163430	164730	163070	164370	856460	2498895	5
2025.12.30	10:00:00	164370	164795	163910	163915	855620	2634759	5
2025.12.30	11:00:00	163910	164435	163675	163740	725641	2376855	5
2025.12.30	12:00:00	163735	164300	163675	164235	430242	1466705	5
2025.12.30	13:00:00	164235	164540	164220	164335	311535	1070860	5
2025.12.30	14:00:00	164330	164605	164160	164555	290131	1005072	5
2025.12.30	15:00:00	164560	164605	164245	164345	223487	813592	5
2025.12.30	16:00:00	164345	164515	164260	164360	196246	706222	5
2025.12.30	17:00:00	164360	164430	163985	164105	198013	637394	5
2025.12.30	18:00:00	164110	164160	163740	163770	80894	272228	5
2026.01.02	09:00:00	163970	164810	163960	164765	638524	1915737	5
2026.01.02	10:00:00	164760	165040	163340	163455	810356	2632875	5
2026.01.02	11:00:00	163455	163980	163175	163500	729492	2404592	5
2026.01.02	12:00:00	163500	163660	162880	163100	550991	1716880	5
2026.01.02	13:00:00	163100	163150	162710	162890	356258	1137203	5
2026.01.02	14:00:00	162885	162960	162625	162680	277612	952294	5
2026.01.02	15:00:00	162675	162900	162530	162670	300537	1068460	5
2026.01.02	16:00:00	162665	163090	162635	162980	259465	939546	5
2026.01.02	17:00:00	162975	163055	162700	162805	222756	752206	5
2026.01.02	18:00:00	162795	162965	162600	162700	86128	292049	5
2026.01.05	09:00:00	163160	163690	162795	163175	882052	2729266	5
2026.01.05	10:00:00	163175	163370	162565	163295	943063	3045311	5
2026.01.05	11:00:00	163295	163610	162765	162905	888687	2934196	5
2026.01.05	12:00:00	162900	164015	162790	163975	657511	2158737	5
2026.01.05	13:00:00	163975	164180	163645	164140	400920	1335449	5
2026.01.05	14:00:00	164140	164455	164040	164435	367436	1275815	5
2026.01.05	15:00:00	164430	164550	164310	164500	315325	1124048	5
2026.01.05	16:00:00	164500	164595	164305	164320	248593	911843	5
2026.01.05	17:00:00	164325	164460	164185	164400	229548	786953	5
2026.01.05	18:00:00	164400	164430	164255	164420	70501	246668	5
2026.01.06	09:00:00	164575	165690	164525	165475	899796	2938649	5
2026.01.06	10:00:00	165475	166460	165400	166070	1009428	3364235	5
2026.01.06	11:00:00	166070	166655	165610	166095	1027242	3520680	5
2026.01.06	12:00:00	166095	166480	165930	166170	524292	1888419	5
2026.01.06	13:00:00	166165	166270	165865	166185	370749	1347355	5
2026.01.06	14:00:00	166180	166345	166015	166140	272482	1018293	5
2026.01.06	15:00:00	166140	166330	165945	166205	318518	1201271	5
2026.01.06	16:00:00	166205	166295	165720	165845	322012	1232668	5
2026.01.06	17:00:00	165845	166090	165775	165975	203629	663484	5
2026.01.06	18:00:00	165980	166200	165925	166200	81216	256702	5
2026.01.07	09:00:00	166250	166260	165565	165600	908688	2848922	5
2026.01.07	10:00:00	165605	165710	164915	165020	968031	3172804	5
2026.01.07	11:00:00	165025	165065	164260	164465	725459	2542024	5
2026.01.07	12:00:00	164460	164500	164010	164400	505310	1763555	5
2026.01.07	13:00:00	164400	164580	164285	164425	315154	1133377	5
2026.01.07	14:00:00	164430	164490	164225	164325	283262	1057543	5
2026.01.07	15:00:00	164325	164525	164205	164460	253883	976629	5
2026.01.07	16:00:00	164455	164475	164320	164385	195469	707711	5
2026.01.07	17:00:00	164380	164480	164100	164210	222072	660964	5
2026.01.07	18:00:00	164210	164295	164100	164100	85892	248572	5
2026.01.08	09:00:00	163900	164530	163745	164345	918458	2723898	5
2026.01.08	10:00:00	164350	164880	164050	164365	1110894	3392494	5
2026.01.08	11:00:00	164365	165080	164180	164455	895450	3069039	5
2026.01.08	12:00:00	164460	164960	164455	164730	503360	1709454	5
2026.01.08	13:00:00	164730	164850	164485	164810	311765	1100074	5
2026.01.08	14:00:00	164810	164885	164545	164650	253494	914407	5
2026.01.08	15:00:00	164650	164890	164430	164620	321216	1112775	5
2026.01.08	16:00:00	164625	164950	164605	164785	256559	890741	5
2026.01.08	17:00:00	164780	165000	164610	164930	202297	651144	5
2026.01.08	18:00:00	164925	164990	164865	164925	63313	193383	5
2026.01.09	09:00:00	165150	165690	164510	164960	890939	2862238	5
2026.01.09	10:00:00	164955	166185	164745	165860	1071855	3449707	5
2026.01.09	11:00:00	165860	166235	165425	166095	803815	2767844	5
2026.01.09	12:00:00	166090	166350	165740	165925	551022	1839620	5
2026.01.09	13:00:00	165925	166315	165860	166280	305917	1058963	5
2026.01.09	14:00:00	166280	166435	166110	166160	270015	967372	5
2026.01.09	15:00:00	166160	166180	165870	166040	239918	861127	5
2026.01.09	16:00:00	166035	166040	165645	165725	246179	915525	5
2026.01.09	17:00:00	165720	165790	165370	165435	193869	657076	5
2026.01.09	18:00:00	165430	165455	165195	165220	65182	229662	5
2026.01.12	09:00:00	165500	165800	164925	164930	914974	2884658	5
2026.01.12	10:00:00	164930	165245	164615	164715	947636	2998266	5
2026.01.12	11:00:00	164710	165480	164285	165235	923021	3093527	5
2026.01.12	12:00:00	165230	165615	165070	165485	524292	1789606	5
2026.01.12	13:00:00	165485	165570	165185	165225	354918	1273629	5
2026.01.12	14:00:00	165220	165435	165175	165385	275732	990392	5
2026.01.12	15:00:00	165385	165515	165265	165335	250028	945763	5
2026.01.12	16:00:00	165330	165410	165265	165365	178870	692548	5
2026.01.12	17:00:00	165370	165390	165055	165150	212326	753399	5
2026.01.12	18:00:00	165150	165355	165115	165355	49242	195507	5
2026.01.13	09:00:00	165485	165690	164370	164435	812381	2660838	5
2026.01.13	10:00:00	164435	164740	163740	164310	1179963	3671046	5
2026.01.13	11:00:00	164305	164995	164195	164250	829410	2930146	5
2026.01.13	12:00:00	164250	164275	163685	163845	516938	1825709	5
2026.01.13	13:00:00	163845	164090	163635	163905	333819	1238148	5
2026.01.13	14:00:00	163910	164150	163835	164030	289775	1126976	5
2026.01.13	15:00:00	164025	164150	163870	163940	306421	1214045	5
2026.01.13	16:00:00	163945	164075	163770	164000	272609	1121318	5
2026.01.13	17:00:00	164000	164080	163800	163840	194850	717448	5
2026.01.13	18:00:00	163835	163865	163705	163845	66652	255488	5
2026.01.14	09:00:00	164050	165010	163955	164955	914227	3025110	5
2026.01.14	10:00:00	164950	165450	164780	165020	1087510	3591590	5
2026.01.14	11:00:00	165015	165590	163825	165380	1243935	4361461	5
2026.01.14	12:00:00	165375	165810	165130	165370	583570	2048974	5
2026.01.14	13:00:00	165370	165625	165280	165475	305303	1093357	5
2026.01.14	14:00:00	165475	165780	165465	165635	282835	1020513	5
2026.01.14	15:00:00	165640	166385	165590	166315	395225	1569524	5
2026.01.14	16:00:00	166320	166740	166300	166655	317400	1346342	5
2026.01.14	17:00:00	166655	167195	166350	167130	430040	1602569	5
2026.01.14	18:00:00	167135	167315	167070	167260	85723	302209	5
2026.01.15	09:00:00	167000	167545	166805	167315	936560	2825644	5
2026.01.15	10:00:00	167320	167805	166880	167120	1159612	3675609	5
2026.01.15	11:00:00	167120	167180	166625	166865	739716	2573101	5
2026.01.15	12:00:00	166860	167375	166845	167190	542319	1927622	5
2026.01.15	13:00:00	167190	167480	167040	167395	354404	1302566	5
2026.01.15	14:00:00	167400	167610	167385	167590	240562	900035	5
2026.01.15	15:00:00	167590	168025	167575	167960	358180	1343949	5
2026.01.15	16:00:00	167955	167965	167440	167455	295872	1093438	5
2026.01.15	17:00:00	167455	167460	167175	167365	237512	817358	5
2026.01.15	18:00:00	167365	167670	167315	167580	77817	262755	5
2026.01.16	09:00:00	167420	167990	167415	167575	661656	2152625	5
2026.01.16	10:00:00	167575	167630	166685	166710	572635	1828272	5
2026.01.16	11:00:00	166710	166820	166055	166535	613632	2119701	5
2026.01.16	12:00:00	166535	166665	165805	165985	557524	2007100	5
2026.01.16	13:00:00	165985	166465	165920	166230	326468	1168519	5
2026.01.16	14:00:00	166235	166350	166080	166215	262266	972207	5
2026.01.16	15:00:00	166220	166430	166190	166360	235209	860800	5
2026.01.16	16:00:00	166355	166430	166265	166355	178838	679994	5
2026.01.16	17:00:00	166360	166520	166140	166220	184785	649077	5
2026.01.16	18:00:00	166220	166550	166205	166520	63890	241786	5
2026.01.19	09:00:00	165780	166550	165600	166400	740957	1869275	5
2026.01.19	10:00:00	166395	166745	165905	166260	803822	2341891	5
2026.01.19	11:00:00	166260	166520	165925	166455	536046	1846925	5
2026.01.19	12:00:00	166450	166550	166140	166410	357095	1198963	5
2026.01.19	13:00:00	166415	166855	166405	166560	366690	1256799	5
2026.01.19	14:00:00	166560	166635	166165	166445	250749	870220	5
2026.01.19	15:00:00	166445	166500	166315	166400	156161	511279	5
2026.01.19	16:00:00	166400	166450	166220	166260	106423	364336	5
2026.01.19	17:00:00	166260	166560	166240	166495	148207	467555	5
2026.01.19	18:00:00	166490	166590	166440	166525	43304	158077	5
2026.01.20	09:00:00	165800	166110	164895	165745	1159029	3644695	5
2026.01.20	10:00:00	165745	166185	165010	165825	1124481	3759127	5
2026.01.20	11:00:00	165830	167690	165685	167220	1030192	3682667	5
2026.01.20	12:00:00	167215	167840	166765	167785	641761	2238939	5
2026.01.20	13:00:00	167790	168080	167710	167915	381412	1373239	5
2026.01.20	14:00:00	167915	168060	167505	167670	339574	1207768	5
2026.01.20	15:00:00	167670	167720	167210	167320	314115	1171476	5
2026.01.20	16:00:00	167325	167635	167265	167565	256312	967890	5
2026.01.20	17:00:00	167565	167880	167415	167815	226980	783790	5
2026.01.20	18:00:00	167815	167875	167670	167695	57702	210818	5
2026.01.21	09:00:00	167795	169830	167795	169720	1005086	3179197	5
2026.01.21	10:00:00	169715	170550	169715	170460	987131	3386124	5
2026.01.21	11:00:00	170460	171490	170365	171205	943852	3414531	5
2026.01.21	12:00:00	171205	171435	170940	171380	551410	2043537	5
2026.01.21	13:00:00	171380	171815	171360	171645	497112	1903606	5
2026.01.21	14:00:00	171645	171760	171275	171605	366055	1366303	5
2026.01.21	15:00:00	171600	172530	171510	172445	497930	1984589	5
2026.01.21	16:00:00	172450	173250	172245	173200	543109	2088219	5
2026.01.21	17:00:00	173200	173960	173080	173825	442622	1518230	5
2026.01.21	18:00:00	173825	173845	173410	173605	102109	329581	5
2026.01.22	09:00:00	173780	174650	173350	174485	1100963	3388059	5
2026.01.22	10:00:00	174485	174840	174070	174580	945767	3137711	5
2026.01.22	11:00:00	174580	176820	174545	176490	1095791	3953781	5
2026.01.22	12:00:00	176490	179710	176270	178500	1040291	3194428	5
2026.01.22	13:00:00	178505	178890	177970	178345	648303	1880436	5
2026.01.22	14:00:00	178350	178575	177350	177885	681863	2029922	5
2026.01.22	15:00:00	177880	178700	177450	177620	501610	1500068	5
2026.01.22	16:00:00	177615	177880	177010	177270	440516	1377317	5
2026.01.22	17:00:00	177270	177680	176815	177265	389668	1130869	5
2026.01.22	18:00:00	177270	177580	177050	177360	82882	225512	5
2026.01.23	09:00:00	178510	178990	177550	177995	1045897	2862866	5
2026.01.23	10:00:00	178000	178375	177645	177780	920929	2891341	5
2026.01.23	11:00:00	177780	178060	177180	177715	833285	2850288	5
2026.01.23	12:00:00	177710	179370	177610	178960	813686	2851090	5
2026.01.23	13:00:00	178955	179190	178690	178760	377791	1391241	5
2026.01.23	14:00:00	178765	178905	178310	178415	462871	1642798	5
2026.01.23	15:00:00	178415	179210	178175	179115	433754	1597033	5
2026.01.23	16:00:00	179110	179935	179040	179660	379841	1431006	5
2026.01.23	17:00:00	179660	182250	179555	180515	817784	2349446	5
2026.01.23	18:00:00	180515	180765	180100	180620	121264	312558	5
2026.01.26	09:00:00	181100	183385	180730	181290	1463406	3642673	5
2026.01.26	10:00:00	181290	181320	179240	179450	1252006	3763756	5
2026.01.26	11:00:00	179445	181590	179135	180055	991257	2858303	5
2026.01.26	12:00:00	180060	180505	179530	180055	671576	1786409	5
2026.01.26	13:00:00	180055	180190	179370	179775	442291	1290816	5
2026.01.26	14:00:00	179775	180775	179725	179855	552811	1605147	5
2026.01.26	15:00:00	179850	180235	179560	179950	390186	1165079	5
2026.01.26	16:00:00	179950	179965	179260	179750	477822	1448643	5
2026.01.26	17:00:00	179750	180520	179725	180335	414222	1135177	5
2026.01.26	18:00:00	180325	180340	179745	179750	118364	318429	5
2026.01.27	09:00:00	181360	182890	181270	182315	1227119	3257253	5
2026.01.27	10:00:00	182320	183335	181875	183270	1246889	3609832	5
2026.01.27	11:00:00	183270	184260	183195	183930	958401	3074162	5
2026.01.27	12:00:00	183935	184495	183755	183940	637256	2071314	5
2026.01.27	13:00:00	183940	184785	183850	184640	519644	1829703	5
2026.01.27	14:00:00	184640	184750	183500	183520	459012	1586519	5
2026.01.27	15:00:00	183515	183820	183040	183360	456709	1496883	5
2026.01.27	16:00:00	183365	183650	183240	183415	300582	1022873	5
2026.01.27	17:00:00	183415	184220	183355	183500	453119	1396235	5
2026.01.27	18:00:00	183500	183570	182735	183095	118329	344205	5
2026.01.28	09:00:00	184385	184560	183475	184275	1050376	2762788	5
2026.01.28	10:00:00	184270	185895	183935	185535	1226043	3415960	5
2026.01.28	11:00:00	185535	186460	184930	185945	1116771	3261990	5
2026.01.28	12:00:00	185945	186195	184550	184950	922137	2452630	5
2026.01.28	13:00:00	184945	185420	184845	185115	508962	1509660	5
2026.01.28	14:00:00	185110	185250	184515	184820	520832	1659956	5
2026.01.28	15:00:00	184815	184950	183840	184360	451408	1370546	5
2026.01.28	16:00:00	184365	185200	183700	184645	719569	1895839	5
2026.01.28	17:00:00	184640	186205	184635	186045	563212	1496611	5
2026.01.28	18:00:00	186050	186300	185820	186300	110997	295464	5
2026.01.29	09:00:00	187700	188780	187095	187850	1091897	2837168	5
2026.01.29	10:00:00	187855	187955	186715	187310	1129525	3321943	5
2026.01.29	11:00:00	187315	187525	185325	185415	1086312	3419943	5
2026.01.29	12:00:00	185410	185865	182645	182945	1242298	3151068	5
2026.01.29	13:00:00	182945	184085	182885	183610	664069	1769498	5
2026.01.29	14:00:00	183610	185075	183580	184125	598001	1717943	5
2026.01.29	15:00:00	184125	184575	183760	184125	459972	1397449	5
2026.01.29	16:00:00	184135	184975	184035	184195	437900	1375869	5
2026.01.29	17:00:00	184190	184900	184170	184310	371998	1065705	5
2026.01.29	18:00:00	184310	184500	184120	184240	76638	225901	5
2026.01.30	09:00:00	183200	184205	182790	183445	1229447	3093682	5
2026.01.30	10:00:00	183450	184590	183220	183830	1125330	3074798	5
2026.01.30	11:00:00	183830	184410	183615	183865	827160	2539655	5
2026.01.30	12:00:00	183870	184765	183660	184110	719243	2286839	5
2026.01.30	13:00:00	184110	184110	183280	183430	640780	2109919	5
2026.01.30	14:00:00	183430	183470	182285	182380	727714	2443769	5
2026.01.30	15:00:00	182380	182615	181065	182425	812665	2599236	5
2026.01.30	16:00:00	182430	182950	182150	182465	623902	2004341	5
2026.01.30	17:00:00	182465	182750	181575	182295	475492	1417408	5
2026.01.30	18:00:00	182295	182695	182105	182695	84796	260708	5
2026.02.02	09:00:00	180820	183110	180820	183040	935292	2496737	5
2026.02.02	10:00:00	183040	183890	182365	183705	1055850	2954388	5
2026.02.02	11:00:00	183710	183930	182395	182565	1010525	3012750	5
2026.02.02	12:00:00	182570	183365	182315	182795	678794	2024378	5
2026.02.02	13:00:00	182795	183605	182475	183485	513228	1647283	5
2026.02.02	14:00:00	183485	183655	183145	183430	408580	1339675	5
2026.02.02	15:00:00	183430	183445	182870	182925	343459	1114895	5
2026.02.02	16:00:00	182925	183040	182560	182825	346204	1176035	5
2026.02.02	17:00:00	182830	183970	182715	183860	398475	1185192	5
2026.02.02	18:00:00	183860	184060	183610	183655	111716	278707	5
2026.02.03	09:00:00	184500	186160	184490	185840	1230690	3178896	5
2026.02.03	10:00:00	185835	187115	185155	187105	1260499	3469880	5
2026.02.03	11:00:00	187110	188315	186950	187735	1031503	3388791	5
2026.02.03	12:00:00	187735	187815	187040	187345	753997	2400543	5
2026.02.03	13:00:00	187350	187420	186805	186855	479106	1523413	5
2026.02.03	14:00:00	186850	186900	185845	186230	627661	2103050	5
2026.02.03	15:00:00	186230	186295	185695	185845	470862	1590110	5
2026.02.03	16:00:00	185840	186475	185570	186040	622434	1992231	5
2026.02.03	17:00:00	186040	186835	185880	186630	357902	1029860	5
2026.02.03	18:00:00	186630	186695	186275	186465	84644	230859	5
2026.02.04	09:00:00	187180	187435	185095	185180	1254480	3283653	5
2026.02.04	10:00:00	185175	185680	184710	184720	1044983	2936479	5
2026.02.04	11:00:00	184725	184795	183480	183575	1022728	3207278	5
2026.02.04	12:00:00	183575	184355	183280	183310	760545	2117026	5
2026.02.04	13:00:00	183310	183370	182085	182610	628196	1914546	5
2026.02.04	14:00:00	182610	182645	181370	181730	687033	2086168	5
2026.02.04	15:00:00	181735	181880	181040	181190	541189	1785113	5
2026.02.04	16:00:00	181200	181825	180935	181735	493365	1703745	5
2026.02.04	17:00:00	181740	182400	181705	181960	460204	1419522	5
2026.02.04	18:00:00	181960	182530	181950	182385	127016	325905	5
2026.02.05	09:00:00	182370	183195	182025	182720	1157470	3060196	5
2026.02.05	10:00:00	182720	183710	182575	183210	1028688	2896203	5
2026.02.05	11:00:00	183205	184870	183200	183860	1192460	3761731	5
2026.02.05	12:00:00	183860	184150	182085	183495	1018102	2970212	5
2026.02.05	13:00:00	183490	183830	183160	183730	660625	1996663	5
2026.02.05	14:00:00	183730	184225	183175	183865	578125	1854002	5
2026.02.05	15:00:00	183860	184115	183535	183775	406820	1299390	5
2026.02.05	16:00:00	183780	184125	183240	183640	382567	1284407	5
2026.02.05	17:00:00	183645	183790	182385	182815	459972	1368535	5
2026.02.05	18:00:00	182815	183105	182680	182980	84653	262135	5
2026.02.06	09:00:00	183860	184660	182730	182770	1148768	3122472	5
2026.02.06	10:00:00	182770	183035	182220	182400	981339	2872915	5
2026.02.06	11:00:00	182395	183350	182095	182355	1131245	3333506	5
2026.02.06	12:00:00	182350	182940	181925	182545	736661	2073146	5
2026.02.06	13:00:00	182550	183535	182440	183435	517707	1603460	5
2026.02.06	14:00:00	183430	183520	183030	183125	430722	1381445	5
2026.02.06	15:00:00	183125	183155	182275	182655	525369	1655983	5
2026.02.06	16:00:00	182660	183005	182615	182795	303029	956144	5
2026.02.06	17:00:00	182795	183915	182765	183600	415764	1178511	5
2026.02.06	18:00:00	183605	183700	183160	183380	78171	227983	5
2026.02.09	09:00:00	183780	185085	183700	184310	1111511	2968152	5
2026.02.09	10:00:00	184305	184450	183580	183845	1015039	2929315	5
2026.02.09	11:00:00	183840	185065	183785	184575	920435	2817588	5
2026.02.09	12:00:00	184570	184725	184090	184130	579898	1851759	5
2026.02.09	13:00:00	184130	185320	183990	185230	506286	1611555	5
2026.02.09	14:00:00	185230	185940	185180	185875	484949	1617135	5
2026.02.09	15:00:00	185875	186385	185380	186350	557965	1838166	5
2026.02.09	16:00:00	186350	186755	186215	186580	357843	1268160	5
2026.02.09	17:00:00	186580	187060	186535	186815	348855	1162829	5
2026.02.09	18:00:00	186810	186880	186645	186790	80053	253949	5
2026.02.10	09:00:00	185960	186775	185540	185865	989262	2735298	5
2026.02.10	10:00:00	185865	186380	185460	185795	1000101	2954564	5
2026.02.10	11:00:00	185790	186570	185635	186430	980533	3183151	5
2026.02.10	12:00:00	186435	187350	186300	186980	672971	2275876	5
2026.02.10	13:00:00	186985	187195	186470	186625	477273	1646615	5
2026.02.10	14:00:00	186625	186725	186225	186290	344212	1195105	5
2026.02.10	15:00:00	186285	186355	185560	185805	417055	1468454	5
2026.02.10	16:00:00	185805	186245	185685	186220	323462	1165571	5
2026.02.10	17:00:00	186220	186910	186100	186225	377584	1254467	5
2026.02.10	18:00:00	186220	186430	186170	186315	58927	183791	5
2026.02.11	09:00:00	187000	188650	186920	188405	1149846	3062227	5
2026.02.11	10:00:00	188405	188995	187805	188705	1049864	2947219	5
2026.02.11	11:00:00	188710	189865	188530	189175	945357	3044416	5
2026.02.11	12:00:00	189170	189560	188485	189435	765911	2431564	5
2026.02.11	13:00:00	189435	190955	189430	190780	652323	2209815	5
2026.02.11	14:00:00	190780	190950	190440	190635	440638	1501135	5
2026.02.11	15:00:00	190635	190655	189755	189825	481841	1636167	5
2026.02.11	16:00:00	189830	190700	189805	190120	402254	1403738	5
2026.02.11	17:00:00	190120	190560	189865	190300	344752	1121997	5
2026.02.11	18:00:00	190300	190350	189715	189880	96940	305675	5
2026.02.12	09:00:00	190740	191225	188855	189130	966568	2640690	5
2026.02.12	10:00:00	189135	189930	188860	188975	1048951	3160571	5
2026.02.12	11:00:00	188970	190150	188935	189560	955343	3006809	5
2026.02.12	12:00:00	189565	190285	189510	189575	639298	2000936	5
2026.02.12	13:00:00	189570	189670	188405	188670	877653	2680517	5
2026.02.12	14:00:00	188675	189065	188355	188525	611105	1866287	5
2026.02.12	15:00:00	188525	188530	187120	187860	693707	2292979	5
2026.02.12	16:00:00	187865	188440	187780	188185	531772	1735115	5
2026.02.12	17:00:00	188180	188655	187980	188125	474869	1421849	5
2026.02.12	18:00:00	188120	188135	187765	188005	95354	277679	5
2026.02.13	09:00:00	187300	187540	185040	185420	1080235	2782704	5
2026.02.13	10:00:00	185415	186385	184550	185210	1083082	2794355	5
2026.02.13	11:00:00	185205	185430	183725	184040	1021304	2670405	5
2026.02.13	12:00:00	184040	185785	183975	184945	886213	2262122	5
2026.02.13	13:00:00	184950	185950	184720	185630	548390	1536327	5
2026.02.13	14:00:00	185630	186365	185485	186240	428401	1378795	5
2026.02.13	15:00:00	186240	186600	185785	186365	449901	1402053	5
2026.02.13	16:00:00	186365	186490	185655	186085	464934	1355041	5
2026.02.13	17:00:00	186085	186550	185805	186405	262810	693878	5
2026.02.13	18:00:00	186400	186775	186250	186680	64837	197634	5
2026.02.18	13:00:00	190460	191695	189860	189975	1076933	2536167	5
2026.02.18	14:00:00	189975	190730	189535	190185	695234	1937248	5
2026.02.18	15:00:00	190185	190275	189175	189455	599986	1660828	5
2026.02.18	16:00:00	189450	189655	188780	189075	463017	1287587	5
2026.02.18	17:00:00	189070	190035	188855	189905	426265	1204630	5
2026.02.18	18:00:00	189910	190190	189840	190175	84112	239173	5
2026.02.19	09:00:00	190465	190705	189710	190580	1006071	2477881	5
2026.02.19	10:00:00	190580	190795	189695	190240	1110456	2785617	5
2026.02.19	11:00:00	190235	190575	189650	190500	818626	2205634	5
2026.02.19	12:00:00	190500	192295	190430	192280	883892	2538162	5
2026.02.19	13:00:00	192285	192445	191930	192160	468908	1454187	5
2026.02.19	14:00:00	192160	192565	191855	192055	454130	1435930	5
2026.02.19	15:00:00	192050	192270	191815	191990	379504	1197942	5
2026.02.19	16:00:00	191990	192030	191530	191675	347664	1128983	5
2026.02.19	17:00:00	191675	192260	191455	192135	362134	1062958	5
2026.02.19	18:00:00	192130	192400	192065	192250	76102	231894	5
2026.02.20	09:00:00	192345	192475	190585	190700	807605	2229608	5
2026.02.20	10:00:00	190705	190940	190260	190600	884976	2516897	5
2026.02.20	11:00:00	190595	191470	190300	191400	870042	2603797	5
2026.02.20	12:00:00	191405	192630	191405	192250	1069756	2854167	5
2026.02.20	13:00:00	192250	192320	191840	192230	473102	1425801	5
2026.02.20	14:00:00	192225	192550	191340	192440	574156	1819485	5
2026.02.20	15:00:00	192435	193325	192435	192960	609941	1887275	5
2026.02.20	16:00:00	192960	194045	192830	193865	395099	1316160	5
2026.02.20	17:00:00	193870	194400	193820	194125	319691	1017773	5
2026.02.20	18:00:00	194130	194270	193745	193745	77457	232773	5
2026.02.23	09:00:00	193590	193830	192455	192560	929567	2472751	5
2026.02.23	10:00:00	192560	193380	192560	193025	988573	2738411	5
2026.02.23	11:00:00	193025	194675	192890	194435	965997	2849899	5
2026.02.23	12:00:00	194440	194550	192400	192470	738759	2191272	5
2026.02.23	13:00:00	192475	192550	192050	192350	538806	1698111	5
2026.02.23	14:00:00	192345	192835	192110	192670	471357	1532416	5
2026.02.23	15:00:00	192665	192995	192630	192745	375921	1228036	5
2026.02.23	16:00:00	192750	192795	192125	192350	365781	1164262	5
2026.02.23	17:00:00	192350	192685	192220	192515	290665	868643	5
2026.02.23	18:00:00	192515	192580	192320	192475	77312	222746	5
2026.02.24	09:00:00	192720	194215	192515	193505	1030098	2669724	5
2026.02.24	10:00:00	193505	194290	192910	193505	1079659	2977636	5
2026.02.24	11:00:00	193505	194130	193155	193940	936021	2611053	5
2026.02.24	12:00:00	193940	194965	193770	194750	751008	2228485	5
2026.02.24	13:00:00	194750	195295	194630	194835	485099	1574456	5
2026.02.24	14:00:00	194835	195395	194835	194945	374993	1257212	5
2026.02.24	15:00:00	194940	195210	194805	194935	318789	1078169	5
2026.02.24	16:00:00	194930	195155	194490	195010	375235	1269488	5
2026.02.24	17:00:00	195005	195380	194665	195185	275062	863877	5
2026.02.24	18:00:00	195185	195210	194965	195030	67731	209641	5
2026.02.25	09:00:00	196500	197760	195835	196660	1108598	2537212	5
2026.02.25	10:00:00	196660	196710	194660	194965	941990	2520331	5
2026.02.25	11:00:00	194965	195625	194355	194525	868068	2514403	5
2026.02.25	12:00:00	194525	194635	194060	194545	582334	1757535	5
2026.02.25	13:00:00	194540	194795	194430	194645	377116	1184878	5
2026.02.25	14:00:00	194640	195145	194490	195075	352595	1144876	5
2026.02.25	15:00:00	195080	195115	194190	194310	365561	1156955	5
2026.02.25	16:00:00	194310	194325	193670	194095	406193	1319934	5
2026.02.25	17:00:00	194095	194665	193820	194495	365386	1160683	5
2026.02.25	18:00:00	194495	194645	194310	194310	65465	222506	5
2026.02.26	09:00:00	194005	194650	193815	194295	1070158	2755622	5
2026.02.26	10:00:00	194295	195035	193555	194240	1091916	3019092	5
2026.02.26	11:00:00	194240	194550	193050	193350	925534	2750210	5
2026.02.26	12:00:00	193350	193540	192170	193375	882123	2697567	5
2026.02.26	13:00:00	193370	194040	193230	193330	534746	1670630	5
2026.02.26	14:00:00	193330	193665	193050	193300	429822	1388473	5
2026.02.26	15:00:00	193295	193965	193220	193805	428073	1305946	5
2026.02.26	16:00:00	193800	194260	193775	194145	336415	1086151	5
2026.02.26	17:00:00	194145	194525	194115	194325	281448	882862	5
2026.02.26	18:00:00	194320	194485	194085	194255	69566	230089	5
2026.02.27	09:00:00	194155	194300	192170	193620	1207256	2901830	5
2026.02.27	10:00:00	193615	193695	192520	193090	991612	2577155	5
2026.02.27	11:00:00	193095	194200	192895	193065	1022192	2829201	5
2026.02.27	12:00:00	193065	193685	192830	193480	753077	2051391	5
2026.02.27	13:00:00	193480	193695	192765	192800	471847	1366387	5
2026.02.27	14:00:00	192800	193085	192255	192460	489180	1478518	5
2026.02.27	15:00:00	192460	192890	192450	192845	376006	1173650	5
2026.02.27	16:00:00	192845	192920	191650	191830	459545	1522532	5
2026.02.27	17:00:00	191835	192410	191655	191920	380094	1171237	5
2026.02.27	18:00:00	191920	192015	191550	191550	84012	216667	5
2026.03.02	09:00:00	190135	191210	189705	189875	1079206	2647892	5
2026.03.02	10:00:00	189875	191170	189680	189740	1144358	3071836	5
2026.03.02	11:00:00	189740	191745	189555	191370	1104539	3137113	5
2026.03.02	12:00:00	191375	192135	190955	191010	793466	2229543	5
2026.03.02	13:00:00	191005	191860	190860	191360	608817	1870081	5
2026.03.02	14:00:00	191365	192110	191305	192035	479970	1503656	5
2026.03.02	15:00:00	192040	192305	191810	192155	442276	1410815	5
2026.03.02	16:00:00	192150	193250	192145	192895	487264	1643458	5
2026.03.02	17:00:00	192895	192925	191855	192160	574192	1645756	5
2026.03.02	18:00:00	192160	192450	192135	192400	85795	234715	5
2026.03.03	09:00:00	188750	188750	186865	187265	1297608	3390930	5
2026.03.03	10:00:00	187265	187465	185350	185620	1271468	3520509	5
2026.03.03	11:00:00	185610	185765	183395	183810	1391940	3854582	5
2026.03.03	12:00:00	183805	184450	183175	184420	1076043	2986541	5
2026.03.03	13:00:00	184415	185745	184400	185585	931484	2739252	5
2026.03.03	14:00:00	185590	186160	185075	185795	736937	2138211	5
2026.03.03	15:00:00	185795	187665	185700	187090	753245	2333799	5
2026.03.03	16:00:00	187090	187390	185760	185930	869571	2649909	5
2026.03.03	17:00:00	185930	186490	185385	185715	530762	1581301	5
2026.03.03	18:00:00	185715	185775	184950	185000	131914	361525	5
2026.03.04	09:00:00	185995	188420	185935	188370	1115078	2921431	5
2026.03.04	10:00:00	188365	189250	187780	188100	1097467	3071346	5
2026.03.04	11:00:00	188100	188340	186070	186550	1158899	3261258	5
2026.03.04	12:00:00	186550	187330	186320	187045	783548	2235353	5
2026.03.04	13:00:00	187045	187265	186410	187255	550962	1675965	5
2026.03.04	14:00:00	187255	187765	187035	187510	536375	1744872	5
2026.03.04	15:00:00	187515	188120	187050	188015	451382	1514626	5
2026.03.04	16:00:00	188015	188645	187760	188490	416170	1415865	5
2026.03.04	17:00:00	188490	188940	188000	188125	421994	1353626	5
2026.03.04	18:00:00	188120	188235	187445	187685	108852	299478	5
2026.03.05	09:00:00	187000	188410	186370	187140	1224120	3066080	5
2026.03.05	10:00:00	187135	187435	186135	186140	1135659	3080004	5
2026.03.05	11:00:00	186135	186540	184330	185195	1260421	3635234	5
2026.03.05	12:00:00	185195	185610	183745	184195	980574	2691389	5
2026.03.05	13:00:00	184195	184660	183350	184390	828928	2410924	5
2026.03.05	14:00:00	184395	184580	182905	183485	800303	2399169	5
2026.03.05	15:00:00	183480	183630	182440	183215	751199	2166607	5
2026.03.05	16:00:00	183215	183780	182755	183130	620339	1961434	5
2026.03.05	17:00:00	183130	184200	182900	183315	673867	2030127	5
2026.03.05	18:00:00	183315	183355	182695	182805	126231	370180	5
2026.03.06	09:00:00	181500	182735	181020	182040	1206703	3080170	5
2026.03.06	10:00:00	182035	183790	181505	181760	1400993	3496967	5
2026.03.06	11:00:00	181760	182140	181035	181250	1316079	3397686	5
2026.03.06	12:00:00	181250	182630	181010	182430	932366	2457639	5
2026.03.06	13:00:00	182425	182940	181985	182145	728363	2174523	5
2026.03.06	14:00:00	182140	182580	181590	181790	679276	2115473	5
2026.03.06	15:00:00	181795	182985	181740	182480	580394	1823467	5
2026.03.06	16:00:00	182475	182785	182080	182310	519490	1626814	5
2026.03.06	17:00:00	182305	182695	181150	182090	525140	1481403	5
2026.03.06	18:00:00	182095	182265	181770	182055	97619	262879	5
2026.03.09	09:00:00	180580	181490	180300	180990	1129189	2758337	5
2026.03.09	10:00:00	180990	181785	180890	181125	1508123	4088355	5
2026.03.09	11:00:00	181125	181315	179975	181045	1354811	3610540	5
2026.03.09	12:00:00	181040	182675	180975	182110	808223	2461926	5
2026.03.09	13:00:00	182115	182520	181700	181880	608334	1923493	5
2026.03.09	14:00:00	181885	181985	181145	181250	515433	1633954	5
2026.03.09	15:00:00	181250	182455	181250	182075	547054	1799985	5
2026.03.09	16:00:00	182080	184525	182050	183790	1149265	3293189	5
2026.03.09	17:00:00	183795	184135	183110	184000	376061	1110231	5
2026.03.09	18:00:00	184000	184160	183700	183700	77763	187605	5
2026.03.10	09:00:00	183790	185080	183145	184785	1323297	3371211	5
2026.03.10	10:00:00	184790	184985	183375	183685	1340354	3915522	5
2026.03.10	11:00:00	183690	186325	182935	186305	1092435	3517521	5
2026.03.10	12:00:00	186305	186595	185725	186465	694672	2258031	5
2026.03.10	13:00:00	186465	186890	186035	186760	517086	1702013	5
2026.03.10	14:00:00	186760	187840	186740	187035	690580	2343477	5
2026.03.10	15:00:00	187030	187225	185875	186340	882797	2672917	5
2026.03.10	16:00:00	186340	186670	185415	185620	624261	2095414	5
2026.03.10	17:00:00	185625	186295	185545	186195	263435	812977	5
2026.03.10	18:00:00	186200	186240	185710	185950	80749	185276	5
2026.03.11	09:00:00	186000	186385	183625	183930	1270188	3021059	5
2026.03.11	10:00:00	183925	187545	183890	187410	1595027	4175546	5
2026.03.11	11:00:00	187405	188165	186640	187055	1200441	3220756	5
2026.03.11	12:00:00	187050	187200	185545	185595	762950	2254172	5
2026.03.11	13:00:00	185595	185885	185195	185815	559049	1695859	5
2026.03.11	14:00:00	185810	185870	184780	185260	650271	1969109	5
2026.03.11	15:00:00	185265	185865	184965	185675	501343	1559185	5
2026.03.11	16:00:00	185675	186295	185330	186180	424415	1400708	5
2026.03.11	17:00:00	186175	186390	186000	186075	202576	606413	5
2026.03.11	18:00:00	186070	186250	185665	186010	75126	199565	5
2026.03.12	09:00:00	185335	185360	183350	183680	1201618	2929487	5
2026.03.12	10:00:00	183685	184075	181255	181745	1667707	4529072	5
2026.03.12	11:00:00	181745	182220	181205	181325	1130955	3301885	5
2026.03.12	12:00:00	181330	181950	180520	181550	960877	2961377	5
2026.03.12	13:00:00	181545	182105	181360	181830	660299	1960676	5
2026.03.12	14:00:00	181825	182230	181185	181460	599428	1866589	5
2026.03.12	15:00:00	181455	181720	181150	181585	531413	1733318	5
2026.03.12	16:00:00	181590	182000	181000	181135	531802	1748385	5
2026.03.12	17:00:00	181140	181465	180910	181100	255069	817526	5
2026.03.12	18:00:00	181105	181265	180940	181205	68176	189897	5
2026.03.13	09:00:00	182220	182650	181550	181900	1145442	2857255	5
2026.03.13	10:00:00	181900	183185	181725	182875	1214953	3320026	5
2026.03.13	11:00:00	182885	182985	181180	181305	1028984	3013552	5
2026.03.13	12:00:00	181305	181440	180355	180745	895592	2708224	5
2026.03.13	13:00:00	180750	181460	180590	181240	625701	1907407	5
2026.03.13	14:00:00	181240	181310	179665	180190	714259	2361921	5
2026.03.13	15:00:00	180195	180965	179965	180450	586884	1940035	5
2026.03.13	16:00:00	180450	180490	179260	179875	533329	1691277	5
2026.03.13	17:00:00	179875	180085	179485	179660	196133	666755	5
2026.03.13	18:00:00	179665	179900	179380	179900	43671	134668	5
2026.03.16	09:00:00	181800	183320	181265	182315	1090810	2762747	5
2026.03.16	10:00:00	182320	183300	182145	183100	1113235	3193938	5
2026.03.16	11:00:00	183110	183215	181775	182185	829403	2437991	5
2026.03.16	12:00:00	182185	182415	181790	182050	552295	1679584	5
2026.03.16	13:00:00	182050	182235	181320	181665	548782	1730617	5
2026.03.16	14:00:00	181670	182485	181640	182330	521641	1647995	5
2026.03.16	15:00:00	182335	182960	182330	182755	488555	1615188	5
2026.03.16	16:00:00	182755	183100	181915	182195	528153	1804840	5
2026.03.16	17:00:00	182190	182210	181720	182065	215483	700262	5
2026.03.16	18:00:00	182060	182180	181980	182145	45757	139485	5
2026.03.17	09:00:00	181945	182850	180805	182005	1344065	3547439	5
2026.03.17	10:00:00	182010	184665	181705	184470	1349053	3865477	5
2026.03.17	11:00:00	184470	184685	183435	183725	856373	2588074	5
2026.03.17	12:00:00	183725	183755	182090	182645	681189	2240740	5
2026.03.17	13:00:00	182645	183420	182435	183215	558576	1833175	5
2026.03.17	14:00:00	183215	183660	183015	183505	444090	1506419	5
2026.03.17	15:00:00	183505	183860	181900	182365	692916	2373985	5
2026.03.17	16:00:00	182370	182540	181705	181965	477542	1650566	5
2026.03.17	17:00:00	181965	182380	181900	182295	193081	677546	5
2026.03.17	18:00:00	182300	182410	182155	182240	35954	119798	5
2026.03.18	09:00:00	183075	183240	180900	180950	1444094	3651687	5
2026.03.18	10:00:00	180955	182635	180860	182625	1259651	3521313	5
2026.03.18	11:00:00	182625	182945	181545	182010	1014366	3045804	5
2026.03.18	12:00:00	182010	182365	181500	181900	597906	1813288	5
2026.03.18	13:00:00	181900	183045	181620	183000	592144	1879116	5
2026.03.18	14:00:00	183000	183455	182170	183040	596224	1834353	5
2026.03.18	15:00:00	183040	183310	181720	181760	789201	2212404	5
2026.03.18	16:00:00	181760	182275	181405	181420	652653	1964792	5
2026.03.18	17:00:00	181420	181445	180410	180605	307099	930539	5
2026.03.18	18:00:00	180605	181075	180330	180950	87345	217956	5
2026.03.19	09:00:00	180020	180160	177480	178420	1475202	3634826	5
2026.03.19	10:00:00	178425	179885	177670	179880	1490779	3940248	5
2026.03.19	11:00:00	179880	180705	179450	180350	1069339	3021573	5
2026.03.19	12:00:00	180350	181195	179705	180550	771902	2331532	5
2026.03.19	13:00:00	180550	180845	179910	180230	612721	1805131	5
2026.03.19	14:00:00	180235	180625	179775	180175	544672	1609795	5
2026.03.19	15:00:00	180170	181200	180005	181130	520315	1611661	5
2026.03.19	16:00:00	181130	183240	181095	181720	981553	2806490	5
2026.03.19	17:00:00	181720	182630	181645	182205	281501	826428	5
2026.03.19	18:00:00	182205	182380	181910	181995	40752	124542	5
2026.03.20	09:00:00	180425	181600	180045	180895	1189929	2984253	5
2026.03.20	10:00:00	180895	181140	178495	178820	1320767	3899466	5
2026.03.20	11:00:00	178820	178960	177615	178455	1067839	3318179	5
2026.03.20	12:00:00	178450	179145	178185	178295	710427	2157040	5
2026.03.20	13:00:00	178290	178610	177755	178015	535205	1581396	5
2026.03.20	14:00:00	178015	178130	177255	177705	637174	1968835	5
2026.03.20	15:00:00	177705	177895	176410	176805	679368	2121474	5
2026.03.20	16:00:00	176800	177335	176385	177195	569661	1848747	5
2026.03.20	17:00:00	177190	178175	177040	178075	280207	891672	5
2026.03.20	18:00:00	178075	180250	177740	180250	102694	272030	5
2026.03.23	09:00:00	179805	180860	177950	180670	1694458	3927448	5
2026.03.23	10:00:00	180670	182785	180020	182775	1623029	4210007	5
2026.03.23	11:00:00	182770	184300	182725	183970	1162607	3370526	5
2026.03.23	12:00:00	183970	184415	182680	182745	839074	2534567	5
2026.03.23	13:00:00	182750	183435	182330	182980	732872	2250921	5
2026.03.23	14:00:00	182985	183985	182760	183530	621555	2019006	5
2026.03.23	15:00:00	183535	184600	182615	184170	699487	2234169	5
2026.03.23	16:00:00	184175	184265	183535	183755	500597	1673950	5
2026.03.23	17:00:00	183760	184385	183450	184185	324121	1013110	5
2026.03.23	18:00:00	184185	184295	183850	184200	83294	199530	5
2026.03.24	09:00:00	183500	183700	182275	182455	1201374	3328300	5
2026.03.24	10:00:00	182455	182690	181145	182305	1367889	4022805	5
2026.03.24	11:00:00	182310	183895	182210	183205	1308733	3989166	5
2026.03.24	12:00:00	183210	184050	183105	183270	720225	2056490	5
2026.03.24	13:00:00	183275	183530	182905	183085	532257	1713733	5
2026.03.24	14:00:00	183085	183185	182195	182940	807335	2604052	5
2026.03.24	15:00:00	182935	183685	182720	183365	650132	2081724	5
2026.03.24	16:00:00	183365	184080	183365	183820	451858	1537919	5
2026.03.24	17:00:00	183820	186780	183795	185565	586268	1738183	5
2026.03.24	18:00:00	185565	186060	185420	185665	69673	168098	5
2026.03.25	09:00:00	186880	187505	185450	186330	1300856	3473261	5
2026.03.25	10:00:00	186330	187215	185470	186315	1389700	4123646	5
2026.03.25	11:00:00	186315	187810	185920	187300	1036368	3200017	5
2026.03.25	12:00:00	187295	187370	185985	186855	712415	2232281	5
2026.03.25	13:00:00	186855	187245	186200	186855	581809	1857604	5
2026.03.25	14:00:00	186855	187430	186565	186915	555906	1885306	5
2026.03.25	15:00:00	186920	187595	186260	186775	566703	1917315	5
2026.03.25	16:00:00	186775	186885	186235	186855	499945	1610021	5
2026.03.25	17:00:00	186855	187205	186630	186960	298492	978929	5
2026.03.25	18:00:00	186960	186975	186500	186850	76062	202866	5
2026.03.26	09:00:00	184895	185355	183905	184565	1157570	3014380	5
2026.03.26	10:00:00	184565	186025	184465	185715	1369742	3991915	5
2026.03.26	11:00:00	185720	186320	184585	185490	1127060	3351253	5
2026.03.26	12:00:00	185490	185650	185070	185450	663059	2020245	5
2026.03.26	13:00:00	185450	185480	184205	184630	526374	1631201	5
2026.03.26	14:00:00	184630	184865	183830	183960	541833	1707065	5
2026.03.26	15:00:00	183965	184550	183870	184520	440955	1363389	5
2026.03.26	16:00:00	184525	184550	183725	183750	463294	1552259	5
2026.03.26	17:00:00	183745	185960	183735	184295	538336	1398651	5
2026.03.26	18:00:00	184295	184475	184155	184335	43611	121151	5
2026.03.27	09:00:00	183300	183875	182675	183340	1023222	2785802	5
2026.03.27	10:00:00	183340	183520	182245	182880	1224119	3575104	5
2026.03.27	11:00:00	182885	184000	182775	183910	876139	2671758	5
2026.03.27	12:00:00	183910	184650	183785	183880	684762	2200685	5
2026.03.27	13:00:00	183885	183990	183245	183415	456981	1542788	5
2026.03.27	14:00:00	183415	183455	182525	182600	490368	1558549	5
2026.03.27	15:00:00	182600	182720	182215	182515	415586	1372045	5
2026.03.27	16:00:00	182510	182610	182010	182420	395673	1381024	5
2026.03.27	17:00:00	182415	182790	182065	182350	247476	785674	5
2026.03.27	18:00:00	182350	182410	182010	182115	43427	139100	5
2026.03.30	09:00:00	182895	184260	181935	184170	843123	2484716	5
2026.03.30	10:00:00	184165	184970	183355	183590	1190357	3650406	5
2026.03.30	11:00:00	183600	185125	183590	185050	1030844	3027880	5
2026.03.30	12:00:00	185055	185485	184565	185200	642490	1983749	5
2026.03.30	13:00:00	185200	185235	184315	184430	478510	1553463	5
2026.03.30	14:00:00	184425	184625	183390	183740	615875	2019161	5
2026.03.30	15:00:00	183735	183895	183125	183265	489304	1590833	5
2026.03.30	16:00:00	183265	183700	182795	183610	518204	1738574	5
2026.03.30	17:00:00	183605	183830	183285	183615	239335	767480	5
2026.03.30	18:00:00	183620	183690	183215	183280	59996	164308	5
2026.03.31	09:00:00	184900	187030	184660	186420	1278036	3378073	5
2026.03.31	10:00:00	186420	187415	185870	187120	1298108	3808525	5
2026.03.31	11:00:00	187105	187455	185295	185395	966732	2947033	5
2026.03.31	12:00:00	185395	186640	185395	186135	677036	2162348	5
2026.03.31	13:00:00	186135	188320	186035	187850	894927	2592960	5
2026.03.31	14:00:00	187845	188460	187625	187725	756763	2213813	5
2026.03.31	15:00:00	187725	188545	187700	188220	521920	1647338	5
2026.03.31	16:00:00	188225	188660	187860	188615	414377	1408641	5
2026.03.31	17:00:00	188610	188960	188380	188610	220135	779741	5
2026.03.31	18:00:00	188610	189130	188345	188885	74961	195928	5
2026.04.01	09:00:00	189825	190255	189060	189185	1317756	3275859	5
2026.04.01	10:00:00	189190	189925	188750	189060	1346576	3737838	5
2026.04.01	11:00:00	189060	189325	188060	189295	1062237	3312923	5
2026.04.01	12:00:00	189290	189830	188980	189420	657326	2178455	5
2026.04.01	13:00:00	189420	189965	189060	189790	535434	1810619	5
2026.04.01	14:00:00	189790	190080	189385	189455	432724	1517395	5
2026.04.01	15:00:00	189460	189540	188450	188655	632067	2226082	5
2026.04.01	16:00:00	188655	189320	188370	188805	525267	1836481	5
2026.04.01	17:00:00	188805	188950	188540	188710	227417	763207	5
2026.04.01	18:00:00	188715	189000	188635	188800	61234	160721	5
2026.04.02	09:00:00	186110	186610	185360	185780	1158231	3220220	5
2026.04.02	10:00:00	185775	187845	185330	187655	1296753	3984051	5
2026.04.02	11:00:00	187650	189660	187480	188950	1199148	3656406	5
2026.04.02	12:00:00	188950	190105	188715	188890	712326	2129816	5
2026.04.02	13:00:00	188895	189060	188055	188290	527892	1622476	5
2026.04.02	14:00:00	188295	188645	187825	188125	441677	1436819	5
2026.04.02	15:00:00	188125	188645	187915	188440	385018	1272208	5
2026.04.02	16:00:00	188440	188935	188325	188710	402525	1338118	5
2026.04.02	17:00:00	188710	188860	188415	188485	177381	546960	5
2026.04.02	18:00:00	188485	188660	188350	188660	48602	153858	5
2026.04.06	09:00:00	189200	189905	188870	189305	873892	2204790	5
2026.04.06	10:00:00	189305	189990	188350	189570	1378880	3633763	5
2026.04.06	11:00:00	189570	189900	188630	188940	780663	1876594	5
2026.04.06	12:00:00	188940	189315	188475	189065	563052	1633117	5
2026.04.06	13:00:00	189065	189380	188800	189020	398031	1280989	5
2026.04.06	14:00:00	189020	189070	188475	188615	518702	1692494	5
2026.04.06	15:00:00	188610	189150	188395	188915	497574	1569976	5
2026.04.06	16:00:00	188920	189185	188715	189040	322675	1095861	5
2026.04.06	17:00:00	189035	189075	188750	188845	182470	618017	5
2026.04.06	18:00:00	188850	188980	188710	188795	47083	131968	5
2026.04.07	09:00:00	188160	188850	187185	187655	1239111	3191909	5
2026.04.07	10:00:00	187660	188280	186515	186760	1247665	3357484	5
2026.04.07	11:00:00	186765	188150	186335	187395	1019663	2924475	5
2026.04.07	12:00:00	187400	187715	186730	187565	598886	1847118	5
2026.04.07	13:00:00	187560	188090	187450	187800	504808	1606881	5
2026.04.07	14:00:00	187795	188535	187735	188020	508807	1690865	5
2026.04.07	15:00:00	188015	188175	187165	187400	402685	1351176	5
2026.04.07	16:00:00	187400	188835	187170	188710	706242	2228368	5
2026.04.07	17:00:00	188715	189480	188660	189280	353099	1083231	5
2026.04.07	18:00:00	189285	189530	189070	189260	89298	213613	5
2026.04.08	09:00:00	194135	194955	193440	194795	1326335	3461572	5
2026.04.08	10:00:00	194795	195430	192055	192170	1584797	4689123	5
2026.04.08	11:00:00	192170	192700	191570	192015	1080590	3438045	5
2026.04.08	12:00:00	192015	192800	191955	192700	580423	1997831	5
2026.04.08	13:00:00	192700	193215	192285	193120	453561	1658091	5
2026.04.08	14:00:00	193115	193380	192670	192980	486792	1771196	5
2026.04.08	15:00:00	192985	193260	192235	192285	540836	1936632	5
2026.04.08	16:00:00	192280	193090	192130	192895	431656	1568519	5
2026.04.08	17:00:00	192895	193155	192710	192955	222199	772238	5
2026.04.08	18:00:00	192960	193000	192400	192400	57453	152858	5
2026.04.09	09:00:00	192085	193865	192080	193800	1100289	3095928	5
2026.04.09	10:00:00	193800	195110	193345	194695	1275976	3946254	5
2026.04.09	11:00:00	194690	194955	193920	194700	866766	2833367	5
2026.04.09	12:00:00	194695	195925	194320	195405	757599	2528424	5
2026.04.09	13:00:00	195410	195600	195140	195415	412102	1447758	5
2026.04.09	14:00:00	195415	195995	195330	195675	435197	1623805	5
2026.04.09	15:00:00	195680	195740	195170	195555	446367	1663076	5
2026.04.09	16:00:00	195555	195995	195455	195730	408069	1552665	5
2026.04.09	17:00:00	195725	195975	195605	195905	182180	630954	5
2026.04.09	18:00:00	195905	196150	195825	196150	86705	223200	5
2026.04.10	09:00:00	195925	196490	195510	196330	1105853	3020630	5
2026.04.10	10:00:00	196325	197900	196205	197860	1242936	3853070	5
2026.04.10	11:00:00	197860	197975	196975	197080	841717	2889038	5
2026.04.10	12:00:00	197075	197585	196605	196760	602677	2055419	5
2026.04.10	13:00:00	196755	197115	196600	196855	366481	1297375	5
2026.04.10	14:00:00	196855	196965	196530	196920	330925	1198804	5
2026.04.10	15:00:00	196915	197565	196640	197145	407347	1504018	5
2026.04.10	16:00:00	197150	197650	197140	197545	284281	1067459	5
2026.04.10	17:00:00	197545	197925	197380	197835	178995	617207	5
2026.04.10	18:00:00	197835	198580	197680	198580	69526	195704	5
2026.04.13	09:00:00	196855	197220	196295	196755	769794	2259594	5
2026.04.13	10:00:00	196750	197405	196435	196925	1234085	3775777	5
2026.04.13	11:00:00	196920	197170	196710	196885	734088	2361460	5
2026.04.13	12:00:00	196885	196900	196380	196840	482742	1665504	5
2026.04.13	13:00:00	196835	197655	196810	197405	693280	2455029	5
2026.04.13	14:00:00	197405	198235	197350	198165	496848	1750982	5
2026.04.13	15:00:00	198165	198355	197850	198200	408887	1599589	5
2026.04.13	16:00:00	198200	198465	198045	198335	339395	1375827	5
2026.04.13	17:00:00	198335	198405	197950	198175	203631	728764	5
2026.04.13	18:00:00	198175	198240	197915	197915	64059	171603	5
2026.04.14	09:00:00	198655	199200	198105	198725	925122	2691630	5
2026.04.14	10:00:00	198720	199415	198170	199305	1175274	3596513	5
2026.04.14	11:00:00	199310	199570	198810	198835	722579	2388685	5
2026.04.14	12:00:00	198835	199035	198410	198580	521670	1787372	5
2026.04.14	13:00:00	198580	198875	198450	198750	345926	1250798	5
2026.04.14	14:00:00	198755	199165	198670	198780	372934	1350344	5
2026.04.14	15:00:00	198780	198945	198450	198715	322056	1194031	5
2026.04.14	16:00:00	198715	199160	198715	199025	316149	1154017	5
2026.04.14	17:00:00	199025	199065	198555	198685	174544	553690	5
2026.04.14	18:00:00	198685	198770	198470	198470	44231	121591	5
2026.04.15	09:00:00	202885	203005	201860	202235	792360	2262453	5
2026.04.15	10:00:00	202235	203495	201870	202630	1197589	3655558	5
2026.04.15	11:00:00	202635	202770	201635	201900	659715	2096819	5
2026.04.15	12:00:00	201900	202195	201515	201655	411380	1359690	5
2026.04.15	13:00:00	201655	201800	201210	201445	318546	1138256	5
2026.04.15	14:00:00	201450	201750	201350	201670	299963	1128133	5
2026.04.15	15:00:00	201670	202500	201475	202275	382476	1451121	5
2026.04.15	16:00:00	202275	202320	201605	201810	306942	1189361	5
2026.04.15	17:00:00	201810	202000	201715	201815	167207	622194	5
2026.04.15	18:00:00	201820	201930	201720	201720	33135	117599	5
2026.04.16	09:00:00	202065	202975	202005	202785	911831	2770958	5
2026.04.16	10:00:00	202785	202835	201360	201545	1286918	3915190	5
2026.04.16	11:00:00	201545	201770	200640	200805	795114	2685287	5
2026.04.16	12:00:00	200800	201560	200785	201480	520285	1808147	5
2026.04.16	13:00:00	201485	201655	200885	201140	369872	1361580	5
2026.04.16	14:00:00	201140	201175	200600	200765	333831	1225184	5
2026.04.16	15:00:00	200760	201075	200535	200660	353439	1315764	5
2026.04.16	16:00:00	200660	201025	200640	200930	277843	1004354	5
2026.04.16	17:00:00	200930	201140	200820	200930	136661	476334	5
2026.04.16	18:00:00	200925	200970	200705	200750	36399	122532	5
2026.04.17	09:00:00	201525	203195	201165	202955	1085265	3117587	5
2026.04.17	10:00:00	202960	203470	201270	201745	1301169	4040178	5
2026.04.17	11:00:00	201745	201765	199565	200130	931935	3212450	5
2026.04.17	12:00:00	200130	200550	199780	200270	527772	1832059	5
2026.04.17	13:00:00	200265	200590	200075	200490	311417	1178525	5
2026.04.17	14:00:00	200485	200620	200115	200485	363709	1406242	5
2026.04.17	15:00:00	200485	200505	199345	199770	376724	1474067	5
2026.04.17	16:00:00	199765	199985	199580	199605	291083	1182487	5
2026.04.17	17:00:00	199605	200220	199600	199910	194441	719995	5
2026.04.17	18:00:00	199910	199960	199500	199650	56422	168340	5
2026.04.20	09:00:00	199660	200300	199290	200180	761754	2219128	5
2026.04.20	10:00:00	200180	200745	199490	199830	1153151	3559148	5
2026.04.20	11:00:00	199830	200580	199175	200210	846621	2773336	5
2026.04.20	12:00:00	200215	200740	199940	200655	466937	1560938	5
2026.04.20	13:00:00	200655	200785	200255	200275	300086	1069008	5
2026.04.20	14:00:00	200270	200455	199885	200055	312015	1150983	5
2026.04.20	15:00:00	200055	200385	200000	200095	284520	1041869	5
2026.04.20	16:00:00	200090	200345	199930	200280	256330	992914	5
2026.04.20	17:00:00	200280	200305	200040	200135	119609	439597	5
2026.04.20	18:00:00	200135	200430	200115	200430	27591	103054	5
2026.04.22	09:00:00	200550	200660	198590	198950	1150895	3386834	5
2026.04.22	10:00:00	198950	199765	198000	198610	1242469	3954554	5
2026.04.22	11:00:00	198615	198865	197020	197470	874829	2902301	5
2026.04.22	12:00:00	197465	197530	196990	197410	409889	1494473	5
2026.04.22	13:00:00	197410	197510	196540	196745	440975	1644075	5
2026.04.22	14:00:00	196745	197065	196580	196740	368113	1361334	5
2026.04.22	15:00:00	196735	196960	196575	196690	256424	982224	5
2026.04.22	16:00:00	196690	196765	196365	196605	335728	1307369	5
2026.04.22	17:00:00	196605	196705	196430	196490	147521	524335	5
2026.04.22	18:00:00	196490	196515	196120	196135	90958	229750	5
2026.04.23	09:00:00	196275	196630	195965	196385	830996	2343946	5
2026.04.23	10:00:00	196385	197040	195620	196160	1159873	3702777	5
2026.04.23	11:00:00	196160	196480	195780	195975	734938	2461457	5
2026.04.23	12:00:00	195980	196310	195640	195740	503355	1777778	5
2026.04.23	13:00:00	195740	196420	195420	196200	422254	1588362	5
2026.04.23	14:00:00	196200	196250	194425	195515	1025691	3667441	5
2026.04.23	15:00:00	195515	195930	195425	195575	469428	1707131	5
2026.04.23	16:00:00	195570	195620	194905	195155	367368	1403910	5
2026.04.23	17:00:00	195155	195185	194740	194870	157502	547309	5
2026.04.23	18:00:00	194875	194875	194520	194520	65162	166006	5
2026.04.24	09:00:00	195330	195430	194135	194640	836931	2576098	5
2026.04.24	10:00:00	194645	195025	193550	194655	1142029	3787989	5
2026.04.24	11:00:00	194660	194675	193440	193775	767459	2673810	5
2026.04.24	12:00:00	193775	194250	193520	194045	512697	1837821	5
2026.04.24	13:00:00	194045	194065	193430	193690	348239	1265117	5
2026.04.24	14:00:00	193690	194065	193485	193860	313394	1164406	5
2026.04.24	15:00:00	193855	194240	193630	194195	308196	1132912	5
2026.04.24	16:00:00	194195	194295	193845	194165	293656	1112743	5
2026.04.24	17:00:00	194160	194440	194110	194350	159598	570084	5
2026.04.24	18:00:00	194345	194565	194320	194355	40593	129014	5
2026.04.27	09:00:00	194760	195245	194315	194485	850292	2419111	5
2026.04.27	10:00:00	194485	194800	193835	194435	1176016	3849852	5
2026.04.27	11:00:00	194435	194725	193440	193515	712725	2458633	5
2026.04.27	12:00:00	193520	193850	193335	193815	457905	1654014	5
2026.04.27	13:00:00	193815	193825	193250	193370	324384	1213352	5
2026.04.27	14:00:00	193370	193715	193085	193595	363298	1407925	5
2026.04.27	15:00:00	193595	193760	193310	193360	279301	1066069	5
2026.04.27	16:00:00	193360	193450	192930	192965	301228	1178900	5
2026.04.27	17:00:00	192970	193025	192745	192790	151435	563358	5
2026.04.27	18:00:00	192790	192845	192600	192755	46732	139900	5
2026.04.28	09:00:00	192075	192195	191210	191455	918579	2741986	5
2026.04.28	10:00:00	191455	191915	190550	191450	1162414	3790106	5
2026.04.28	11:00:00	191445	191790	190640	191085	851082	2958286	5
2026.04.28	12:00:00	191080	191860	191065	191815	484525	1839520	5
2026.04.28	13:00:00	191820	192095	191635	191990	316755	1218353	5
2026.04.28	14:00:00	191990	192310	191735	192070	331493	1303623	5
2026.04.28	15:00:00	192070	192180	191745	191800	311698	1293702	5
2026.04.28	16:00:00	191800	192005	191670	191820	254044	1037423	5
2026.04.28	17:00:00	191825	191960	191765	191895	126558	508213	5
2026.04.28	18:00:00	191895	191940	191645	191890	56264	181786	5
2026.04.29	09:00:00	191670	191695	190640	190705	802652	2299512	5
2026.04.29	10:00:00	190705	190800	189480	189555	1049214	3538601	5
2026.04.29	11:00:00	189560	189940	189300	189930	596668	2201664	5
2026.04.29	12:00:00	189930	189985	188685	188925	579017	2257521	5
2026.04.29	13:00:00	188925	189155	188755	188870	309533	1246072	5
2026.04.29	14:00:00	188870	188950	188510	188775	300744	1161759	5
2026.04.29	15:00:00	188775	188805	187880	188210	562675	2015962	5
2026.04.29	16:00:00	188205	188265	187495	187720	358797	1447518	5
2026.04.29	17:00:00	187725	187905	187200	187260	232214	924047	5
2026.04.29	18:00:00	187255	187265	186865	186900	57436	197842	5
2026.04.30	09:00:00	188500	189225	188305	188910	757387	2295935	5
2026.04.30	10:00:00	188905	189990	188810	189865	1010912	3276322	5
2026.04.30	11:00:00	189860	190310	189315	190010	770512	2768130	5
2026.04.30	12:00:00	190010	190350	189805	190180	395420	1466203	5
2026.04.30	13:00:00	190185	190325	189870	190130	312937	1177911	5
2026.04.30	14:00:00	190130	190535	190120	190365	288689	1142786	5
2026.04.30	15:00:00	190370	190775	190360	190690	232548	985457	5
2026.04.30	16:00:00	190685	191035	190670	190715	274552	1185761	5
2026.04.30	17:00:00	190720	190780	190100	190135	199599	820478	5
2026.04.30	18:00:00	190130	190215	189960	189980	36257	137153	5
2026.05.04	09:00:00	189490	190870	189490	190285	845484	2822334	5
2026.05.04	10:00:00	190280	190700	189685	189930	1060500	3417210	5
2026.05.04	11:00:00	189930	190440	189545	189630	701806	2543265	5
2026.05.04	12:00:00	189630	189975	188760	189030	642627	2525106	5
2026.05.04	13:00:00	189025	189175	188415	188485	439266	1755866	5
2026.05.04	14:00:00	188490	188895	188395	188610	321842	1311851	5
2026.05.04	15:00:00	188605	188815	188390	188620	311423	1295090	5
2026.05.04	16:00:00	188615	188790	188355	188380	269252	1167391	5
2026.05.04	17:00:00	188380	188485	188195	188355	135316	541272	5
2026.05.04	18:00:00	188350	188580	188335	188580	61057	175682	5
2026.05.05	09:00:00	189525	189600	188040	188155	913587	2722277	5
2026.05.05	10:00:00	188155	189375	188080	189010	1295584	4306001	5
2026.05.05	11:00:00	189010	189450	188600	189335	774566	2661751	5
2026.05.05	12:00:00	189340	190225	189065	190150	493056	1841520	5
2026.05.05	13:00:00	190155	190245	189320	189370	314983	1257664	5
2026.05.05	14:00:00	189370	189495	189040	189315	347499	1488763	5
2026.05.05	15:00:00	189315	189730	189275	189660	304282	1263766	5
2026.05.05	16:00:00	189655	189725	189300	189350	250091	1039062	5
2026.05.05	17:00:00	189360	189650	189340	189465	147071	540793	5
2026.05.05	18:00:00	189465	189615	189345	189400	55894	151154	5
2026.05.06	09:00:00	191440	192560	191000	191390	1146629	3438302	5
2026.05.06	10:00:00	191390	191530	190145	190200	1256432	4247420	5
2026.05.06	11:00:00	190195	191130	189635	190485	881732	3180161	5
2026.05.06	12:00:00	190490	190940	190195	190710	488795	1692554	5
2026.05.06	13:00:00	190710	191115	190440	190540	396925	1462678	5
2026.05.06	14:00:00	190545	191010	190145	190305	360041	1368312	5
2026.05.06	15:00:00	190300	190740	190230	190715	288349	1073529	5
2026.05.06	16:00:00	190720	191010	190435	190590	334978	1399342	5
2026.05.06	17:00:00	190590	190660	189870	190000	188877	732925	5
2026.05.06	18:00:00	190000	190080	189955	190000	37743	119480	5
2026.05.07	09:00:00	190300	190575	189200	189625	984626	3008115	5
2026.05.07	10:00:00	189625	189685	186430	186590	1489175	4753279	5
2026.05.07	11:00:00	186585	187045	186280	186950	718418	2575737	5
2026.05.07	12:00:00	186950	187230	186360	186490	527114	1999450	5
2026.05.07	13:00:00	186485	186765	186160	186250	402894	1560604	5
2026.05.07	14:00:00	186250	186440	185430	186145	585198	2240794	5
2026.05.07	15:00:00	186145	186380	185815	186065	440353	1653809	5
2026.05.07	16:00:00	186060	186115	185385	185605	348244	1327318	5
2026.05.07	17:00:00	185605	185840	185360	185495	215482	725988	5
2026.05.07	18:00:00	185500	185525	185180	185260	63741	174863	5
2026.05.08	09:00:00	186000	187850	185800	187730	1016322	3089496	5
2026.05.08	10:00:00	187730	188255	187210	187595	1237617	4024618	5
2026.05.08	11:00:00	187595	188065	187035	187590	796369	2730148	5
2026.05.08	12:00:00	187590	187650	187005	187105	467692	1602588	5
2026.05.08	13:00:00	187100	187515	187090	187140	320582	1178713	5
2026.05.08	14:00:00	187145	187320	186890	187080	302105	1131323	5
2026.05.08	15:00:00	187085	187485	187005	187175	311292	1171726	5
2026.05.08	16:00:00	187180	187305	186700	186925	263224	1048136	5
2026.05.08	17:00:00	186925	187130	186635	186995	151666	612569	5
2026.05.08	18:00:00	187000	187190	186855	187190	51364	157064	5
2026.05.11	09:00:00	187400	187400	185670	185920	930866	2725455	5
2026.05.11	10:00:00	185920	186955	185460	185655	1380844	4379078	5
2026.05.11	11:00:00	185650	185755	184840	184965	858748	3043938	5
2026.05.11	12:00:00	184965	185055	184525	184655	473450	1698064	5
2026.05.11	13:00:00	184655	184660	184040	184495	418282	1586575	5
2026.05.11	14:00:00	184490	184610	184180	184395	339616	1322414	5
2026.05.11	15:00:00	184400	184675	184205	184445	321739	1251885	5
2026.05.11	16:00:00	184450	184475	183940	184365	350069	1395786	5
2026.05.11	17:00:00	184370	184450	184165	184365	146567	515068	5
2026.05.11	18:00:00	184365	184965	184310	184600	71899	208545	5
2026.05.12	09:00:00	183800	183935	183115	183545	937493	2716121	5
2026.05.12	10:00:00	183540	184090	182520	183470	1392565	4402103	5
2026.05.12	11:00:00	183470	183645	182205	182480	883798	2972953	5
2026.05.12	12:00:00	182480	182880	182145	182445	470547	1705517	5
2026.05.12	13:00:00	182445	182600	182160	182330	338055	1308412	5
2026.05.12	14:00:00	182330	182775	182280	182350	364481	1385406	5
2026.05.12	15:00:00	182350	182965	182170	182670	371947	1463048	5
2026.05.12	16:00:00	182665	183185	182660	182775	360901	1456312	5
2026.05.12	17:00:00	182775	182880	182585	182855	133393	503560	5
2026.05.12	18:00:00	182855	182960	182700	182770	54822	151815	5
2026.05.13	09:00:00	182750	182900	181560	182075	832948	2498825	5
2026.05.13	10:00:00	182075	182440	180825	181955	1184932	3939597	5
2026.05.13	11:00:00	181950	182565	181805	182350	660009	2268332	5
2026.05.13	12:00:00	182350	182560	182155	182465	371709	1407471	5
2026.05.13	13:00:00	182465	182740	182080	182105	364969	1437402	5
2026.05.13	14:00:00	182105	182125	180385	180575	511041	2094015	5
2026.05.13	15:00:00	180575	180860	178790	179595	955125	3170982	5
2026.05.13	16:00:00	179590	179670	178890	179170	416516	1438179	5
2026.05.13	17:00:00	179170	179350	178845	179230	218367	743911	5
2026.05.13	18:00:00	179225	179260	178935	179105	49170	144668	5
2026.05.14	09:00:00	179055	180785	179055	180680	865548	2581187	5
2026.05.14	10:00:00	180675	180865	179705	180105	1175378	3782584	5
2026.05.14	11:00:00	180105	181110	180035	180960	790598	2739140	5
2026.05.14	12:00:00	180965	181185	180845	181070	375599	1451887	5
2026.05.14	13:00:00	181070	181220	180725	181020	345602	1338791	5
2026.05.14	14:00:00	181025	181550	181000	181125	386862	1456104	5
2026.05.14	15:00:00	181120	181135	180435	180550	377431	1472250	5
2026.05.14	16:00:00	180555	180815	180375	180490	305994	1240918	5
2026.05.14	17:00:00	180485	180745	180385	180635	145535	525760	5
2026.05.14	18:00:00	180645	180720	180510	180675	49649	140745	5
2026.05.15	09:00:00	179000	179270	177460	177505	1027687	3021443	5
2026.05.15	10:00:00	177510	178150	177220	177825	1051352	3441055	5
2026.05.15	11:00:00	177825	178935	177530	178105	850804	2917653	5
2026.05.15	12:00:00	178100	178690	178095	178475	436769	1574753	5
2026.05.15	13:00:00	178470	178960	178335	178725	333796	1227213	5
2026.05.15	14:00:00	178725	179025	178615	178955	323121	1190901	5
2026.05.15	15:00:00	178960	179135	178335	178615	422317	1593668	5
2026.05.15	16:00:00	178610	179405	178440	179280	360680	1339874	5
2026.05.15	17:00:00	179275	179305	178840	179210	193734	677395	5
2026.05.15	18:00:00	179210	179425	179055	179360	32185	113366	5
2026.05.18	09:00:00	179000	179550	178050	178395	1055788	2975656	5
2026.05.18	10:00:00	178400	178955	177845	178705	1109191	3636562	5
2026.05.18	11:00:00	178700	178785	177830	178490	727868	2486633	5
2026.05.18	12:00:00	178490	178920	178210	178740	462537	1678020	5
2026.05.18	13:00:00	178740	178920	178400	178725	359937	1307284	5
2026.05.18	14:00:00	178730	178780	178220	178270	300207	1122095	5
2026.05.18	15:00:00	178270	178280	177580	177710	418654	1663362	5
2026.05.18	16:00:00	177710	179190	177660	179165	553405	2035489	5
2026.05.18	17:00:00	179165	179310	178890	179220	203100	718018	5
2026.05.18	18:00:00	179225	179530	179185	179530	56335	160246	5
2026.05.19	09:00:00	178560	178700	176425	176530	955560	3187301	5
2026.05.19	10:00:00	176535	177280	175200	177155	1278007	4677361	5
2026.05.19	11:00:00	177160	177720	176130	176380	915945	3293538	5
2026.05.19	12:00:00	176385	176655	176040	176275	503834	1872603	5
2026.05.19	13:00:00	176275	177085	175945	176960	494369	1883722	5
2026.05.19	14:00:00	176965	177020	176390	176460	397561	1512011	5
2026.05.19	15:00:00	176460	176500	175775	175900	417601	1566359	5
2026.05.19	16:00:00	175895	175930	175485	175685	351519	1384091	5
2026.05.19	17:00:00	175685	176230	175650	176195	186274	688515	5
2026.05.19	18:00:00	176190	176555	176175	176465	62401	186607	5
2026.05.20	09:00:00	176465	177520	176180	176800	801187	2275699	5
2026.05.20	10:00:00	176800	179095	176705	178920	1137934	4026724	5
2026.05.20	11:00:00	178925	179315	177830	178670	919651	3277859	5
2026.05.20	12:00:00	178675	179665	178600	179025	588492	2164198	5
2026.05.20	13:00:00	179025	179765	178985	179695	365129	1380622	5
2026.05.20	14:00:00	179700	179945	179410	179480	317791	1271778	5
2026.05.20	15:00:00	179475	179835	179355	179705	260132	1081858	5
2026.05.20	16:00:00	179700	179890	179215	179305	277962	1164390	5
2026.05.20	17:00:00	179300	179305	178745	178805	184626	725216	5
2026.05.20	18:00:00	178805	178890	178455	178650	53699	165498	5
2026.05.21	09:00:00	178060	178855	177415	177865	915982	2754979	5
2026.05.21	10:00:00	177860	178810	177305	178345	1055018	3709580	5
2026.05.21	11:00:00	178345	178430	177625	178045	656816	2327382	5
2026.05.21	12:00:00	178040	178420	177825	178240	394690	1495101	5
2026.05.21	13:00:00	178235	178595	178210	178425	297433	1136951	5
2026.05.21	14:00:00	178425	180355	178425	179665	767493	3010642	5
2026.05.21	15:00:00	179670	179785	178675	178830	436038	1721927	5
2026.05.21	16:00:00	178835	179495	178825	179375	323109	1242655	5
2026.05.21	17:00:00	179370	179380	178905	179105	151922	589187	5
2026.05.21	18:00:00	179110	179140	178700	178700	73805	207282	5
2026.05.22	09:00:00	178495	178910	177675	178015	340716	2733853	0
2026.05.22	10:00:00	178020	178205	177365	178015	388886	3528649	0
2026.05.22	11:00:00	178015	178025	176400	176420	288186	2591806	0
2026.05.22	12:00:00	176415	177165	176310	177030	166641	1502337	0
2026.05.22	13:00:00	177035	177505	176990	177450	128352	1127703	0
2026.05.22	14:00:00	177450	178240	177390	177850	163428	1613925	0
2026.05.22	15:00:00	177850	177975	177620	177885	98010	951494	0
2026.05.22	16:00:00	177880	178030	177530	177675	103185	1027926	0
2026.05.22	17:00:00	177680	178020	177580	177760	63664	537382	0
2026.05.22	18:00:00	177765	177915	177715	177745	15398	129655	0
